schema_version,evidence_class,measurement_warning,stratum,setting_id,cluster_id,seed,requests,throughput_tokens_per_s,p95_tbt_ms,request_slo_miss_rate,target_launches_per_request,mean_batch,draft_launches_per_request,cache_hit_rate,restricted_next_ready_delay_ms,next_round_unready_rate,mean_ttft_ms,ready_within_5ms_rate,remote_attempts_per_request,cache_evictions_per_request,trace_payload_sha256
1,synthetic-cpu-decoder-model,SYNTHETIC CPU MODEL / NOT A GPU MEASUREMENT,decoder-policy,decoder/controller-max-wait/lower,seed-0000,0,48,2980.0749064705287,14.28400000000002,0.47916666666666663,1.5416666666666667,4.135135135135135,2.3333333333333335,,,,,,,,5cd1e02d79445c95dd5d679bdd8637e96042882c43ffc7cd407ddf40c1a4915e
1,synthetic-cpu-decoder-model,SYNTHETIC CPU MODEL / NOT A GPU MEASUREMENT,decoder-policy,decoder/controller-max-wait/lower,seed-0001,1,48,2903.118323135668,14.336200000000032,0.5208333333333333,1.6458333333333333,3.962025316455696,2.5208333333333335,,,,,,,,e5654cb4d60d2eaa6cca246b3a27238907a3803de5d3e93aa07d5a756026de46
1,synthetic-cpu-decoder-model,SYNTHETIC CPU MODEL / NOT A GPU MEASUREMENT,decoder-policy,decoder/controller-max-wait/lower,seed-0002,2,48,2971.3096595815327,12.16764999999989,0.45833333333333337,1.5625,4.213333333333333,2.2083333333333335,,,,,,,,91e7625aebdcd54c0836468ec0c523f899ceb68b8c4111a6b2e0c8b37708ed50
1,synthetic-cpu-decoder-model,SYNTHETIC CPU MODEL / NOT A GPU MEASUREMENT,decoder-policy,decoder/controller-max-wait/lower,seed-0003,3,48,2926.1414297308183,12.873624999999986,0.5,1.6041666666666667,4.181818181818182,2.4375,,,,,,,,bd114b72d95ebdfc9ff08b06e18d521eefd557609035d58d0614791a2f77d346
1,synthetic-cpu-decoder-model,SYNTHETIC CPU MODEL / NOT A GPU MEASUREMENT,decoder-policy,decoder/controller-max-wait/lower,seed-0004,4,48,2936.710025248817,13.996000000000038,0.45833333333333337,1.4583333333333333,4.414285714285715,2.1875,,,,,,,,09f125e351ad7fd0df2d69ad96c0889ececbdf593677d0c2dae0c97c4d00c3b3
1,synthetic-cpu-decoder-model,SYNTHETIC CPU MODEL / NOT A GPU MEASUREMENT,decoder-policy,decoder/controller-max-wait/lower,seed-0005,5,48,2885.9095306900026,13.633000000000038,0.5,1.625,4.1923076923076925,2.4375,,,,,,,,82d2d9ef73ebc49c45d2760faa7f3736b390384bfe5de675b50eeadd94a50a58
1,synthetic-cpu-decoder-model,SYNTHETIC CPU MODEL / NOT A GPU MEASUREMENT,decoder-policy,decoder/controller-max-wait/lower,seed-0006,6,48,2940.399502721953,14.427999999999997,0.5416666666666667,1.4791666666666667,4.352112676056338,2.1041666666666665,,,,,,,,e2763a9e6baf1519649c808a5638bb4505d2fb58aa76f8dcdfe2c5fb6373e69f
1,synthetic-cpu-decoder-model,SYNTHETIC CPU MODEL / NOT A GPU MEASUREMENT,decoder-policy,decoder/controller-max-wait/lower,seed-0007,7,48,2932.2839716392778,13.334499999999991,0.5,1.6666666666666667,3.975,2.5,,,,,,,,0560009be9838282952797518a768d035f8bfb18a9ef49f2e1ee88accb8bb445
1,synthetic-cpu-decoder-model,SYNTHETIC CPU MODEL / NOT A GPU MEASUREMENT,decoder-policy,decoder/controller-max-wait/lower,seed-0008,8,48,2941.5534005277777,14.260599999999984,0.45833333333333337,1.5625,4.1066666666666665,2.375,,,,,,,,1549bd7901907ac6224c61f20e294372a4974b00da22443446b71e2945e284aa
1,synthetic-cpu-decoder-model,SYNTHETIC CPU MODEL / NOT A GPU MEASUREMENT,decoder-policy,decoder/controller-max-wait/lower,seed-0009,9,48,2910.912575985984,14.025999999999984,0.5208333333333333,1.625,4.17948717948718,2.5208333333333335,,,,,,,,bf01604584706630fb0b11a263707208c965153ee4f1d62506d2aff1b9d6660d
1,synthetic-cpu-decoder-model,SYNTHETIC CPU MODEL / NOT A GPU MEASUREMENT,decoder-policy,decoder/controller-max-wait/lower,seed-0010,10,48,2891.416683854798,14.24799999999999,0.45833333333333337,1.6458333333333333,4.012658227848101,2.4166666666666665,,,,,,,,cec9bf3e2981a5c61cf39525f9b7756441ae5460e943c2e34b62ec1830f8ec51
1,synthetic-cpu-decoder-model,SYNTHETIC CPU MODEL / NOT A GPU MEASUREMENT,decoder-policy,decoder/controller-max-wait/lower,seed-0011,11,48,2927.5441784661375,14.140000000000043,0.4375,1.6666666666666667,4.1375,2.5,,,,,,,,88405210b5589499bdcf88e6428ec3482e8a967abf825092e78641a5f0611ffa
1,synthetic-cpu-decoder-model,SYNTHETIC CPU MODEL / NOT A GPU MEASUREMENT,decoder-policy,decoder/controller-max-wait/lower,seed-0012,12,48,2952.654101485808,14.427999999999997,0.5208333333333333,1.4791666666666667,4.408450704225352,2.2291666666666665,,,,,,,,2051d2180c41cc5f5940e526b6867dc2ce8b2245ee48f65ccba20818df4229bb
1,synthetic-cpu-decoder-model,SYNTHETIC CPU MODEL / NOT A GPU MEASUREMENT,decoder-policy,decoder/controller-max-wait/lower,seed-0013,13,48,2977.1567858437343,13.29849999999999,0.47916666666666663,1.5625,4.133333333333334,2.3333333333333335,,,,,,,,fe16a06e26c4c57f630bd148abad12ab2c16f8e0e0217784a0f940438ee731e7
1,synthetic-cpu-decoder-model,SYNTHETIC CPU MODEL / NOT A GPU MEASUREMENT,decoder-policy,decoder/controller-max-wait/lower,seed-0014,14,48,2920.422963330994,14.392000000000024,0.5,1.5625,4.24,2.375,,,,,,,,477a0253fde59bfe2d7670f5fea866353f4b157a6eac3a9310ad1f3bd9bc25b6
1,synthetic-cpu-decoder-model,SYNTHETIC CPU MODEL / NOT A GPU MEASUREMENT,decoder-policy,decoder/controller-max-wait/lower,seed-0015,15,48,2952.7461494309578,10.658500000000004,0.45833333333333337,1.5,4.333333333333333,2.2916666666666665,,,,,,,,8378d827659e5a9783168f11f1408ea14966145be9dbfc19f04dd52414bdb224
1,synthetic-cpu-decoder-model,SYNTHETIC CPU MODEL / NOT A GPU MEASUREMENT,decoder-policy,decoder/controller-max-wait/lower,seed-0016,16,48,2958.6448606581494,9.028999999999996,0.47916666666666663,1.6666666666666667,3.975,2.5833333333333335,,,,,,,,7ece95f6ab825de9867552b84e47e42f91754332ce45f2d71221a0c997a6d5c1
1,synthetic-cpu-decoder-model,SYNTHETIC CPU MODEL / NOT A GPU MEASUREMENT,decoder-policy,decoder/controller-max-wait/lower,seed-0017,17,48,2909.922236874858,14.463999999999999,0.5416666666666667,1.5833333333333333,4.276315789473684,2.4791666666666665,,,,,,,,e82f025acabd4c5ba766b5fdb6b7bdc538f26df70d96eb23166e41c3f4cc4ca3
1,synthetic-cpu-decoder-model,SYNTHETIC CPU MODEL / NOT A GPU MEASUREMENT,decoder-policy,decoder/controller-max-wait/lower,seed-0018,18,48,2941.829885054526,11.35697499999987,0.5416666666666667,1.5416666666666667,4.243243243243243,2.3333333333333335,,,,,,,,51a24f3b67415585efcd0f9fcb004c856510d3b22945b4ddbeafe09d973163f8
1,synthetic-cpu-decoder-model,SYNTHETIC CPU MODEL / NOT A GPU MEASUREMENT,decoder-policy,decoder/controller-max-wait/lower,seed-0019,19,48,2946.8572395956808,12.665500000000009,0.5,1.5416666666666667,4.175675675675675,2.3125,,,,,,,,b9e839890d00219099128eb03cda24241fbf8bf2f5518291e6bd6f34fb52e6e2
1,synthetic-cpu-decoder-model,SYNTHETIC CPU MODEL / NOT A GPU MEASUREMENT,decoder-policy,decoder/controller-max-wait/lower,seed-0020,20,48,2905.39903861597,14.392000000000053,0.45833333333333337,1.6875,3.950617283950617,2.5208333333333335,,,,,,,,91645ffbff9341cadd21d1ce219d047268fabadcc135723518215cb5e6eccf4c
1,synthetic-cpu-decoder-model,SYNTHETIC CPU MODEL / NOT A GPU MEASUREMENT,decoder-policy,decoder/controller-max-wait/lower,seed-0021,21,48,2926.7450021688355,14.4712,0.47916666666666663,1.5625,4.2,2.4166666666666665,,,,,,,,b5951b82f25de7bb4c7a73cc2eb27a4946621fffb328b4e4b9d0dffc97f56c53
1,synthetic-cpu-decoder-model,SYNTHETIC CPU MODEL / NOT A GPU MEASUREMENT,decoder-policy,decoder/controller-max-wait/lower,seed-0022,22,48,2871.813574325197,14.518000000000029,0.5833333333333333,1.6458333333333333,4.1265822784810124,2.5208333333333335,,,,,,,,2ebebe5ea25d89f4c4e504ac541f9a499e3db472614ac362b6a35df1ccb2481a
1,synthetic-cpu-decoder-model,SYNTHETIC CPU MODEL / NOT A GPU MEASUREMENT,decoder-policy,decoder/controller-max-wait/lower,seed-0023,23,48,2831.230126076155,13.478499999999997,0.5,1.7291666666666667,4.0602409638554215,2.5833333333333335,,,,,,,,0beba6c51917b8ab22c44b233746bf0a8487141621c33cd293ac25cda0560d83
1,synthetic-cpu-decoder-model,SYNTHETIC CPU MODEL / NOT A GPU MEASUREMENT,decoder-policy,decoder/controller-max-wait/lower,seed-0024,24,48,2909.3492174443095,14.373999999999995,0.5208333333333333,1.7083333333333333,4.060975609756097,2.4375,,,,,,,,4db6a3484cdb6f00e543c41cd30059de965cfa4495b495946b31d8c0a6549926
1,synthetic-cpu-decoder-model,SYNTHETIC CPU MODEL / NOT A GPU MEASUREMENT,decoder-policy,decoder/controller-max-wait/lower,seed-0025,25,48,2913.7000897813673,14.488299999999983,0.5208333333333333,1.75,3.857142857142857,2.5625,,,,,,,,a4e03c0b4a45eeba7730a87df59043a16ac2396e8920e4d6091442902d1f0111
1,synthetic-cpu-decoder-model,SYNTHETIC CPU MODEL / NOT A GPU MEASUREMENT,decoder-policy,decoder/controller-max-wait/lower,seed-0026,26,48,2880.1236725228473,11.834499999999991,0.47916666666666663,1.6041666666666667,4.142857142857143,2.5833333333333335,,,,,,,,224fbdca4260a350e9e49fabc03f8b6e7c7a41646738e0505b79491a8c80dc85
1,synthetic-cpu-decoder-model,SYNTHETIC CPU MODEL / NOT A GPU MEASUREMENT,decoder-policy,decoder/controller-max-wait/lower,seed-0027,27,48,3013.407204534631,14.338899999999999,0.47916666666666663,1.4166666666666667,4.5,2.1458333333333335,,,,,,,,53a74a624076fc358133c9494ae4551c5fac061912def4056f3a8378511eb8d0
1,synthetic-cpu-decoder-model,SYNTHETIC CPU MODEL / NOT A GPU MEASUREMENT,decoder-policy,decoder/controller-max-wait/lower,seed-0028,28,48,2957.808343068465,14.374000000000024,0.5208333333333333,1.5416666666666667,4.148648648648648,2.2291666666666665,,,,,,,,2edaf1197438afb76c60e7c966fb33f822ad3d040d8cca3be8271df7ec6feb90
1,synthetic-cpu-decoder-model,SYNTHETIC CPU MODEL / NOT A GPU MEASUREMENT,decoder-policy,decoder/controller-max-wait/lower,seed-0029,29,48,2924.733907516748,13.046500000000037,0.5208333333333333,1.5625,4.333333333333333,2.3333333333333335,,,,,,,,a795693575eee8b040a7a379747c202c2bfc4b187b45a3af54e1b8be2a6108cb
1,synthetic-cpu-decoder-model,SYNTHETIC CPU MODEL / NOT A GPU MEASUREMENT,decoder-policy,decoder/controller-max-wait/upper,seed-0000,0,48,2980.0749064705287,14.28400000000002,0.47916666666666663,1.4791666666666667,4.309859154929577,2.25,,,,,,,,c153b27dc4718ff20672154dd7a221513f891af1d1226e068363173a4a4e19be
1,synthetic-cpu-decoder-model,SYNTHETIC CPU MODEL / NOT A GPU MEASUREMENT,decoder-policy,decoder/controller-max-wait/upper,seed-0001,1,48,2903.118323135668,14.336200000000032,0.5208333333333333,1.5625,4.173333333333333,2.4375,,,,,,,,73d74ed8877015cbd944538e231a1000994e8957efe805ccefd5aaf6abf2dd8e
1,synthetic-cpu-decoder-model,SYNTHETIC CPU MODEL / NOT A GPU MEASUREMENT,decoder-policy,decoder/controller-max-wait/upper,seed-0002,2,48,2971.3096595815327,12.16764999999989,0.45833333333333337,1.5625,4.213333333333333,2.1875,,,,,,,,7911e1d0f8fe8fca0b74004dc1208944b448524cc555616badd3252ca5211c89
1,synthetic-cpu-decoder-model,SYNTHETIC CPU MODEL / NOT A GPU MEASUREMENT,decoder-policy,decoder/controller-max-wait/upper,seed-0003,3,48,2926.1414297308183,12.873624999999986,0.5,1.5,4.472222222222222,2.25,,,,,,,,62f93feb9e89f41169fcbcc48686b8c01b6648fe5952e91fccc87ed057903ef9
1,synthetic-cpu-decoder-model,SYNTHETIC CPU MODEL / NOT A GPU MEASUREMENT,decoder-policy,decoder/controller-max-wait/upper,seed-0004,4,48,2936.710025248817,13.996000000000038,0.45833333333333337,1.4166666666666667,4.544117647058823,2.2083333333333335,,,,,,,,1092361c89fac70aea79b82fe87b27f938f2567adea757527c99988d3d0642b6
1,synthetic-cpu-decoder-model,SYNTHETIC CPU MODEL / NOT A GPU MEASUREMENT,decoder-policy,decoder/controller-max-wait/upper,seed-0005,5,48,2885.9095306900026,13.633000000000038,0.5,1.5625,4.36,2.3541666666666665,,,,,,,,75baf300a5fb727bae5e8f9d476851e32f192b0df2075350e4d4848087c6707d
1,synthetic-cpu-decoder-model,SYNTHETIC CPU MODEL / NOT A GPU MEASUREMENT,decoder-policy,decoder/controller-max-wait/upper,seed-0006,6,48,2940.399502721953,14.427999999999997,0.5416666666666667,1.4166666666666667,4.544117647058823,2.0416666666666665,,,,,,,,71a82046d22cfaa986e803ed03adbcec6e090ec5e36c30ff7b6b2135d9d434d3
1,synthetic-cpu-decoder-model,SYNTHETIC CPU MODEL / NOT A GPU MEASUREMENT,decoder-policy,decoder/controller-max-wait/upper,seed-0007,7,48,2932.2839716392778,13.334499999999991,0.5,1.5625,4.24,2.4166666666666665,,,,,,,,7b386af85a28c0fea69136248b012041bba328c65940cbad338196e07aea1738
1,synthetic-cpu-decoder-model,SYNTHETIC CPU MODEL / NOT A GPU MEASUREMENT,decoder-policy,decoder/controller-max-wait/upper,seed-0008,8,48,2941.5534005277777,14.260599999999984,0.45833333333333337,1.375,4.666666666666667,2.1666666666666665,,,,,,,,c59e44218699641c8747039b117ce8ce13bed50ddd4b7142c7a410b44e4b4f09
1,synthetic-cpu-decoder-model,SYNTHETIC CPU MODEL / NOT A GPU MEASUREMENT,decoder-policy,decoder/controller-max-wait/upper,seed-0009,9,48,2910.912575985984,14.025999999999984,0.5208333333333333,1.6041666666666667,4.233766233766234,2.5208333333333335,,,,,,,,71dcc00ff9fb77f650f196e8796232b216cff968f0d196d44ffa036be8549952
1,synthetic-cpu-decoder-model,SYNTHETIC CPU MODEL / NOT A GPU MEASUREMENT,decoder-policy,decoder/controller-max-wait/upper,seed-0010,10,48,2891.416683854798,14.24799999999999,0.45833333333333337,1.5208333333333333,4.342465753424658,2.25,,,,,,,,ecd03403ca19f0f723bd631adb516f24b468fbec77a9eba7dac8cc2298e6d08c
1,synthetic-cpu-decoder-model,SYNTHETIC CPU MODEL / NOT A GPU MEASUREMENT,decoder-policy,decoder/controller-max-wait/upper,seed-0011,11,48,2927.5441784661375,14.140000000000043,0.4375,1.6666666666666667,4.1375,2.5416666666666665,,,,,,,,f71cbc311891c4e02831e360f1dfa09a21282de734c29cf396b3e38e36412b5a
1,synthetic-cpu-decoder-model,SYNTHETIC CPU MODEL / NOT A GPU MEASUREMENT,decoder-policy,decoder/controller-max-wait/upper,seed-0012,12,48,2952.654101485808,14.427999999999997,0.5208333333333333,1.5,4.347222222222222,2.2916666666666665,,,,,,,,d8dc68fb64eaa38f32a525456dc7cb5c34f25a3f87efea7a234fa8aa56d3e9b7
1,synthetic-cpu-decoder-model,SYNTHETIC CPU MODEL / NOT A GPU MEASUREMENT,decoder-policy,decoder/controller-max-wait/upper,seed-0013,13,48,2977.1567858437343,13.29849999999999,0.47916666666666663,1.5,4.305555555555555,2.2291666666666665,,,,,,,,980ed77a2ea91e9eaef058632e9ccb726bfed90f4b0dff7807a84125ba32c400
1,synthetic-cpu-decoder-model,SYNTHETIC CPU MODEL / NOT A GPU MEASUREMENT,decoder-policy,decoder/controller-max-wait/upper,seed-0014,14,48,2920.422963330994,14.392000000000024,0.5,1.5208333333333333,4.3561643835616435,2.3125,,,,,,,,fb9e608ea5276abac57644a8ff6c3d09b7a8114efc10829cdfd0387e60f214ab
1,synthetic-cpu-decoder-model,SYNTHETIC CPU MODEL / NOT A GPU MEASUREMENT,decoder-policy,decoder/controller-max-wait/upper,seed-0015,15,48,2952.7461494309578,10.658500000000004,0.45833333333333337,1.4583333333333333,4.457142857142857,2.1875,,,,,,,,71639e84cd541d4e715dfd74241d054d661332e2c79a64852bb48680f3f72b76
1,synthetic-cpu-decoder-model,SYNTHETIC CPU MODEL / NOT A GPU MEASUREMENT,decoder-policy,decoder/controller-max-wait/upper,seed-0016,16,48,2958.6448606581494,9.028999999999996,0.47916666666666663,1.5416666666666667,4.297297297297297,2.4583333333333335,,,,,,,,e8495dd88e010172ba2c81047b89ae4d6c902d6eb16abccc2dc103bc3bccef56
1,synthetic-cpu-decoder-model,SYNTHETIC CPU MODEL / NOT A GPU MEASUREMENT,decoder-policy,decoder/controller-max-wait/upper,seed-0017,17,48,2909.922236874858,14.463999999999999,0.5416666666666667,1.5416666666666667,4.391891891891892,2.3958333333333335,,,,,,,,1a8b3a60fd23a67e2f8aecd3ddcd9f493a0d494fa13886ddde30c78127a2b9fa
1,synthetic-cpu-decoder-model,SYNTHETIC CPU MODEL / NOT A GPU MEASUREMENT,decoder-policy,decoder/controller-max-wait/upper,seed-0018,18,48,2941.829885054526,11.35697499999987,0.5416666666666667,1.4166666666666667,4.617647058823529,2.2083333333333335,,,,,,,,c06b1200fd001e923d52ab353f5f676ce364751ce3b33502f007eb08057cc84e
1,synthetic-cpu-decoder-model,SYNTHETIC CPU MODEL / NOT A GPU MEASUREMENT,decoder-policy,decoder/controller-max-wait/upper,seed-0019,19,48,2946.8572395956808,12.665500000000009,0.5,1.4166666666666667,4.544117647058823,2.1458333333333335,,,,,,,,112f32c2b45e7a881f7f8c53a994d1219f59c6fcc0641d103dfbcb6f63a5281f
1,synthetic-cpu-decoder-model,SYNTHETIC CPU MODEL / NOT A GPU MEASUREMENT,decoder-policy,decoder/controller-max-wait/upper,seed-0020,20,48,2910.147957934332,14.039500000000032,0.4375,1.5416666666666667,4.324324324324325,2.3541666666666665,,,,,,,,dcd6bcc11351f68bfb2280ae484384c922a84af4243fa8b837dc380237bc083e
1,synthetic-cpu-decoder-model,SYNTHETIC CPU MODEL / NOT A GPU MEASUREMENT,decoder-policy,decoder/controller-max-wait/upper,seed-0021,21,48,2926.7450021688355,14.4712,0.47916666666666663,1.4791666666666667,4.436619718309859,2.3125,,,,,,,,92bc83f02f60c830b97a97cd04643cf0a9e45d30d77b6d57e50e6b6eb65983f4
1,synthetic-cpu-decoder-model,SYNTHETIC CPU MODEL / NOT A GPU MEASUREMENT,decoder-policy,decoder/controller-max-wait/upper,seed-0022,22,48,2871.813574325197,14.518000000000029,0.5833333333333333,1.5416666666666667,4.405405405405405,2.3541666666666665,,,,,,,,935b2077d6f797687ea406bae26348f6d43b7195d3f9140c48beb67a79533c34
1,synthetic-cpu-decoder-model,SYNTHETIC CPU MODEL / NOT A GPU MEASUREMENT,decoder-policy,decoder/controller-max-wait/upper,seed-0023,23,48,2831.230126076155,13.478499999999997,0.5,1.6458333333333333,4.265822784810126,2.4791666666666665,,,,,,,,e12f9eaa7768c756d39f94b992b36cdfd7a945964d164c417399b331cf8e6fd7
1,synthetic-cpu-decoder-model,SYNTHETIC CPU MODEL / NOT A GPU MEASUREMENT,decoder-policy,decoder/controller-max-wait/upper,seed-0024,24,48,2909.3492174443095,14.373999999999995,0.5208333333333333,1.625,4.269230769230769,2.3541666666666665,,,,,,,,90e5517f4bdc342beea79ee8e5640ce4146b62420885f94ade219d3eba6f2f54
1,synthetic-cpu-decoder-model,SYNTHETIC CPU MODEL / NOT A GPU MEASUREMENT,decoder-policy,decoder/controller-max-wait/upper,seed-0025,25,48,2913.7000897813673,14.488299999999983,0.5208333333333333,1.6666666666666667,4.05,2.4375,,,,,,,,dee20dcfe541d26527d31bb8fa7444ba517e1480ca409c7c50ddebc080e13dc9
1,synthetic-cpu-decoder-model,SYNTHETIC CPU MODEL / NOT A GPU MEASUREMENT,decoder-policy,decoder/controller-max-wait/upper,seed-0026,26,48,2880.1236725228473,11.834499999999991,0.47916666666666663,1.5,4.430555555555555,2.4375,,,,,,,,c2b338a4758605a2dac85e9e0e36c4b621f63f3023aec9a4588f6a4834bce3f5
1,synthetic-cpu-decoder-model,SYNTHETIC CPU MODEL / NOT A GPU MEASUREMENT,decoder-policy,decoder/controller-max-wait/upper,seed-0027,27,48,3013.407204534631,14.338899999999999,0.47916666666666663,1.3958333333333333,4.567164179104478,2.1666666666666665,,,,,,,,9908ffae6b706c19dcfc5dc82b228b649efd3f02bd8b7f26dbef2e4d42b9f061
1,synthetic-cpu-decoder-model,SYNTHETIC CPU MODEL / NOT A GPU MEASUREMENT,decoder-policy,decoder/controller-max-wait/upper,seed-0028,28,48,2957.808343068465,14.374000000000024,0.5208333333333333,1.4375,4.449275362318841,2.0833333333333335,,,,,,,,3b4a3c702a4b21f2ebe2ce0e96e3e9d9bb6f07a5cf051e37b8d2e5d00f2f1629
1,synthetic-cpu-decoder-model,SYNTHETIC CPU MODEL / NOT A GPU MEASUREMENT,decoder-policy,decoder/controller-max-wait/upper,seed-0029,29,48,2924.733907516748,13.046500000000037,0.5208333333333333,1.5208333333333333,4.4520547945205475,2.3125,,,,,,,,ddb903dfd6a08a7661e5113f1867b72bc46084cdef3b99d212aad7efc8dd357d
1,synthetic-cpu-decoder-model,SYNTHETIC CPU MODEL / NOT A GPU MEASUREMENT,decoder-policy,decoder/physical-verifier-slot-cost/lower,seed-0000,0,48,3174.859834532683,11.800000000000011,0.0,1.4791666666666667,4.309859154929577,2.25,,,,,,,,e274c02b715ac243d95dd56e5d96f86804ee798a4cf7df633a01e3eb77d5dcef
1,synthetic-cpu-decoder-model,SYNTHETIC CPU MODEL / NOT A GPU MEASUREMENT,decoder-policy,decoder/physical-verifier-slot-cost/lower,seed-0001,1,48,3097.1664106616054,11.799999999999967,0.0,1.5625,4.173333333333333,2.4583333333333335,,,,,,,,b67dbf494315cc4a8e6dfda5e7dbf403bd07553b600c2f593329f03e13b1f3d5
1,synthetic-cpu-decoder-model,SYNTHETIC CPU MODEL / NOT A GPU MEASUREMENT,decoder-policy,decoder/physical-verifier-slot-cost/lower,seed-0002,2,48,3170.36917362968,10.146249999999888,0.0,1.5625,4.213333333333333,2.1875,,,,,,,,e94d983ec2c65a77dfe96e7e8e9260e0ebf0a7d97b59efb6f944cfedaf6f66ab
1,synthetic-cpu-decoder-model,SYNTHETIC CPU MODEL / NOT A GPU MEASUREMENT,decoder-policy,decoder/physical-verifier-slot-cost/lower,seed-0003,3,48,3125.578904680175,10.60562499999999,0.0,1.5,4.472222222222222,2.25,,,,,,,,c5ca25ccdb0a505f66ecf86bc5902fc3ee7b4870b8ac08bf38702bceb852b720
1,synthetic-cpu-decoder-model,SYNTHETIC CPU MODEL / NOT A GPU MEASUREMENT,decoder-policy,decoder/physical-verifier-slot-cost/lower,seed-0004,4,48,3132.4802026295956,11.799999999999955,0.0,1.4166666666666667,4.544117647058823,2.2083333333333335,,,,,,,,f453da4dee8e5180e6cb46d9ed233a4a2397727be4e8b2206a88e7a3608df136
1,synthetic-cpu-decoder-model,SYNTHETIC CPU MODEL / NOT A GPU MEASUREMENT,decoder-policy,decoder/physical-verifier-slot-cost/lower,seed-0005,5,48,3084.7064194412155,11.274999999999977,0.0,1.5625,4.36,2.3541666666666665,,,,,,,,0729c3ea1a1968e96dde7f4035c3e7fcd9a8fe0f446bc921b0e619face27be33
1,synthetic-cpu-decoder-model,SYNTHETIC CPU MODEL / NOT A GPU MEASUREMENT,decoder-policy,decoder/physical-verifier-slot-cost/lower,seed-0006,6,48,3139.0783621151522,11.800000000000011,0.0,1.4166666666666667,4.544117647058823,2.0416666666666665,,,,,,,,cfaa6d199e5c231f5c84ef2feba4f4799ff342bf04c5b5ebd0f9959ad32df148
1,synthetic-cpu-decoder-model,SYNTHETIC CPU MODEL / NOT A GPU MEASUREMENT,decoder-policy,decoder/physical-verifier-slot-cost/lower,seed-0007,7,48,3130.198179961039,11.012499999999989,0.0,1.5625,4.24,2.4166666666666665,,,,,,,,38a90e26cfa412a05b3bf670ee4a1425fceb384a0a947cbbd0d3ef15740e3572
1,synthetic-cpu-decoder-model,SYNTHETIC CPU MODEL / NOT A GPU MEASUREMENT,decoder-policy,decoder/physical-verifier-slot-cost/lower,seed-0008,8,48,3140.023713475263,11.799999999999995,0.0,1.375,4.666666666666667,2.1666666666666665,,,,,,,,27270f6af235387302f928fb195285178411a4367d018e429735217a6fc7fdcd
1,synthetic-cpu-decoder-model,SYNTHETIC CPU MODEL / NOT A GPU MEASUREMENT,decoder-policy,decoder/physical-verifier-slot-cost/lower,seed-0009,9,48,3112.0182242690194,11.537499999999966,0.0,1.6041666666666667,4.233766233766234,2.5208333333333335,,,,,,,,b3eefde3b0f3bae15f1e7e1d7d8fe27ef05003a089f22788ec352142499f6f8c
1,synthetic-cpu-decoder-model,SYNTHETIC CPU MODEL / NOT A GPU MEASUREMENT,decoder-policy,decoder/physical-verifier-slot-cost/lower,seed-0010,10,48,3086.169961205574,11.799999999999955,0.0,1.5208333333333333,4.342465753424658,2.25,,,,,,,,0c2c7b18b49fa474f51e6bc39adeec1050e75cd054713b3feec3fd3ab57103c3
1,synthetic-cpu-decoder-model,SYNTHETIC CPU MODEL / NOT A GPU MEASUREMENT,decoder-policy,decoder/physical-verifier-slot-cost/lower,seed-0011,11,48,3129.0141221285703,11.799999999999955,0.0,1.6666666666666667,4.1375,2.5416666666666665,,,,,,,,15dfe0bb17735d99acf43acf1bec27962083886f884692b7de70cecba588d826
1,synthetic-cpu-decoder-model,SYNTHETIC CPU MODEL / NOT A GPU MEASUREMENT,decoder-policy,decoder/physical-verifier-slot-cost/lower,seed-0012,12,48,3153.2353155948986,11.799999999999955,0.0,1.5,4.347222222222222,2.2916666666666665,,,,,,,,6759a52c6f8180535291db7b3d6ac6e872605e638006fc5acfeb4ee54c5930dc
1,synthetic-cpu-decoder-model,SYNTHETIC CPU MODEL / NOT A GPU MEASUREMENT,decoder-policy,decoder/physical-verifier-slot-cost/lower,seed-0013,13,48,3177.4054150452407,11.012499999999989,0.0,1.5,4.305555555555555,2.2291666666666665,,,,,,,,10af9e9513cb8714cdecca8f896ad0569570fdb3e4aab3eb21e65d28bf3ebd08
1,synthetic-cpu-decoder-model,SYNTHETIC CPU MODEL / NOT A GPU MEASUREMENT,decoder-policy,decoder/physical-verifier-slot-cost/lower,seed-0014,14,48,3117.2322052215773,11.800000000000011,0.0,1.5208333333333333,4.3561643835616435,2.3125,,,,,,,,740d44f36731f74c68fa8a56216f50af38b8c92116b2dfe27c4960d35ced0144
1,synthetic-cpu-decoder-model,SYNTHETIC CPU MODEL / NOT A GPU MEASUREMENT,decoder-policy,decoder/physical-verifier-slot-cost/lower,seed-0015,15,48,3152.035742971128,8.912499999999966,0.0,1.4583333333333333,4.457142857142857,2.1875,,,,,,,,abdc7e4bc8b9463ab7fd49bf89c874dbc42015edb22148457c65f4a732ff3a21
1,synthetic-cpu-decoder-model,SYNTHETIC CPU MODEL / NOT A GPU MEASUREMENT,decoder-policy,decoder/physical-verifier-slot-cost/lower,seed-0016,16,48,3157.636375357644,7.625,0.0,1.5416666666666667,4.297297297297297,2.4583333333333335,,,,,,,,d516700371f05163f5efacf2c6cd60554ec76be91dfad24624e455669210cae9
1,synthetic-cpu-decoder-model,SYNTHETIC CPU MODEL / NOT A GPU MEASUREMENT,decoder-policy,decoder/physical-verifier-slot-cost/lower,seed-0017,17,48,3112.5203012606135,11.799999999999983,0.0,1.5416666666666667,4.391891891891892,2.3958333333333335,,,,,,,,458ca21f35243cf69d071191213d89f00297ce85808b9829e3269aff5e9e873c
1,synthetic-cpu-decoder-model,SYNTHETIC CPU MODEL / NOT A GPU MEASUREMENT,decoder-policy,decoder/physical-verifier-slot-cost/lower,seed-0018,18,48,3143.1148309351533,9.476874999999842,0.0,1.4166666666666667,4.617647058823529,2.2083333333333335,,,,,,,,275c47ffcf64b8967c74d45e39f5afb20849ef361d15e048fd2043023c6d0012
1,synthetic-cpu-decoder-model,SYNTHETIC CPU MODEL / NOT A GPU MEASUREMENT,decoder-policy,decoder/physical-verifier-slot-cost/lower,seed-0019,19,48,3139.7709637772546,10.487500000000011,0.0,1.4166666666666667,4.544117647058823,2.1458333333333335,,,,,,,,db8a0dcb7182ba71bb8c98b3674c19c10c54d289069c7a38e1b390dd3826a3cc
1,synthetic-cpu-decoder-model,SYNTHETIC CPU MODEL / NOT A GPU MEASUREMENT,decoder-policy,decoder/physical-verifier-slot-cost/lower,seed-0020,20,48,3111.507335593065,11.537499999999966,0.0,1.5416666666666667,4.324324324324325,2.3541666666666665,,,,,,,,fe6c695263abaa7cb36ee257a6c4ce720dc4bfcd1d1f40a4db7fd4937b9a8919
1,synthetic-cpu-decoder-model,SYNTHETIC CPU MODEL / NOT A GPU MEASUREMENT,decoder-policy,decoder/physical-verifier-slot-cost/lower,seed-0021,21,48,3125.351564454149,11.800000000000011,0.0,1.4791666666666667,4.436619718309859,2.3125,,,,,,,,2f29f58f7400b960888eabe0400c7cf3e3ecdc1cda744fea4a02b4248e8bd86f
1,synthetic-cpu-decoder-model,SYNTHETIC CPU MODEL / NOT A GPU MEASUREMENT,decoder-policy,decoder/physical-verifier-slot-cost/lower,seed-0022,22,48,3067.548008500574,11.800000000000011,0.0,1.5416666666666667,4.405405405405405,2.3541666666666665,,,,,,,,641a7f1b268967a638951fba7fb00a859e9d2c22ccccce1cb07cb437df365adf
1,synthetic-cpu-decoder-model,SYNTHETIC CPU MODEL / NOT A GPU MEASUREMENT,decoder-policy,decoder/physical-verifier-slot-cost/lower,seed-0023,23,48,3027.978255873228,11.012499999999989,0.0,1.6458333333333333,4.265822784810126,2.4791666666666665,,,,,,,,7003400bc7447a574406ba4a991e65d1edecf7cafe9c3997d457d4051b9ba374
1,synthetic-cpu-decoder-model,SYNTHETIC CPU MODEL / NOT A GPU MEASUREMENT,decoder-policy,decoder/physical-verifier-slot-cost/lower,seed-0024,24,48,3106.2462330368135,11.800000000000011,0.0,1.625,4.269230769230769,2.3541666666666665,,,,,,,,80483e11a99b3bdfdfb8c660c37cad60c22f5042c33db6c6617206d4b6e0eeda
1,synthetic-cpu-decoder-model,SYNTHETIC CPU MODEL / NOT A GPU MEASUREMENT,decoder-policy,decoder/physical-verifier-slot-cost/lower,seed-0025,25,48,3111.3879494833336,11.799999999999983,0.0,1.6666666666666667,4.05,2.4375,,,,,,,,5d170373c0a5d136cb9e685324a55693a011504c1646bdb03f77c9f626588ebd
1,synthetic-cpu-decoder-model,SYNTHETIC CPU MODEL / NOT A GPU MEASUREMENT,decoder-policy,decoder/physical-verifier-slot-cost/lower,seed-0026,26,48,3074.5479886159546,9.962500000000034,0.0,1.5,4.430555555555555,2.4375,,,,,,,,2dd66b6ad487580240d9c8cff2a09d4ba1ce1c2f2660ac50815cb8a8b0c8545e
1,synthetic-cpu-decoder-model,SYNTHETIC CPU MODEL / NOT A GPU MEASUREMENT,decoder-policy,decoder/physical-verifier-slot-cost/lower,seed-0027,27,48,3218.535967370117,11.799999999999995,0.0,1.3958333333333333,4.567164179104478,2.1666666666666665,,,,,,,,6e5e9dd2322e56bce709eea7b5e929a8a7d5ec8cc60db87b988c85bb12be792d
1,synthetic-cpu-decoder-model,SYNTHETIC CPU MODEL / NOT A GPU MEASUREMENT,decoder-policy,decoder/physical-verifier-slot-cost/lower,seed-0028,28,48,3156.1231552816394,11.799999999999983,0.0,1.4375,4.449275362318841,2.0833333333333335,,,,,,,,373a358be02135ef7de7913d5b9ecb192808f9ffd45b535617df5f43290f6563
1,synthetic-cpu-decoder-model,SYNTHETIC CPU MODEL / NOT A GPU MEASUREMENT,decoder-policy,decoder/physical-verifier-slot-cost/lower,seed-0029,29,48,3126.3536507889416,11.012499999999989,0.0,1.5208333333333333,4.4520547945205475,2.3125,,,,,,,,1f260480ca1c26160e22035121d2b51e61e6f823e2d539dc82218b0eff2a3546
1,synthetic-cpu-decoder-model,SYNTHETIC CPU MODEL / NOT A GPU MEASUREMENT,decoder-policy,decoder/physical-verifier-slot-cost/upper,seed-0000,0,48,2606.885329147255,20.079999999999984,0.47916666666666663,1.4791666666666667,4.309859154929577,2.25,,,,,,,,79e3a901aa983e1d119b21f72b334a508b3df058bfb7e91d0c8b8cff25260ea2
1,synthetic-cpu-decoder-model,SYNTHETIC CPU MODEL / NOT A GPU MEASUREMENT,decoder-policy,decoder/physical-verifier-slot-cost/upper,seed-0001,1,48,2533.6840823554826,20.25400000000004,0.5416666666666667,1.5625,4.173333333333333,2.4375,,,,,,,,efe54e795e87f13f3c93496bd98211f3e5ffc868662f24b25fa132456106c735
1,synthetic-cpu-decoder-model,SYNTHETIC CPU MODEL / NOT A GPU MEASUREMENT,decoder-policy,decoder/physical-verifier-slot-cost/upper,seed-0002,2,48,2591.6257638707416,16.88424999999983,0.5625,1.5625,4.213333333333333,2.1875,,,,,,,,da5883c26eff579ba14c66aa07eec7548f0eeae10bb29ca12c0601d90855fa05
1,synthetic-cpu-decoder-model,SYNTHETIC CPU MODEL / NOT A GPU MEASUREMENT,decoder-policy,decoder/physical-verifier-slot-cost/upper,seed-0003,3,48,2546.9386067725845,18.16562499999999,0.5625,1.5,4.472222222222222,2.25,,,,,,,,f2a7ebe8c215e63298194379d8ff0d40343e9e0b956aebe687e0717b01eb2c93
1,synthetic-cpu-decoder-model,SYNTHETIC CPU MODEL / NOT A GPU MEASUREMENT,decoder-policy,decoder/physical-verifier-slot-cost/upper,seed-0004,4,48,2562.963318006293,19.120000000000005,0.5833333333333333,1.4166666666666667,4.544117647058823,2.2083333333333335,,,,,,,,2508523ede16e7a8ffcdd0b32e5c3a32edb5d13ba690d9ab76c5f6acc4652fc0
1,synthetic-cpu-decoder-model,SYNTHETIC CPU MODEL / NOT A GPU MEASUREMENT,decoder-policy,decoder/physical-verifier-slot-cost/upper,seed-0005,5,48,2508.670851953083,19.135000000000048,0.5625,1.5625,4.36,2.3541666666666665,,,,,,,,adcaa5492381793d895e7258295a2a320546148795144f866d60f9c77f688d96
1,synthetic-cpu-decoder-model,SYNTHETIC CPU MODEL / NOT A GPU MEASUREMENT,decoder-policy,decoder/physical-verifier-slot-cost/upper,seed-0006,6,48,2562.0342718146967,20.560000000000002,0.5625,1.4166666666666667,4.544117647058823,2.0416666666666665,,,,,,,,cff0a5e0d0b6653af22b176e0d421b34da8bad66be7be2a43997740291d81423
1,synthetic-cpu-decoder-model,SYNTHETIC CPU MODEL / NOT A GPU MEASUREMENT,decoder-policy,decoder/physical-verifier-slot-cost/upper,seed-0007,7,48,2555.2992938031584,18.752499999999998,0.5416666666666667,1.5625,4.24,2.4166666666666665,,,,,,,,702d08418bd4b8c88b81106c6be2dc289d1edd92592ecc2f56946810dd95da0b
1,synthetic-cpu-decoder-model,SYNTHETIC CPU MODEL / NOT A GPU MEASUREMENT,decoder-policy,decoder/physical-verifier-slot-cost/upper,seed-0008,8,48,2563.4851422484685,20.002000000000013,0.5833333333333333,1.375,4.666666666666667,2.1666666666666665,,,,,,,,c13ae003719f0fddee1c3a92367de74e7558c370e2f45c060eb7a9d666ace4ae
1,synthetic-cpu-decoder-model,SYNTHETIC CPU MODEL / NOT A GPU MEASUREMENT,decoder-policy,decoder/physical-verifier-slot-cost/upper,seed-0009,9,48,2529.501070476367,19.600000000000023,0.6458333333333333,1.6041666666666667,4.233766233766234,2.5208333333333335,,,,,,,,761a105d1ddeeb5925c3f550a3adc3118c261cfa24951c0de0f43c97cf40acd8
1,synthetic-cpu-decoder-model,SYNTHETIC CPU MODEL / NOT A GPU MEASUREMENT,decoder-policy,decoder/physical-verifier-slot-cost/upper,seed-0010,10,48,2520.3123040638975,19.95999999999998,0.5833333333333333,1.5208333333333333,4.342465753424658,2.25,,,,,,,,e7cdafeae84447e16ddf0f85fb22a4f3d4579a952d26dc13ac686982b954a75a
1,synthetic-cpu-decoder-model,SYNTHETIC CPU MODEL / NOT A GPU MEASUREMENT,decoder-policy,decoder/physical-verifier-slot-cost/upper,seed-0011,11,48,2543.781658625227,19.420000000000016,0.5416666666666667,1.6666666666666667,4.1375,2.5416666666666665,,,,,,,,87cece767f1bae952ae05ba51b6b8724d8fa2315400088d128bf70699be48cd3
1,synthetic-cpu-decoder-model,SYNTHETIC CPU MODEL / NOT A GPU MEASUREMENT,decoder-policy,decoder/physical-verifier-slot-cost/upper,seed-0012,12,48,2571.043765923267,20.560000000000002,0.6041666666666667,1.4791666666666667,4.408450704225352,2.2708333333333335,,,,,,,,45f7dc297fbf94d56d4dc9492f701ba9f671b5f21072bef15144556f5d8b754a
1,synthetic-cpu-decoder-model,SYNTHETIC CPU MODEL / NOT A GPU MEASUREMENT,decoder-policy,decoder/physical-verifier-slot-cost/upper,seed-0013,13,48,2595.4833358072033,18.63250000000005,0.5833333333333333,1.5,4.305555555555555,2.2291666666666665,,,,,,,,b88c0e1fe0a91bc806935c11a27e8decc7e6c8d7f17b32238c6a73c333041bdc
1,synthetic-cpu-decoder-model,SYNTHETIC CPU MODEL / NOT A GPU MEASUREMENT,decoder-policy,decoder/physical-verifier-slot-cost/upper,seed-0014,14,48,2545.4366533300235,20.439999999999998,0.6041666666666667,1.5208333333333333,4.3561643835616435,2.3125,,,,,,,,2576b5fe66c8c1cdd7c253d9d778e5199b9c86a0e49efae3390c44774870e3d6
1,synthetic-cpu-decoder-model,SYNTHETIC CPU MODEL / NOT A GPU MEASUREMENT,decoder-policy,decoder/physical-verifier-slot-cost/upper,seed-0015,15,48,2573.1396572450913,14.732499999999959,0.5833333333333333,1.4583333333333333,4.457142857142857,2.1875,,,,,,,,184bcc08a3a4b4ef8a3033b30bacdfcf17bddc60b516c0b66ecc57b5284f63ec
1,synthetic-cpu-decoder-model,SYNTHETIC CPU MODEL / NOT A GPU MEASUREMENT,decoder-policy,decoder/physical-verifier-slot-cost/upper,seed-0016,16,48,2579.3632896113736,12.305000000000007,0.5833333333333333,1.5416666666666667,4.297297297297297,2.4583333333333335,,,,,,,,4ad447e52054754f7aeb37170d85a7b501c4648d9a421550767e4065f351ff1b
1,synthetic-cpu-decoder-model,SYNTHETIC CPU MODEL / NOT A GPU MEASUREMENT,decoder-policy,decoder/physical-verifier-slot-cost/upper,seed-0017,17,48,2526.2378537336263,20.680000000000007,0.625,1.5416666666666667,4.391891891891892,2.4166666666666665,,,,,,,,38d3d79888149f97c00ee7eab232c2615bbe9ed94c48da9ae2d7a95844c64d9c
1,synthetic-cpu-decoder-model,SYNTHETIC CPU MODEL / NOT A GPU MEASUREMENT,decoder-policy,decoder/physical-verifier-slot-cost/upper,seed-0018,18,48,2559.3891401363467,15.743874999999766,0.5833333333333333,1.4166666666666667,4.617647058823529,2.2083333333333335,,,,,,,,9eaadab14e072b170bb056fcd9c97c187f807042f9b2ececfc6784e6e270a5fa
1,synthetic-cpu-decoder-model,SYNTHETIC CPU MODEL / NOT A GPU MEASUREMENT,decoder-policy,decoder/physical-verifier-slot-cost/upper,seed-0019,19,48,2577.355663684005,17.747500000000002,0.5416666666666667,1.4166666666666667,4.544117647058823,2.1458333333333335,,,,,,,,e206bc8275c08db5229a5c0015d838e3855158e2bd0e95911cef78c74b17d405
1,synthetic-cpu-decoder-model,SYNTHETIC CPU MODEL / NOT A GPU MEASUREMENT,decoder-policy,decoder/physical-verifier-slot-cost/upper,seed-0020,20,48,2526.1557594913324,19.997500000000002,0.5625,1.5416666666666667,4.324324324324325,2.3333333333333335,,,,,,,,4e0341e0ad533dca5d98a28bc5c42c76ff0feb9a0ee540a63a5c799924d56718
1,synthetic-cpu-decoder-model,SYNTHETIC CPU MODEL / NOT A GPU MEASUREMENT,decoder-policy,decoder/physical-verifier-slot-cost/upper,seed-0021,21,48,2548.8161773067986,20.703999999999933,0.5833333333333333,1.4791666666666667,4.436619718309859,2.3125,,,,,,,,31aab9ed67f1cbbb1a1369ac0feaf3bb547d70ce009390c3269fd506531f3f74
1,synthetic-cpu-decoder-model,SYNTHETIC CPU MODEL / NOT A GPU MEASUREMENT,decoder-policy,decoder/physical-verifier-slot-cost/upper,seed-0022,22,48,2499.6514986654565,20.859999999999957,0.5833333333333333,1.5416666666666667,4.405405405405405,2.3541666666666665,,,,,,,,74a4241314c66d4ca941e5f61aba345aba2cb971d0947b347c47ccb9971a3138
1,synthetic-cpu-decoder-model,SYNTHETIC CPU MODEL / NOT A GPU MEASUREMENT,decoder-policy,decoder/physical-verifier-slot-cost/upper,seed-0023,23,48,2458.4922772952395,19.23249999999996,0.5833333333333333,1.6458333333333333,4.265822784810126,2.4791666666666665,,,,,,,,85ae7a6340b5916a8bf93a8b04b0de257acb4f5f8a5dd1c31b595e3fc24b7093
1,synthetic-cpu-decoder-model,SYNTHETIC CPU MODEL / NOT A GPU MEASUREMENT,decoder-policy,decoder/physical-verifier-slot-cost/upper,seed-0024,24,48,2534.4881749093893,20.379999999999995,0.5208333333333333,1.625,4.269230769230769,2.3541666666666665,,,,,,,,2093e82ad64cd9050db1cfab8b64f54ef132383f1a45f824a884927884504c70
1,synthetic-cpu-decoder-model,SYNTHETIC CPU MODEL / NOT A GPU MEASUREMENT,decoder-policy,decoder/physical-verifier-slot-cost/upper,seed-0025,25,48,2537.5077131953476,20.761,0.5416666666666667,1.6666666666666667,4.05,2.4375,,,,,,,,568316f5a0db7d449dcdd6cb745490acccf67b7f10c28ea2f6a633ff51ab4343
1,synthetic-cpu-decoder-model,SYNTHETIC CPU MODEL / NOT A GPU MEASUREMENT,decoder-policy,decoder/physical-verifier-slot-cost/upper,seed-0026,26,48,2509.797228785396,16.202499999999986,0.625,1.5,4.430555555555555,2.4375,,,,,,,,39bcf06570bd0a6a45f518cf98f17e5708a163dd357a1e5547fafe0af99da058
1,synthetic-cpu-decoder-model,SYNTHETIC CPU MODEL / NOT A GPU MEASUREMENT,decoder-policy,decoder/physical-verifier-slot-cost/upper,seed-0027,27,48,2623.2929876044977,20.262999999999955,0.5833333333333333,1.3958333333333333,4.567164179104478,2.1666666666666665,,,,,,,,85dc7e98eb1e4c97242b0de6fc3444a6c7085c18047a848e7594e7dcf36174ac
1,synthetic-cpu-decoder-model,SYNTHETIC CPU MODEL / NOT A GPU MEASUREMENT,decoder-policy,decoder/physical-verifier-slot-cost/upper,seed-0028,28,48,2579.600561884625,20.379999999999995,0.5625,1.4375,4.449275362318841,2.0833333333333335,,,,,,,,efa7b444403217857cefc0dfc1cd9f0c1c5fce3cd34f99f9ab0455383670d491
1,synthetic-cpu-decoder-model,SYNTHETIC CPU MODEL / NOT A GPU MEASUREMENT,decoder-policy,decoder/physical-verifier-slot-cost/upper,seed-0029,29,48,2542.191182487507,18.010000000000048,0.5208333333333333,1.5208333333333333,4.4520547945205475,2.3125,,,,,,,,644637d63fdf4d6bb6f78e1cd49a8611f94b2b62c70f69d9508e77aabb0a5a3e
1,synthetic-cpu-decoder-model,SYNTHETIC CPU MODEL / NOT A GPU MEASUREMENT,decoder-policy,decoder/recovery-latency/lower,seed-0000,0,48,2980.0749064705287,14.28400000000002,0.47916666666666663,1.5208333333333333,4.191780821917808,2.3125,,,,,,,,762e37e8dae95949ea3742c66c9447078c4261eb293bb56e1429c6a49edf66c1
1,synthetic-cpu-decoder-model,SYNTHETIC CPU MODEL / NOT A GPU MEASUREMENT,decoder-policy,decoder/recovery-latency/lower,seed-0001,1,48,2903.118323135668,14.336200000000032,0.5208333333333333,1.5833333333333333,4.118421052631579,2.4791666666666665,,,,,,,,f4ff9cd07bb8a60640cebd2f4c84829499834d4680d8b82f5e17f1f37a627a95
1,synthetic-cpu-decoder-model,SYNTHETIC CPU MODEL / NOT A GPU MEASUREMENT,decoder-policy,decoder/recovery-latency/lower,seed-0002,2,48,2971.3096595815327,12.16764999999989,0.45833333333333337,1.6041666666666667,4.103896103896104,2.2291666666666665,,,,,,,,27ab263d21b52d50c0a603ce06654fce7a8680f6a73f250e675b63c77d7e03ce
1,synthetic-cpu-decoder-model,SYNTHETIC CPU MODEL / NOT A GPU MEASUREMENT,decoder-policy,decoder/recovery-latency/lower,seed-0003,3,48,2947.780360520528,12.873624999999986,0.5,1.4791666666666667,4.535211267605634,2.3333333333333335,,,,,,,,194cd7f5e71720fac12e344ec861a631470133af55a9e38a36ce9a56f6ec49bf
1,synthetic-cpu-decoder-model,SYNTHETIC CPU MODEL / NOT A GPU MEASUREMENT,decoder-policy,decoder/recovery-latency/lower,seed-0004,4,48,2936.710025248817,13.996000000000038,0.45833333333333337,1.4583333333333333,4.414285714285715,2.25,,,,,,,,74205afd6f16317880493993382d697230518193997758d24649f176aa1ea7b7
1,synthetic-cpu-decoder-model,SYNTHETIC CPU MODEL / NOT A GPU MEASUREMENT,decoder-policy,decoder/recovery-latency/lower,seed-0005,5,48,2885.9095306900026,13.633000000000038,0.5,1.625,4.1923076923076925,2.4583333333333335,,,,,,,,423b140deb1f263a518af8a7d452458083ece22b35aa6ad34f307b72da7bac51
1,synthetic-cpu-decoder-model,SYNTHETIC CPU MODEL / NOT A GPU MEASUREMENT,decoder-policy,decoder/recovery-latency/lower,seed-0006,6,48,2946.0391720686653,14.427999999999997,0.5416666666666667,1.4791666666666667,4.352112676056338,2.1666666666666665,,,,,,,,053728f0c8454369d9b3e2c939d99efa2d1983636bfaadc526e1bcab384383b2
1,synthetic-cpu-decoder-model,SYNTHETIC CPU MODEL / NOT A GPU MEASUREMENT,decoder-policy,decoder/recovery-latency/lower,seed-0007,7,48,2932.2839716392778,13.334499999999991,0.5,1.6041666666666667,4.12987012987013,2.4583333333333335,,,,,,,,15ddad9599eb877b7520e58af26b5b24caeb663e7e121a02ae0a9c9d8e4f135b
1,synthetic-cpu-decoder-model,SYNTHETIC CPU MODEL / NOT A GPU MEASUREMENT,decoder-policy,decoder/recovery-latency/lower,seed-0008,8,48,2952.7876156782836,14.260599999999984,0.45833333333333337,1.5,4.277777777777778,2.3333333333333335,,,,,,,,a7cbf3c63bb98ae9e44ef0d3bf95a83e5fc74681587e030b290b936ca2887510
1,synthetic-cpu-decoder-model,SYNTHETIC CPU MODEL / NOT A GPU MEASUREMENT,decoder-policy,decoder/recovery-latency/lower,seed-0009,9,48,2910.912575985984,14.025999999999984,0.5208333333333333,1.5625,4.346666666666667,2.4791666666666665,,,,,,,,b69cb9496df104f7556fb41fb2eaec90db36c753a1322613b1f04334c4cee8cf
1,synthetic-cpu-decoder-model,SYNTHETIC CPU MODEL / NOT A GPU MEASUREMENT,decoder-policy,decoder/recovery-latency/lower,seed-0010,10,48,2902.270497459613,14.24799999999999,0.45833333333333337,1.5416666666666667,4.283783783783784,2.375,,,,,,,,fd1a3b6e0c75371f48eac5113df87d626fb46af1a491dd70075a92ae95b09060
1,synthetic-cpu-decoder-model,SYNTHETIC CPU MODEL / NOT A GPU MEASUREMENT,decoder-policy,decoder/recovery-latency/lower,seed-0011,11,48,2927.5441784661375,14.140000000000043,0.4375,1.5416666666666667,4.472972972972973,2.4166666666666665,,,,,,,,5f3f0ab924b41d88da8fd291ac953c5baf9c338b233ac49e47028a876940f882
1,synthetic-cpu-decoder-model,SYNTHETIC CPU MODEL / NOT A GPU MEASUREMENT,decoder-policy,decoder/recovery-latency/lower,seed-0012,12,48,2952.654101485808,14.427999999999997,0.5208333333333333,1.5625,4.173333333333333,2.3541666666666665,,,,,,,,7a95964b040d5cf9320c24d9666e5e5d70d8b66a649be6f94c4cd48deb06cb0a
1,synthetic-cpu-decoder-model,SYNTHETIC CPU MODEL / NOT A GPU MEASUREMENT,decoder-policy,decoder/recovery-latency/lower,seed-0013,13,48,2977.1567858437343,13.29849999999999,0.47916666666666663,1.5,4.305555555555555,2.3125,,,,,,,,71ce7338d51555a7eefced24ccefb668267f482f1e7dc79a215dd0a911f29b29
1,synthetic-cpu-decoder-model,SYNTHETIC CPU MODEL / NOT A GPU MEASUREMENT,decoder-policy,decoder/recovery-latency/lower,seed-0014,14,48,2914.8808507191357,14.392000000000024,0.5,1.5208333333333333,4.3561643835616435,2.3541666666666665,,,,,,,,c7094c95f5f62d29ca65ca8b87e50941ecd613f293eb47c4f6f2cd8ee8ad6bff
1,synthetic-cpu-decoder-model,SYNTHETIC CPU MODEL / NOT A GPU MEASUREMENT,decoder-policy,decoder/recovery-latency/lower,seed-0015,15,48,2952.7461494309578,10.658500000000004,0.45833333333333337,1.5,4.333333333333333,2.25,,,,,,,,1e13e5ecc23e2c5a7d11385abdd2d4b7ab4a58e6ee9bea9ce56f031b49ed06b3
1,synthetic-cpu-decoder-model,SYNTHETIC CPU MODEL / NOT A GPU MEASUREMENT,decoder-policy,decoder/recovery-latency/lower,seed-0016,16,48,2958.6448606581494,9.028999999999996,0.47916666666666663,1.5416666666666667,4.297297297297297,2.4791666666666665,,,,,,,,ba6cb89dea3404c057ec834c0778ce28067881f48df86ca4c9a8e945636ee108
1,synthetic-cpu-decoder-model,SYNTHETIC CPU MODEL / NOT A GPU MEASUREMENT,decoder-policy,decoder/recovery-latency/lower,seed-0017,17,48,2915.445491866511,14.463999999999999,0.5416666666666667,1.5208333333333333,4.4520547945205475,2.4375,,,,,,,,60e8c22907e7380d8def2a2189dacedeedd6f4a3985e9dacbad4b28127f6edc7
1,synthetic-cpu-decoder-model,SYNTHETIC CPU MODEL / NOT A GPU MEASUREMENT,decoder-policy,decoder/recovery-latency/lower,seed-0018,18,48,2941.829885054526,11.35697499999987,0.5416666666666667,1.4583333333333333,4.485714285714286,2.25,,,,,,,,f58697207f3db109b53afe5c44857dee663d5028c740111b10654063adb0cadc
1,synthetic-cpu-decoder-model,SYNTHETIC CPU MODEL / NOT A GPU MEASUREMENT,decoder-policy,decoder/recovery-latency/lower,seed-0019,19,48,2952.4460620077766,12.665500000000009,0.5,1.4791666666666667,4.352112676056338,2.2708333333333335,,,,,,,,f242a0b752fc3786be07526b10b5596d7a2b6cbe5941289331b62e5eab934d3f
1,synthetic-cpu-decoder-model,SYNTHETIC CPU MODEL / NOT A GPU MEASUREMENT,decoder-policy,decoder/recovery-latency/lower,seed-0020,20,48,2915.672070644223,14.039500000000032,0.4375,1.625,4.102564102564102,2.5,,,,,,,,fd315557306540f5d41266e63f92012d2b8454cde91f1277e2808f03a82deaf1
1,synthetic-cpu-decoder-model,SYNTHETIC CPU MODEL / NOT A GPU MEASUREMENT,decoder-policy,decoder/recovery-latency/lower,seed-0021,21,48,2937.1920307582495,14.4712,0.47916666666666663,1.4791666666666667,4.436619718309859,2.2708333333333335,,,,,,,,5f649c906f6b9acf6cbe5909ca35211766d450b400aedc3dc35f95faa1a88b91
1,synthetic-cpu-decoder-model,SYNTHETIC CPU MODEL / NOT A GPU MEASUREMENT,decoder-policy,decoder/recovery-latency/lower,seed-0022,22,48,2871.813574325197,14.518000000000029,0.5833333333333333,1.5625,4.346666666666667,2.4375,,,,,,,,45ab63088c48f8a7434f78f5605aeefbab5a41aa30565c3b60062e3859d7193c
1,synthetic-cpu-decoder-model,SYNTHETIC CPU MODEL / NOT A GPU MEASUREMENT,decoder-policy,decoder/recovery-latency/lower,seed-0023,23,48,2846.902809130195,13.478499999999997,0.5,1.7083333333333333,4.109756097560975,2.6041666666666665,,,,,,,,945a2bc0b0c7dd1705c65f5d1ddf520f729132b459aad97871cc456fb162090a
1,synthetic-cpu-decoder-model,SYNTHETIC CPU MODEL / NOT A GPU MEASUREMENT,decoder-policy,decoder/recovery-latency/lower,seed-0024,24,48,2919.6722074379422,14.373999999999995,0.5208333333333333,1.6041666666666667,4.324675324675325,2.375,,,,,,,,63dd983086d5d6bf02a993e170ea6deedc516392525f8ea8645bc718ec57d19e
1,synthetic-cpu-decoder-model,SYNTHETIC CPU MODEL / NOT A GPU MEASUREMENT,decoder-policy,decoder/recovery-latency/lower,seed-0025,25,48,2913.7000897813673,14.488299999999983,0.5208333333333333,1.7291666666666667,3.9036144578313254,2.5625,,,,,,,,7241d4353540ebbe829a609a59340263ed4f473d77de16ba150bd459b3805d6b
1,synthetic-cpu-decoder-model,SYNTHETIC CPU MODEL / NOT A GPU MEASUREMENT,decoder-policy,decoder/recovery-latency/lower,seed-0026,26,48,2890.8927102912103,11.834499999999991,0.47916666666666663,1.5416666666666667,4.3108108108108105,2.5,,,,,,,,975a6b2316e854b9782c3b40f8d2d70da006d5345c59ebce5151d349788f23f1
1,synthetic-cpu-decoder-model,SYNTHETIC CPU MODEL / NOT A GPU MEASUREMENT,decoder-policy,decoder/recovery-latency/lower,seed-0027,27,48,3013.407204534631,14.338899999999999,0.47916666666666663,1.375,4.636363636363637,2.125,,,,,,,,df72f8515865b79bcdb5a641ed0755289647deb1a2628228fc70373994b7009e
1,synthetic-cpu-decoder-model,SYNTHETIC CPU MODEL / NOT A GPU MEASUREMENT,decoder-policy,decoder/recovery-latency/lower,seed-0028,28,48,2957.808343068465,14.374000000000024,0.5208333333333333,1.4791666666666667,4.323943661971831,2.1458333333333335,,,,,,,,bf4e80fe03638dfd7b013185a3a96579a809d9e72d3fae543c084fca7d31093d
1,synthetic-cpu-decoder-model,SYNTHETIC CPU MODEL / NOT A GPU MEASUREMENT,decoder-policy,decoder/recovery-latency/lower,seed-0029,29,48,2924.733907516748,13.046500000000037,0.5208333333333333,1.5416666666666667,4.391891891891892,2.3958333333333335,,,,,,,,d250cd61d8b18445b685709de82da645bb9ae56fe59b2eef364cffca694a0dbb
1,synthetic-cpu-decoder-model,SYNTHETIC CPU MODEL / NOT A GPU MEASUREMENT,decoder-policy,decoder/recovery-latency/upper,seed-0000,0,48,2909.7914318710855,14.28400000000002,0.47916666666666663,1.6041666666666667,3.9740259740259742,2.4166666666666665,,,,,,,,10e143e19c3b5b5ba8d7d4aac9531fc0dba581c09c6346f714362a7ec17f7606
1,synthetic-cpu-decoder-model,SYNTHETIC CPU MODEL / NOT A GPU MEASUREMENT,decoder-policy,decoder/recovery-latency/upper,seed-0001,1,48,2874.405753297374,14.336200000000032,0.5208333333333333,1.6666666666666667,3.9125,2.5833333333333335,,,,,,,,bde2083892221987f377eb3bec45dc8c42fdf3e6a0cc939867d79fe37c6d3980
1,synthetic-cpu-decoder-model,SYNTHETIC CPU MODEL / NOT A GPU MEASUREMENT,decoder-policy,decoder/recovery-latency/upper,seed-0002,2,48,2964.3931366965485,12.16764999999989,0.45833333333333337,1.5625,4.213333333333333,2.2083333333333335,,,,,,,,81ef32b4d3c5bf769bfed981dac5dd4bcddcd7f6c2f2b6e457d4b83a611adfa2
1,synthetic-cpu-decoder-model,SYNTHETIC CPU MODEL / NOT A GPU MEASUREMENT,decoder-policy,decoder/recovery-latency/upper,seed-0003,3,48,2915.25262198227,12.0505,0.5,1.5833333333333333,4.2368421052631575,2.4583333333333335,,,,,,,,4989e3b5d26d5020a472bdfaa6ee669ff988f7d66a66dee987ed3fbb38edfe2e
1,synthetic-cpu-decoder-model,SYNTHETIC CPU MODEL / NOT A GPU MEASUREMENT,decoder-policy,decoder/recovery-latency/upper,seed-0004,4,48,2906.861533329417,13.996000000000038,0.45833333333333337,1.4791666666666667,4.352112676056338,2.2083333333333335,,,,,,,,c4c1519d6a2daca6552a93e7b2f9e619125754d442e715ba375085f6011d5583
1,synthetic-cpu-decoder-model,SYNTHETIC CPU MODEL / NOT A GPU MEASUREMENT,decoder-policy,decoder/recovery-latency/upper,seed-0005,5,48,2873.4548979455258,13.633000000000038,0.5,1.625,4.1923076923076925,2.4375,,,,,,,,42aa41894b4902f98c17ae1185bee3df14c73646e4239db5c30dbfe7b945e891
1,synthetic-cpu-decoder-model,SYNTHETIC CPU MODEL / NOT A GPU MEASUREMENT,decoder-policy,decoder/recovery-latency/upper,seed-0006,6,48,2913.1848380244055,14.427999999999997,0.5416666666666667,1.5,4.291666666666667,2.1458333333333335,,,,,,,,24eb6ebd2aacdfb38977541ff920871711ae2028ae494f051eb3ec10d8df5133
1,synthetic-cpu-decoder-model,SYNTHETIC CPU MODEL / NOT A GPU MEASUREMENT,decoder-policy,decoder/recovery-latency/upper,seed-0007,7,48,2929.624796823103,13.334499999999991,0.5,1.6666666666666667,3.975,2.5,,,,,,,,750b8424d9b4f6f3f3089cd37c4970a2ab8e5c44d75fa3219ac6a2e1da60540e
1,synthetic-cpu-decoder-model,SYNTHETIC CPU MODEL / NOT A GPU MEASUREMENT,decoder-policy,decoder/recovery-latency/upper,seed-0008,8,48,2929.566729429875,14.260599999999984,0.45833333333333337,1.5625,4.1066666666666665,2.375,,,,,,,,f7ed3bc8956278f5f4ce031a5b27fee5460fb727fbbbaa5fe092458eaaa60b53
1,synthetic-cpu-decoder-model,SYNTHETIC CPU MODEL / NOT A GPU MEASUREMENT,decoder-policy,decoder/recovery-latency/upper,seed-0009,9,48,2870.8679071482966,14.025999999999984,0.5208333333333333,1.6666666666666667,4.075,2.5416666666666665,,,,,,,,672b6d2a6cb100f64849b0adc24d333cac06cdea996f7a87d616596ad714bfab
1,synthetic-cpu-decoder-model,SYNTHETIC CPU MODEL / NOT A GPU MEASUREMENT,decoder-policy,decoder/recovery-latency/upper,seed-0010,10,48,2862.8073363613953,14.24799999999999,0.45833333333333337,1.6666666666666667,3.9625,2.5,,,,,,,,b15056734ac8da12518f8784513384856957967c17c90d7edb4b6410f1d7f63e
1,synthetic-cpu-decoder-model,SYNTHETIC CPU MODEL / NOT A GPU MEASUREMENT,decoder-policy,decoder/recovery-latency/upper,seed-0011,11,48,2902.7041455530466,12.060999999999979,0.4375,1.6666666666666667,4.1375,2.4583333333333335,,,,,,,,d5afe07b0d625a15f3ee90ad61869eaa19bcb4fe7f8009ba74d11157ff2a984f
1,synthetic-cpu-decoder-model,SYNTHETIC CPU MODEL / NOT A GPU MEASUREMENT,decoder-policy,decoder/recovery-latency/upper,seed-0012,12,48,2937.8083439445404,14.427999999999997,0.5208333333333333,1.4375,4.536231884057971,2.1875,,,,,,,,00f30f460710d5a3b16fb0f6d6e85b169705c6af28626b6add44e07759bbdcff
1,synthetic-cpu-decoder-model,SYNTHETIC CPU MODEL / NOT A GPU MEASUREMENT,decoder-policy,decoder/recovery-latency/upper,seed-0013,13,48,2944.285784335122,13.29849999999999,0.47916666666666663,1.6041666666666667,4.025974025974026,2.375,,,,,,,,704c517237de7ba242c57e4c2258d28d496eda8a7ccb20c8e1daade5300e8118
1,synthetic-cpu-decoder-model,SYNTHETIC CPU MODEL / NOT A GPU MEASUREMENT,decoder-policy,decoder/recovery-latency/upper,seed-0014,14,48,2880.982344824062,14.392000000000024,0.5,1.6041666666666667,4.12987012987013,2.4375,,,,,,,,3b9da3bfa79dc504146366b4345c8d774452cebff4795361f872ba24c2604d13
1,synthetic-cpu-decoder-model,SYNTHETIC CPU MODEL / NOT A GPU MEASUREMENT,decoder-policy,decoder/recovery-latency/upper,seed-0015,15,48,2945.697229424787,10.658500000000004,0.45833333333333337,1.5,4.333333333333333,2.2916666666666665,,,,,,,,2cb1878a6f01e98364a533300597521732adf352b1f9518c6e482aa17dc2e2fa
1,synthetic-cpu-decoder-model,SYNTHETIC CPU MODEL / NOT A GPU MEASUREMENT,decoder-policy,decoder/recovery-latency/upper,seed-0016,16,48,2920.153213713441,8.146899999999931,0.45833333333333337,1.6875,3.925925925925926,2.625,,,,,,,,0bf99e18a94d2fbdf701f5bdcda137427c5c80cc72ea4fadf625262eff75e7af
1,synthetic-cpu-decoder-model,SYNTHETIC CPU MODEL / NOT A GPU MEASUREMENT,decoder-policy,decoder/recovery-latency/upper,seed-0017,17,48,2897.124411077305,14.463999999999999,0.5416666666666667,1.5833333333333333,4.276315789473684,2.4791666666666665,,,,,,,,f2e0e7013609d88b40bb99d51a8ceb8783c73a2c1e23c5cdb8357660c730433f
1,synthetic-cpu-decoder-model,SYNTHETIC CPU MODEL / NOT A GPU MEASUREMENT,decoder-policy,decoder/recovery-latency/upper,seed-0018,18,48,2941.829885054526,11.35697499999987,0.5416666666666667,1.5208333333333333,4.301369863013699,2.3125,,,,,,,,4805087fffcff44f89273e13d5a57b8c1f2d2dfcf1dfcc793b2eb1cab8041824
1,synthetic-cpu-decoder-model,SYNTHETIC CPU MODEL / NOT A GPU MEASUREMENT,decoder-policy,decoder/recovery-latency/upper,seed-0019,19,48,2902.0121719664817,12.665500000000009,0.5,1.5833333333333333,4.065789473684211,2.3958333333333335,,,,,,,,301ab38b604d25bbac23440988266a56286ce03b102546b93fd81ac8a6de21a1
1,synthetic-cpu-decoder-model,SYNTHETIC CPU MODEL / NOT A GPU MEASUREMENT,decoder-policy,decoder/recovery-latency/upper,seed-0020,20,48,2857.9029693752022,13.647999999999906,0.4375,1.6875,3.950617283950617,2.5625,,,,,,,,3cc4779628ab6c5fc94a93dc39f41ce1f92374edc5ad19c4464900e9a950888f
1,synthetic-cpu-decoder-model,SYNTHETIC CPU MODEL / NOT A GPU MEASUREMENT,decoder-policy,decoder/recovery-latency/upper,seed-0021,21,48,2925.2200075965347,14.4712,0.47916666666666663,1.5625,4.2,2.4375,,,,,,,,ea38a96fda9d997380675ac2f3eaf2ba22b424c8d7ab38e3140eff0e9ad792dd
1,synthetic-cpu-decoder-model,SYNTHETIC CPU MODEL / NOT A GPU MEASUREMENT,decoder-policy,decoder/recovery-latency/upper,seed-0022,22,48,2835.079269539644,14.518000000000029,0.5833333333333333,1.6875,4.0246913580246915,2.5625,,,,,,,,81ac1068596bdf5c5c46083b78ce190bde12cf72d922c3e29dc2ad435106e6aa
1,synthetic-cpu-decoder-model,SYNTHETIC CPU MODEL / NOT A GPU MEASUREMENT,decoder-policy,decoder/recovery-latency/upper,seed-0023,23,48,2816.0732134123377,13.478499999999997,0.5,1.7291666666666667,4.0602409638554215,2.5833333333333335,,,,,,,,17f01c38e70093427f9ea8044f22c57f91a7777420c01dab39288035871128a3
1,synthetic-cpu-decoder-model,SYNTHETIC CPU MODEL / NOT A GPU MEASUREMENT,decoder-policy,decoder/recovery-latency/upper,seed-0024,24,48,2902.3360817408548,14.373999999999995,0.5208333333333333,1.7083333333333333,4.060975609756097,2.4375,,,,,,,,711c25f2244efdfaf1c4321c690886c167871e755ce30e42feb1e02cf379e2ed
1,synthetic-cpu-decoder-model,SYNTHETIC CPU MODEL / NOT A GPU MEASUREMENT,decoder-policy,decoder/recovery-latency/upper,seed-0025,25,48,2883.828514491383,14.488299999999983,0.5208333333333333,1.7291666666666667,3.9036144578313254,2.5,,,,,,,,933a68efb426050067ec481c698fc6ea497d1e00aaf3c0546310d9e872aa91c7
1,synthetic-cpu-decoder-model,SYNTHETIC CPU MODEL / NOT A GPU MEASUREMENT,decoder-policy,decoder/recovery-latency/upper,seed-0026,26,48,2804.7607229528116,11.834499999999991,0.47916666666666663,1.6875,3.9382716049382718,2.75,,,,,,,,15e799f180bff3e688911eb3d67472373d2d37215a0eea29e0238b3a0dcbf44a
1,synthetic-cpu-decoder-model,SYNTHETIC CPU MODEL / NOT A GPU MEASUREMENT,decoder-policy,decoder/recovery-latency/upper,seed-0027,27,48,3011.332387481282,14.338899999999999,0.47916666666666663,1.4166666666666667,4.5,2.1458333333333335,,,,,,,,05712038b311318cf87a70696afb2929a795a0fcec89a8bd6ef6fbb4eb78001f
1,synthetic-cpu-decoder-model,SYNTHETIC CPU MODEL / NOT A GPU MEASUREMENT,decoder-policy,decoder/recovery-latency/upper,seed-0028,28,48,2924.95236458038,14.374000000000024,0.5208333333333333,1.5833333333333333,4.0394736842105265,2.2708333333333335,,,,,,,,ece1d8669a20443a44977168fae80bb2dc7ea8fc1ed14f046a56a197987bb5b8
1,synthetic-cpu-decoder-model,SYNTHETIC CPU MODEL / NOT A GPU MEASUREMENT,decoder-policy,decoder/recovery-latency/upper,seed-0029,29,48,2862.9270348648697,13.046500000000037,0.5208333333333333,1.625,4.166666666666667,2.4375,,,,,,,,1197cc8fab744f28f92b7bc8645455e1fe3a89d4a69e772a759ed3e724cd6881
1,synthetic-cpu-decoder-model,SYNTHETIC CPU MODEL / NOT A GPU MEASUREMENT,decoder-policy,decoder/reference,seed-0000,0,48,2980.0749064705287,14.28400000000002,0.47916666666666663,1.4791666666666667,4.309859154929577,2.25,,,,,,,,b391bc8fb4199dca4293afd34daa74e9e54ddb06a88c2c8c2ce986bd0e922ce6
1,synthetic-cpu-decoder-model,SYNTHETIC CPU MODEL / NOT A GPU MEASUREMENT,decoder-policy,decoder/reference,seed-0001,1,48,2903.118323135668,14.336200000000032,0.5208333333333333,1.5625,4.173333333333333,2.4375,,,,,,,,a7df7f9152cd6035e1bbb0541e3baf46b8285c45597e26ce2926b34571068208
1,synthetic-cpu-decoder-model,SYNTHETIC CPU MODEL / NOT A GPU MEASUREMENT,decoder-policy,decoder/reference,seed-0002,2,48,2971.3096595815327,12.16764999999989,0.45833333333333337,1.5625,4.213333333333333,2.1875,,,,,,,,49fdd7795785d3a2232f11932584cb2dfb5b6b970b33bc384c4b90e27f177e41
1,synthetic-cpu-decoder-model,SYNTHETIC CPU MODEL / NOT A GPU MEASUREMENT,decoder-policy,decoder/reference,seed-0003,3,48,2926.1414297308183,12.873624999999986,0.5,1.5,4.472222222222222,2.25,,,,,,,,466800a177dddd7640c9921749fe14661088beb0e27aedc9fca96ff47c64b51d
1,synthetic-cpu-decoder-model,SYNTHETIC CPU MODEL / NOT A GPU MEASUREMENT,decoder-policy,decoder/reference,seed-0004,4,48,2936.710025248817,13.996000000000038,0.45833333333333337,1.4166666666666667,4.544117647058823,2.2083333333333335,,,,,,,,ec8570422ea32426a9c168bc06a9279ac9d7df1833627b6bc9816e654c95abc1
1,synthetic-cpu-decoder-model,SYNTHETIC CPU MODEL / NOT A GPU MEASUREMENT,decoder-policy,decoder/reference,seed-0005,5,48,2885.9095306900026,13.633000000000038,0.5,1.5625,4.36,2.3541666666666665,,,,,,,,cd76f80f0ed73f769e842c0fc5b3832fa0145e484f37dd49e253b649808c9716
1,synthetic-cpu-decoder-model,SYNTHETIC CPU MODEL / NOT A GPU MEASUREMENT,decoder-policy,decoder/reference,seed-0006,6,48,2940.399502721953,14.427999999999997,0.5416666666666667,1.4166666666666667,4.544117647058823,2.0416666666666665,,,,,,,,cc1883eb6c6b611a80dc50df63205c2ddab29ebe72ae5b8a682c5b4388958312
1,synthetic-cpu-decoder-model,SYNTHETIC CPU MODEL / NOT A GPU MEASUREMENT,decoder-policy,decoder/reference,seed-0007,7,48,2932.2839716392778,13.334499999999991,0.5,1.5625,4.24,2.4166666666666665,,,,,,,,fdc2cab2d0f84aa9ce5dc7d60a4ea5af3e42437c090b8dab94d07f4d86648081
1,synthetic-cpu-decoder-model,SYNTHETIC CPU MODEL / NOT A GPU MEASUREMENT,decoder-policy,decoder/reference,seed-0008,8,48,2941.5534005277777,14.260599999999984,0.45833333333333337,1.375,4.666666666666667,2.1666666666666665,,,,,,,,636ee502153f138b3bfca91868d5f874fcd1b2a0620fe8e8993f322f36c3d480
1,synthetic-cpu-decoder-model,SYNTHETIC CPU MODEL / NOT A GPU MEASUREMENT,decoder-policy,decoder/reference,seed-0009,9,48,2910.912575985984,14.025999999999984,0.5208333333333333,1.6041666666666667,4.233766233766234,2.5208333333333335,,,,,,,,8dc6c0c34d413ce06725cf5ba3107df3a908c5f3d02c1d3a0cb915f9260dad9f
1,synthetic-cpu-decoder-model,SYNTHETIC CPU MODEL / NOT A GPU MEASUREMENT,decoder-policy,decoder/reference,seed-0010,10,48,2891.416683854798,14.24799999999999,0.45833333333333337,1.5208333333333333,4.342465753424658,2.25,,,,,,,,b1cb9ab6a328150198f1d60262997395e00a83c77c907b560d5b82cd1756e3b5
1,synthetic-cpu-decoder-model,SYNTHETIC CPU MODEL / NOT A GPU MEASUREMENT,decoder-policy,decoder/reference,seed-0011,11,48,2927.5441784661375,14.140000000000043,0.4375,1.6666666666666667,4.1375,2.5416666666666665,,,,,,,,1c9caf3839759c972e904b20e80bea7935566ff25212fc55c8948b7b337d8db2
1,synthetic-cpu-decoder-model,SYNTHETIC CPU MODEL / NOT A GPU MEASUREMENT,decoder-policy,decoder/reference,seed-0012,12,48,2952.654101485808,14.427999999999997,0.5208333333333333,1.5,4.347222222222222,2.2916666666666665,,,,,,,,c237bb3360f26174751195a2d35cce83efb71f0b00f6a9d1afcff0f7239b76b0
1,synthetic-cpu-decoder-model,SYNTHETIC CPU MODEL / NOT A GPU MEASUREMENT,decoder-policy,decoder/reference,seed-0013,13,48,2977.1567858437343,13.29849999999999,0.47916666666666663,1.5,4.305555555555555,2.2291666666666665,,,,,,,,5d5e93965f8167346d2267958202f9faf9f398d1dde15fa0fe59df55d3afdfeb
1,synthetic-cpu-decoder-model,SYNTHETIC CPU MODEL / NOT A GPU MEASUREMENT,decoder-policy,decoder/reference,seed-0014,14,48,2920.422963330994,14.392000000000024,0.5,1.5208333333333333,4.3561643835616435,2.3125,,,,,,,,d396c50481a4e01eea954f60c359663dda7581301783e7755d1d0a85dbbaf83b
1,synthetic-cpu-decoder-model,SYNTHETIC CPU MODEL / NOT A GPU MEASUREMENT,decoder-policy,decoder/reference,seed-0015,15,48,2952.7461494309578,10.658500000000004,0.45833333333333337,1.4583333333333333,4.457142857142857,2.1875,,,,,,,,289814c5d1d1527fbdc12140d3e3ca67406613981ec3c1b046a01269bfa2cf38
1,synthetic-cpu-decoder-model,SYNTHETIC CPU MODEL / NOT A GPU MEASUREMENT,decoder-policy,decoder/reference,seed-0016,16,48,2958.6448606581494,9.028999999999996,0.47916666666666663,1.5416666666666667,4.297297297297297,2.4583333333333335,,,,,,,,995e7e58e658658ddf1584b2fab5c942fd76c284d6fdb3e493cb4ce3506bd0f1
1,synthetic-cpu-decoder-model,SYNTHETIC CPU MODEL / NOT A GPU MEASUREMENT,decoder-policy,decoder/reference,seed-0017,17,48,2909.922236874858,14.463999999999999,0.5416666666666667,1.5416666666666667,4.391891891891892,2.3958333333333335,,,,,,,,efc6dc7d7b3c03f8853c5abebbacd5c1a1cff8540c49a2879d1ada19c95a0196
1,synthetic-cpu-decoder-model,SYNTHETIC CPU MODEL / NOT A GPU MEASUREMENT,decoder-policy,decoder/reference,seed-0018,18,48,2941.829885054526,11.35697499999987,0.5416666666666667,1.4166666666666667,4.617647058823529,2.2083333333333335,,,,,,,,fbc03b895d13068b14a26999a85412bcf023cfadd692e3e76395937b0d6719ec
1,synthetic-cpu-decoder-model,SYNTHETIC CPU MODEL / NOT A GPU MEASUREMENT,decoder-policy,decoder/reference,seed-0019,19,48,2946.8572395956808,12.665500000000009,0.5,1.4166666666666667,4.544117647058823,2.1458333333333335,,,,,,,,0cad5ec44bb9de4585cfdc5237d6a28c3c5507e7e8932a64e292621c04da8476
1,synthetic-cpu-decoder-model,SYNTHETIC CPU MODEL / NOT A GPU MEASUREMENT,decoder-policy,decoder/reference,seed-0020,20,48,2910.147957934332,14.039500000000032,0.4375,1.5416666666666667,4.324324324324325,2.3541666666666665,,,,,,,,b9719fe85c00f8b52d66d2f5828bba4907fe3e51cb9c48e1e24c7e372cf3bc02
1,synthetic-cpu-decoder-model,SYNTHETIC CPU MODEL / NOT A GPU MEASUREMENT,decoder-policy,decoder/reference,seed-0021,21,48,2926.7450021688355,14.4712,0.47916666666666663,1.4791666666666667,4.436619718309859,2.3125,,,,,,,,9405920f47a521bda155699c83cf4a9fdf68dd2e5137e85a38260fcbf59e944d
1,synthetic-cpu-decoder-model,SYNTHETIC CPU MODEL / NOT A GPU MEASUREMENT,decoder-policy,decoder/reference,seed-0022,22,48,2871.813574325197,14.518000000000029,0.5833333333333333,1.5416666666666667,4.405405405405405,2.3541666666666665,,,,,,,,c1555f7a0921cba2f35efa2f067af572af7de6a539b944844275ecde52e9f016
1,synthetic-cpu-decoder-model,SYNTHETIC CPU MODEL / NOT A GPU MEASUREMENT,decoder-policy,decoder/reference,seed-0023,23,48,2831.230126076155,13.478499999999997,0.5,1.6458333333333333,4.265822784810126,2.4791666666666665,,,,,,,,d2c2ad0193b65ee80113256b86ee137f2cbca1acf237eb765463fbd2b1ac6562
1,synthetic-cpu-decoder-model,SYNTHETIC CPU MODEL / NOT A GPU MEASUREMENT,decoder-policy,decoder/reference,seed-0024,24,48,2909.3492174443095,14.373999999999995,0.5208333333333333,1.625,4.269230769230769,2.3541666666666665,,,,,,,,3f2884b362bbc30031cde491763b7af329e2a611027dfe5d1e11d42f5ca531b3
1,synthetic-cpu-decoder-model,SYNTHETIC CPU MODEL / NOT A GPU MEASUREMENT,decoder-policy,decoder/reference,seed-0025,25,48,2913.7000897813673,14.488299999999983,0.5208333333333333,1.6666666666666667,4.05,2.4375,,,,,,,,6b6291148dfa2b83461e867718ef740415e4f4f2af197c341f770861c42e4f8b
1,synthetic-cpu-decoder-model,SYNTHETIC CPU MODEL / NOT A GPU MEASUREMENT,decoder-policy,decoder/reference,seed-0026,26,48,2880.1236725228473,11.834499999999991,0.47916666666666663,1.5,4.430555555555555,2.4375,,,,,,,,733a86db93c0674604efd52e9a15997149df9dac32a85686457a4afc51b6d65e
1,synthetic-cpu-decoder-model,SYNTHETIC CPU MODEL / NOT A GPU MEASUREMENT,decoder-policy,decoder/reference,seed-0027,27,48,3013.407204534631,14.338899999999999,0.47916666666666663,1.3958333333333333,4.567164179104478,2.1666666666666665,,,,,,,,1508df4bc2f66ed454aa3c8282198134f2ff04425ab0d27db333f0c8b03ed9f2
1,synthetic-cpu-decoder-model,SYNTHETIC CPU MODEL / NOT A GPU MEASUREMENT,decoder-policy,decoder/reference,seed-0028,28,48,2957.808343068465,14.374000000000024,0.5208333333333333,1.4375,4.449275362318841,2.0833333333333335,,,,,,,,b51bc6f27b30bbedc47fb829c907b0bfa727fa1dc48fb2c4bdc0000e067821c3
1,synthetic-cpu-decoder-model,SYNTHETIC CPU MODEL / NOT A GPU MEASUREMENT,decoder-policy,decoder/reference,seed-0029,29,48,2924.733907516748,13.046500000000037,0.5208333333333333,1.5208333333333333,4.4520547945205475,2.3125,,,,,,,,fb588a1b3e707236197f0bf1e4683475bf75b3f6564289ca1a2622375d23e49a
1,synthetic-cpu-decoder-model,SYNTHETIC CPU MODEL / NOT A GPU MEASUREMENT,decoder-policy,decoder/target-batch-capacity/lower,seed-0000,0,48,2787.777097737542,8.967999999999973,0.0,1.75,3.642857142857143,2.7291666666666665,,,,,,,,ca36904dad4fcdbe1631e48e994d9f3530448425459782027a7e4aec1cefdbef
1,synthetic-cpu-decoder-model,SYNTHETIC CPU MODEL / NOT A GPU MEASUREMENT,decoder-policy,decoder/target-batch-capacity/lower,seed-0001,1,48,2720.512081589088,8.8681,0.0,1.8333333333333333,3.5568181818181817,2.9166666666666665,,,,,,,,fca057348ecb9d34a65f38d31e0d5a4d966e3402bc69ddbbf030d9093ee91398
1,synthetic-cpu-decoder-model,SYNTHETIC CPU MODEL / NOT A GPU MEASUREMENT,decoder-policy,decoder/target-batch-capacity/lower,seed-0002,2,48,2732.1379045977415,8.8942,0.0,1.875,3.511111111111111,2.6875,,,,,,,,f9482a5fe9d1e9fc122deb9b6b9777c750a52a8f7798286c276778b4349668b5
1,synthetic-cpu-decoder-model,SYNTHETIC CPU MODEL / NOT A GPU MEASUREMENT,decoder-policy,decoder/target-batch-capacity/lower,seed-0003,3,48,2690.8499186907547,8.896000000000015,0.0,1.8333333333333333,3.659090909090909,2.8541666666666665,,,,,,,,89ea6ac756d3438ca2b1ba2ad9924fb88c12c958a6e351aac9b73b0b0733ad08
1,synthetic-cpu-decoder-model,SYNTHETIC CPU MODEL / NOT A GPU MEASUREMENT,decoder-policy,decoder/target-batch-capacity/lower,seed-0004,4,48,2735.362857438822,8.842000000000013,0.0,1.7083333333333333,3.768292682926829,2.7291666666666665,,,,,,,,831e1c668dddbdbef5a0936621c156a02866bdfbd9faf1b8ac85d794caa62311
1,synthetic-cpu-decoder-model,SYNTHETIC CPU MODEL / NOT A GPU MEASUREMENT,decoder-policy,decoder/target-batch-capacity/lower,seed-0005,5,48,2706.029927557447,8.859999999999982,0.0,1.8333333333333333,3.715909090909091,2.8333333333333335,,,,,,,,096599baa5980ec26b1b76bb25b976745c5bdf083f7b692711725d221a9a5eea
1,synthetic-cpu-decoder-model,SYNTHETIC CPU MODEL / NOT A GPU MEASUREMENT,decoder-policy,decoder/target-batch-capacity/lower,seed-0006,6,48,2739.279792908951,8.868100000000013,0.0,1.7083333333333333,3.768292682926829,2.5208333333333335,,,,,,,,0e67e3f7a2b0a8c2493c934284db52427f90525ff1e5bb3672d62d533fb132f5
1,synthetic-cpu-decoder-model,SYNTHETIC CPU MODEL / NOT A GPU MEASUREMENT,decoder-policy,decoder/target-batch-capacity/lower,seed-0007,7,48,2718.662239581973,8.856399999999983,0.0,1.875,3.533333333333333,2.9583333333333335,,,,,,,,be0db2254b83dfc56e78f06cf634bc28964e759f998a4b9aa77af53a6788135d
1,synthetic-cpu-decoder-model,SYNTHETIC CPU MODEL / NOT A GPU MEASUREMENT,decoder-policy,decoder/target-batch-capacity/lower,seed-0008,8,48,2744.0017168041186,8.949999999999989,0.0,1.6458333333333333,3.8987341772151898,2.625,,,,,,,,56572bf4213253628ff6218d7d31a1fb42d849092bb19b215e1d5cc23fe4fc0b
1,synthetic-cpu-decoder-model,SYNTHETIC CPU MODEL / NOT A GPU MEASUREMENT,decoder-policy,decoder/target-batch-capacity/lower,seed-0009,9,48,2690.3807489137253,8.860000000000014,0.0,1.9166666666666667,3.5434782608695654,3.0416666666666665,,,,,,,,a69dcd5b94ac51c3663677f94777791912020a984f4126272471d34dbbbba5d5
1,synthetic-cpu-decoder-model,SYNTHETIC CPU MODEL / NOT A GPU MEASUREMENT,decoder-policy,decoder/target-batch-capacity/lower,seed-0010,10,48,2686.7199816245416,8.913999999999987,0.0,1.8125,3.6436781609195403,2.8541666666666665,,,,,,,,22726eb6ac62099784a77daea60e9b3b37e78e620fd7654808c17cac9154ac16
1,synthetic-cpu-decoder-model,SYNTHETIC CPU MODEL / NOT A GPU MEASUREMENT,decoder-policy,decoder/target-batch-capacity/lower,seed-0011,11,48,2727.538233763155,8.9824,0.0,1.9583333333333333,3.521276595744681,3.0,,,,,,,,f1f7bd2f7e65ff2b5bd10206839530a6e1790a12ae94536fbe7f7f4cd3821b26
1,synthetic-cpu-decoder-model,SYNTHETIC CPU MODEL / NOT A GPU MEASUREMENT,decoder-policy,decoder/target-batch-capacity/lower,seed-0012,12,48,2735.124219248422,8.896000000000015,0.0,1.8125,3.5977011494252875,2.8541666666666665,,,,,,,,443f5301bffbf1d25ba8297378fda705b9a1d7f14b0fb48e1ae4f0cdbe063cd9
1,synthetic-cpu-decoder-model,SYNTHETIC CPU MODEL / NOT A GPU MEASUREMENT,decoder-policy,decoder/target-batch-capacity/lower,seed-0013,13,48,2771.7202121464015,8.860000000000014,0.0,1.7916666666666667,3.604651162790698,2.7083333333333335,,,,,,,,32b023ced84773a034ea0d71415a3ffcf9134147e31a755c03768909d2dbe41a
1,synthetic-cpu-decoder-model,SYNTHETIC CPU MODEL / NOT A GPU MEASUREMENT,decoder-policy,decoder/target-batch-capacity/lower,seed-0014,14,48,2726.056781129921,8.913999999999987,0.0,1.7916666666666667,3.697674418604651,2.8333333333333335,,,,,,,,eb9db9dfa676c02358031437b57f3dbdbe688f03ccec05692895efe382ea2b6b
1,synthetic-cpu-decoder-model,SYNTHETIC CPU MODEL / NOT A GPU MEASUREMENT,decoder-policy,decoder/target-batch-capacity/lower,seed-0015,15,48,2735.1707330898626,8.913999999999987,0.0,1.7708333333333333,3.6705882352941175,2.7291666666666665,,,,,,,,e95733cc1b2ff97a97d64537d69b8135fa60fb6bfbf1a7271f5138c8d179d32f
1,synthetic-cpu-decoder-model,SYNTHETIC CPU MODEL / NOT A GPU MEASUREMENT,decoder-policy,decoder/target-batch-capacity/lower,seed-0016,16,48,2754.5149824344467,8.878000000000014,0.0,1.8333333333333333,3.6136363636363638,2.9375,,,,,,,,70497599bbc3677452c4634b3a8ba2714c8fde8fc784b29b84aab6ea1fd6d8e6
1,synthetic-cpu-decoder-model,SYNTHETIC CPU MODEL / NOT A GPU MEASUREMENT,decoder-policy,decoder/target-batch-capacity/lower,seed-0017,17,48,2708.027601906635,8.949999999999989,0.0,1.8541666666666667,3.651685393258427,2.9583333333333335,,,,,,,,181d16203016d36f4d0f58d26fb55eec688112ae3f08e9c86a716a0ec5884396
1,synthetic-cpu-decoder-model,SYNTHETIC CPU MODEL / NOT A GPU MEASUREMENT,decoder-policy,decoder/target-batch-capacity/lower,seed-0018,18,48,2740.7819575878116,8.886099999999972,0.0,1.7083333333333333,3.8292682926829267,2.7708333333333335,,,,,,,,fbf92f60da286813f39810205387d36b2fd96967ab0b0984ddccd06be3148b48
1,synthetic-cpu-decoder-model,SYNTHETIC CPU MODEL / NOT A GPU MEASUREMENT,decoder-policy,decoder/target-batch-capacity/lower,seed-0019,19,48,2744.4584459050193,8.894200000000012,0.0,1.7083333333333333,3.768292682926829,2.6041666666666665,,,,,,,,d9b257dc4de6ae9b7aae1e3cc5da0e60930367ea46cba0adfd6ba0ed502b7c7e
1,synthetic-cpu-decoder-model,SYNTHETIC CPU MODEL / NOT A GPU MEASUREMENT,decoder-policy,decoder/target-batch-capacity/lower,seed-0020,20,48,2751.2013959117903,8.949999999999989,0.0,1.7916666666666667,3.7209302325581395,2.8333333333333335,,,,,,,,fbd1eaaf59a39d4482fdecf5741a8ee3c81987cf16600877a32dee6010e15fd9
1,synthetic-cpu-decoder-model,SYNTHETIC CPU MODEL / NOT A GPU MEASUREMENT,decoder-policy,decoder/target-batch-capacity/lower,seed-0021,21,48,2720.405169820432,8.895999999999958,0.0,1.75,3.75,2.8333333333333335,,,,,,,,4f44717fbf7cdf0f2ff8b00f7f1c1033bf49147269b091311bec804271d5b0b5
1,synthetic-cpu-decoder-model,SYNTHETIC CPU MODEL / NOT A GPU MEASUREMENT,decoder-policy,decoder/target-batch-capacity/lower,seed-0022,22,48,2666.3874075086073,8.949999999999989,0.0,1.8541666666666667,3.662921348314607,2.9375,,,,,,,,0a4e0390f607ae0302ba1b285a987c93620c80965b0ea4926d6a24ef924c2f38
1,synthetic-cpu-decoder-model,SYNTHETIC CPU MODEL / NOT A GPU MEASUREMENT,decoder-policy,decoder/target-batch-capacity/lower,seed-0023,23,48,2671.767309312984,8.850099999999987,0.0,1.8958333333333333,3.7032967032967035,3.0,,,,,,,,b22da0a54a4d2ae603f8881ee0d53dd1597cbf0eb40c3890b6d270da8be1a70e
1,synthetic-cpu-decoder-model,SYNTHETIC CPU MODEL / NOT A GPU MEASUREMENT,decoder-policy,decoder/target-batch-capacity/lower,seed-0024,24,48,2689.4533032154386,8.841999999999985,0.0,1.9375,3.5806451612903225,2.9583333333333335,,,,,,,,ba03910f1590a93986cde4101831c9df25e7742baf183fe2b4ba163a72c1d79c
1,synthetic-cpu-decoder-model,SYNTHETIC CPU MODEL / NOT A GPU MEASUREMENT,decoder-policy,decoder/target-batch-capacity/lower,seed-0025,25,48,2716.4457372693987,8.93199999999996,0.0,1.9583333333333333,3.4468085106382977,2.9375,,,,,,,,f3afc4e51d2760904de91377c95aebf1911fa3a74117465aa954729d803cb6ab
1,synthetic-cpu-decoder-model,SYNTHETIC CPU MODEL / NOT A GPU MEASUREMENT,decoder-policy,decoder/target-batch-capacity/lower,seed-0026,26,48,2680.641845447943,8.93199999999996,0.0,1.7708333333333333,3.7529411764705882,2.8958333333333335,,,,,,,,66b5a713017eac664777ee02253dcb8c2d2ee7f6b0efb847a78e5583f8d3e875
1,synthetic-cpu-decoder-model,SYNTHETIC CPU MODEL / NOT A GPU MEASUREMENT,decoder-policy,decoder/target-batch-capacity/lower,seed-0027,27,48,2776.7967851032186,8.914000000000016,0.0,1.7083333333333333,3.731707317073171,2.6666666666666665,,,,,,,,6c39f3d8a601ed0f2ffc7cdcfbbe7a2308ac70dc86df7eaec995b12137587b08
1,synthetic-cpu-decoder-model,SYNTHETIC CPU MODEL / NOT A GPU MEASUREMENT,decoder-policy,decoder/target-batch-capacity/lower,seed-0028,28,48,2739.4486948518897,8.896000000000015,0.0,1.75,3.6547619047619047,2.625,,,,,,,,893ce8b93e107d1606c4edde86e85189f56e3d879be1f5e17de727a83906d7aa
1,synthetic-cpu-decoder-model,SYNTHETIC CPU MODEL / NOT A GPU MEASUREMENT,decoder-policy,decoder/target-batch-capacity/lower,seed-0029,29,48,2702.4999011151426,8.841999999999985,0.0,1.8333333333333333,3.6931818181818183,2.8541666666666665,,,,,,,,59fb64240f8caaddd4960e148a39f30b7bc547064b62c6d68176d18cf1ef058e
1,synthetic-cpu-decoder-model,SYNTHETIC CPU MODEL / NOT A GPU MEASUREMENT,decoder-policy,decoder/target-batch-capacity/upper,seed-0000,0,48,3115.682160555146,18.47199999999998,0.625,1.2916666666666667,4.935483870967742,1.8958333333333333,,,,,,,,0f338a984e60ad90a096411c01eefa1ff6662bd04ab7c9e5f76d224d6f8ceca3
1,synthetic-cpu-decoder-model,SYNTHETIC CPU MODEL / NOT A GPU MEASUREMENT,decoder-policy,decoder/target-batch-capacity/upper,seed-0001,1,48,3030.5845098235795,17.46550000000002,0.6666666666666667,1.375,4.742424242424242,2.125,,,,,,,,5905007276bbd4acada5d9cc2946f11b04b5ffc031940ec3501d8da63a511356
1,synthetic-cpu-decoder-model,SYNTHETIC CPU MODEL / NOT A GPU MEASUREMENT,decoder-policy,decoder/target-batch-capacity/upper,seed-0002,2,48,3053.8574551629144,12.247500000000002,0.6666666666666667,1.4166666666666667,4.647058823529412,1.9375,,,,,,,,e908032664ede5937030b1865b5d818a777d197074f447c436c83ce7affc9896
1,synthetic-cpu-decoder-model,SYNTHETIC CPU MODEL / NOT A GPU MEASUREMENT,decoder-policy,decoder/target-batch-capacity/upper,seed-0003,3,48,3036.8332901238177,16.422499999999957,0.5625,1.3333333333333333,5.03125,1.9583333333333333,,,,,,,,c417e3d5b91d478cad7630f18a8219086341ff880e13aff96d158156b148777a
1,synthetic-cpu-decoder-model,SYNTHETIC CPU MODEL / NOT A GPU MEASUREMENT,decoder-policy,decoder/target-batch-capacity/upper,seed-0004,4,48,3048.0971753643084,19.497500000000002,0.6458333333333333,1.25,5.15,1.875,,,,,,,,e9b05fa0622c9b7bd819d0a71d7e9145aa1eda62f822670c082a441260f3f547
1,synthetic-cpu-decoder-model,SYNTHETIC CPU MODEL / NOT A GPU MEASUREMENT,decoder-policy,decoder/target-batch-capacity/upper,seed-0005,5,48,3010.2622304807396,14.208000000000027,0.5416666666666667,1.375,4.954545454545454,2.0208333333333335,,,,,,,,bfa4a470aae0fbaadb49e26ec9d0a9839a0afa884a65de32c12506fb78188899
1,synthetic-cpu-decoder-model,SYNTHETIC CPU MODEL / NOT A GPU MEASUREMENT,decoder-policy,decoder/target-batch-capacity/upper,seed-0006,6,48,3097.411185452215,19.965000000000003,0.5833333333333333,1.2083333333333333,5.327586206896552,1.6666666666666667,,,,,,,,d772daf0dbb4178bd86a92bd78b68d4dc56ed6022049ec607097efe928c42857
1,synthetic-cpu-decoder-model,SYNTHETIC CPU MODEL / NOT A GPU MEASUREMENT,decoder-policy,decoder/target-batch-capacity/upper,seed-0007,7,48,3062.0966400628713,14.595774999999874,0.5833333333333333,1.375,4.818181818181818,2.1041666666666665,,,,,,,,56fd739c582f65004f4430020d491bc5ff1d03e37e94322eb54472e46242be72
1,synthetic-cpu-decoder-model,SYNTHETIC CPU MODEL / NOT A GPU MEASUREMENT,decoder-policy,decoder/target-batch-capacity/upper,seed-0008,8,48,3072.3702392957666,19.10267499999992,0.6041666666666667,1.1875,5.4035087719298245,1.8333333333333333,,,,,,,,771d5d28613f59be6725e5eff83f3af2db01a64fae1b3f490156e3b84870a5bd
1,synthetic-cpu-decoder-model,SYNTHETIC CPU MODEL / NOT A GPU MEASUREMENT,decoder-policy,decoder/target-batch-capacity/upper,seed-0009,9,48,3035.395711626249,17.35749999999996,0.6458333333333333,1.4166666666666667,4.794117647058823,2.1458333333333335,,,,,,,,2e7991bce7f197f51525f3e30ea05b60c02503844c4449c3c321a695de376157
1,synthetic-cpu-decoder-model,SYNTHETIC CPU MODEL / NOT A GPU MEASUREMENT,decoder-policy,decoder/target-batch-capacity/upper,seed-0010,10,48,3037.1288178217824,16.903499999999852,0.6041666666666667,1.3125,5.031746031746032,1.9375,,,,,,,,3c7dc1795024b51d6c8d3bb1f489a081a1e92e3d822d65567ab468c2354c69ab
1,synthetic-cpu-decoder-model,SYNTHETIC CPU MODEL / NOT A GPU MEASUREMENT,decoder-policy,decoder/target-batch-capacity/upper,seed-0011,11,48,3050.8564877287477,14.524000000000001,0.6666666666666667,1.4791666666666667,4.661971830985915,2.1458333333333335,,,,,,,,4a27c91eef33f95ce248a1679111a6b7cd2bdaf789e3f7b50b16769aa2c57129
1,synthetic-cpu-decoder-model,SYNTHETIC CPU MODEL / NOT A GPU MEASUREMENT,decoder-policy,decoder/target-batch-capacity/upper,seed-0012,12,48,3067.113460894553,18.022999999999968,0.6666666666666667,1.3333333333333333,4.890625,2.0,,,,,,,,cfd82b53fdb7310c17a6b4c02c4d008bae2563b668e4da1ae384945327ae5c2e
1,synthetic-cpu-decoder-model,SYNTHETIC CPU MODEL / NOT A GPU MEASUREMENT,decoder-policy,decoder/target-batch-capacity/upper,seed-0013,13,48,3043.62235086485,12.907900000000003,0.6666666666666667,1.375,4.696969696969697,2.0,,,,,,,,5fad384c200c6662753d90b293d8109f22721fc65f85eaf215140d87079c6bfa
1,synthetic-cpu-decoder-model,SYNTHETIC CPU MODEL / NOT A GPU MEASUREMENT,decoder-policy,decoder/target-batch-capacity/upper,seed-0014,14,48,3001.536648095175,19.964999999999975,0.6041666666666667,1.375,4.818181818181818,2.0416666666666665,,,,,,,,c1ed08530e55518921e6eb71e187b005c1cb4e57cf04b464483cfcb0a32a02f1
1,synthetic-cpu-decoder-model,SYNTHETIC CPU MODEL / NOT A GPU MEASUREMENT,decoder-policy,decoder/target-batch-capacity/upper,seed-0015,15,48,3066.641236099247,19.4795,0.6041666666666667,1.2916666666666667,5.032258064516129,1.8333333333333333,,,,,,,,7cac002804ddea7cf8b139194c780ea85194d637d3d13b4fa4c5258d02664d8d
1,synthetic-cpu-decoder-model,SYNTHETIC CPU MODEL / NOT A GPU MEASUREMENT,decoder-policy,decoder/target-batch-capacity/upper,seed-0016,16,48,3052.7275338779154,13.459499999999991,0.5833333333333333,1.3958333333333333,4.746268656716418,2.1875,,,,,,,,029ea4b3f62767873d369c6af572195cfc4a91c805214a25f0edbd290ecc0ce2
1,synthetic-cpu-decoder-model,SYNTHETIC CPU MODEL / NOT A GPU MEASUREMENT,decoder-policy,decoder/target-batch-capacity/upper,seed-0017,17,48,2996.512903037158,17.98750000000001,0.6666666666666667,1.4166666666666667,4.779411764705882,2.0833333333333335,,,,,,,,b91512fac0fd78c007d66f4eeb77ff43e4ae56ee418f700e3989cad096c35c4a
1,synthetic-cpu-decoder-model,SYNTHETIC CPU MODEL / NOT A GPU MEASUREMENT,decoder-policy,decoder/target-batch-capacity/upper,seed-0018,18,48,3039.1928986647945,18.49000000000001,0.5833333333333333,1.25,5.233333333333333,1.9375,,,,,,,,694a49d6dfcac388d0df907a5a64f8c476798e48968be1fd5d564e0d6c632e7b
1,synthetic-cpu-decoder-model,SYNTHETIC CPU MODEL / NOT A GPU MEASUREMENT,decoder-policy,decoder/target-batch-capacity/upper,seed-0019,19,48,3061.1029344589733,15.793499999999995,0.5833333333333333,1.25,5.15,1.8333333333333333,,,,,,,,35bd5bd793529762c38666c5e6c94dcfb03f28f66a23ae1084a4f25f4e39a38c
1,synthetic-cpu-decoder-model,SYNTHETIC CPU MODEL / NOT A GPU MEASUREMENT,decoder-policy,decoder/target-batch-capacity/upper,seed-0020,20,48,3031.8888264215184,17.897500000000036,0.5625,1.375,4.848484848484849,2.0208333333333335,,,,,,,,1a2e059f520859596b049849fd5d12bbfd94d00a79dfd0f27685a6f8807dc51b
1,synthetic-cpu-decoder-model,SYNTHETIC CPU MODEL / NOT A GPU MEASUREMENT,decoder-policy,decoder/target-batch-capacity/upper,seed-0021,21,48,2985.296385725948,17.141999999999996,0.6666666666666667,1.375,4.7727272727272725,2.0416666666666665,,,,,,,,0f8330e4d9df0518f29a18d27e27885c682299badb1b1cdf7d83e899e408115a
1,synthetic-cpu-decoder-model,SYNTHETIC CPU MODEL / NOT A GPU MEASUREMENT,decoder-policy,decoder/target-batch-capacity/upper,seed-0022,22,48,2997.8121847876837,17.75350000000003,0.6666666666666667,1.3541666666666667,5.015384615384615,2.0625,,,,,,,,ef2da7b06893c2a64831b6ee0ae2b39dcbe646f0bd15cdcb53e4dccaa0c6500e
1,synthetic-cpu-decoder-model,SYNTHETIC CPU MODEL / NOT A GPU MEASUREMENT,decoder-policy,decoder/target-batch-capacity/upper,seed-0023,23,48,2951.157774880148,18.31049999999999,0.5833333333333333,1.4583333333333333,4.814285714285714,2.1666666666666665,,,,,,,,845fabcdd182ed9353179ed16b459efa262608e77c50f1d4148c27da249369a6
1,synthetic-cpu-decoder-model,SYNTHETIC CPU MODEL / NOT A GPU MEASUREMENT,decoder-policy,decoder/target-batch-capacity/upper,seed-0024,24,48,3017.5644181699927,17.088000000000022,0.6666666666666667,1.4583333333333333,4.757142857142857,2.1041666666666665,,,,,,,,7c89f488198cb6fa90942d698c1a0938a2b9dc3436a6576a5cc05a458c2079b4
1,synthetic-cpu-decoder-model,SYNTHETIC CPU MODEL / NOT A GPU MEASUREMENT,decoder-policy,decoder/target-batch-capacity/upper,seed-0025,25,48,3008.472549697839,15.670999999999992,0.5625,1.5208333333333333,4.438356164383562,2.1041666666666665,,,,,,,,b4fea5010bb97720305d62564f81f527f006f71d88071f21d0408fa2ffa57078
1,synthetic-cpu-decoder-model,SYNTHETIC CPU MODEL / NOT A GPU MEASUREMENT,decoder-policy,decoder/target-batch-capacity/upper,seed-0026,26,48,2989.0027738286326,17.771000000000015,0.6458333333333333,1.3333333333333333,4.984375,2.1041666666666665,,,,,,,,371a2b540cdb2b0c9cb980503041eb6e2d68f422e4612722b71f6542903463d8
1,synthetic-cpu-decoder-model,SYNTHETIC CPU MODEL / NOT A GPU MEASUREMENT,decoder-policy,decoder/target-batch-capacity/upper,seed-0027,27,48,3076.047971150742,15.883500000000026,0.6666666666666667,1.2916666666666667,4.935483870967742,1.9375,,,,,,,,a64e1e98998f76338e7c4cffd69bee7983f682d85cfd70fd7de20d8bcb455914
1,synthetic-cpu-decoder-model,SYNTHETIC CPU MODEL / NOT A GPU MEASUREMENT,decoder-policy,decoder/target-batch-capacity/upper,seed-0028,28,48,3090.314704964974,17.577624999999973,0.6666666666666667,1.25,5.116666666666666,1.7916666666666667,,,,,,,,b07843b5a621c0fb7e78261d1efe3df5e419e0cf2e506a4c5863f64ca92aa768
1,synthetic-cpu-decoder-model,SYNTHETIC CPU MODEL / NOT A GPU MEASUREMENT,decoder-policy,decoder/target-batch-capacity/upper,seed-0029,29,48,3034.67762478599,13.06049999999999,0.625,1.3541666666666667,5.0,1.9791666666666667,,,,,,,,60928df848829619246a57c18eadd1b70878c50cb1952af99a8e2b85dbe4e53b
1,synthetic-cpu-one-round-fidelity-model,SYNTHETIC CPU MODEL / NOT A GPU MEASUREMENT,one-round-fidelity,fidelity/branch-fanout/lower,seed-0000,0,48,,,,,,,0.4166666666666667,4.257929433517835,0.0,9.088360011211671,0.6458333333333334,1.5833333333333333,0.0,b50e0c8446697c48ee68bc1e1512e541fbf1d1066b0defed3c247e988cc31a88
1,synthetic-cpu-one-round-fidelity-model,SYNTHETIC CPU MODEL / NOT A GPU MEASUREMENT,one-round-fidelity,fidelity/branch-fanout/lower,seed-0001,1,48,,,,,,,0.6041666666666666,3.1745694510391385,0.0,9.061250869468942,0.75,1.3958333333333333,0.0,6d62fb90c7de25a350078df48ee26dbbacf8eb222c4f7a049ad33ad419124c21
1,synthetic-cpu-one-round-fidelity-model,SYNTHETIC CPU MODEL / NOT A GPU MEASUREMENT,one-round-fidelity,fidelity/branch-fanout/lower,seed-0002,2,48,,,,,,,0.4791666666666667,3.675053186739712,0.0,8.834853165175483,0.6458333333333334,1.5625,0.0,f2e93f83cb831e762cf9a56c233f800e5a66ac93e74e0a60f7536387f6494f48
1,synthetic-cpu-one-round-fidelity-model,SYNTHETIC CPU MODEL / NOT A GPU MEASUREMENT,one-round-fidelity,fidelity/branch-fanout/lower,seed-0003,3,48,,,,,,,0.7291666666666666,2.300797042719792,0.0,8.668771314334336,0.7708333333333334,1.2916666666666667,0.0,e104c6f02dbf12db811a1a9b016a1b9f483165d0377fe54c289e7bccba8c7932
1,synthetic-cpu-one-round-fidelity-model,SYNTHETIC CPU MODEL / NOT A GPU MEASUREMENT,one-round-fidelity,fidelity/branch-fanout/lower,seed-0004,4,48,,,,,,,0.6041666666666666,2.7408278917103535,0.0,9.198609299609616,0.75,1.4166666666666667,0.0,4b84cc775693494048b5798de1c89244cfbed686013e14d1ecccf1cec7041d77
1,synthetic-cpu-one-round-fidelity-model,SYNTHETIC CPU MODEL / NOT A GPU MEASUREMENT,one-round-fidelity,fidelity/branch-fanout/lower,seed-0005,5,48,,,,,,,0.7083333333333334,2.1651019836001013,0.0,8.87102338701841,0.7916666666666666,1.2916666666666667,0.0,fb2c209baa292df0303447f7f4b7c4bb5b53e2e273e6a283aea24a7ca4f557f4
1,synthetic-cpu-one-round-fidelity-model,SYNTHETIC CPU MODEL / NOT A GPU MEASUREMENT,one-round-fidelity,fidelity/branch-fanout/lower,seed-0006,6,48,,,,,,,0.6666666666666666,2.7765918562514584,0.0,9.15311533897445,0.7708333333333334,1.375,0.0,d39c77360155c297624de0bba528c10088c02b603e689b0b9fa4ef5ec890f4d0
1,synthetic-cpu-one-round-fidelity-model,SYNTHETIC CPU MODEL / NOT A GPU MEASUREMENT,one-round-fidelity,fidelity/branch-fanout/lower,seed-0007,7,48,,,,,,,0.4791666666666667,3.737494237118518,0.0,9.237811494315544,0.6458333333333334,1.5416666666666667,0.0,43b3af854f85ca552d08bb503ab51a4bd509a9930a03c47cd6d31f724eaab5c4
1,synthetic-cpu-one-round-fidelity-model,SYNTHETIC CPU MODEL / NOT A GPU MEASUREMENT,one-round-fidelity,fidelity/branch-fanout/lower,seed-0008,8,48,,,,,,,0.6458333333333334,2.5565105132032504,0.0,9.225140851134507,0.7708333333333334,1.3541666666666667,0.0,5fd762ae9833c1decb536d14ed94b28424c559c4b27c11f3cac5b3f5967b5e6a
1,synthetic-cpu-one-round-fidelity-model,SYNTHETIC CPU MODEL / NOT A GPU MEASUREMENT,one-round-fidelity,fidelity/branch-fanout/lower,seed-0009,9,48,,,,,,,0.6041666666666666,3.4144519120376735,0.0,9.188677181953578,0.7083333333333334,1.4375,0.0,48362c66cc7161048688619deb68d569a7a536bdcdeaf94b65ac1686f31b643a
1,synthetic-cpu-one-round-fidelity-model,SYNTHETIC CPU MODEL / NOT A GPU MEASUREMENT,one-round-fidelity,fidelity/branch-fanout/lower,seed-0010,10,48,,,,,,,0.6041666666666666,2.7420433932776014,0.0,8.623619026644965,0.7916666666666666,1.4166666666666667,0.0,cdd468c1525ef1c7d2c87433282f4edd9a49ee5c5fe87aa9cabad3a47d4b909d
1,synthetic-cpu-one-round-fidelity-model,SYNTHETIC CPU MODEL / NOT A GPU MEASUREMENT,one-round-fidelity,fidelity/branch-fanout/lower,seed-0011,11,48,,,,,,,0.6458333333333334,2.5199456127702615,0.0,9.581238600430533,0.8125,1.3958333333333333,0.0,e461e214e7534ba3fd7c20d270786df97fd2f2fe5195a1b8a3001dbfedfcbae5
1,synthetic-cpu-one-round-fidelity-model,SYNTHETIC CPU MODEL / NOT A GPU MEASUREMENT,one-round-fidelity,fidelity/branch-fanout/lower,seed-0012,12,48,,,,,,,0.6041666666666666,3.6664597723700934,0.0,8.630693944706909,0.7083333333333334,1.3958333333333333,0.0,1b11eb1cda3d17311b3acf6a44afb96164a43ce8acf7849fa31414cd37ac9792
1,synthetic-cpu-one-round-fidelity-model,SYNTHETIC CPU MODEL / NOT A GPU MEASUREMENT,one-round-fidelity,fidelity/branch-fanout/lower,seed-0013,13,48,,,,,,,0.625,2.80461941266436,0.0,9.20905891722873,0.75,1.4375,0.0,b21c9033eb03b01bf2d3a05a183960d7862e507f29e52ff2d636cae0f7b09996
1,synthetic-cpu-one-round-fidelity-model,SYNTHETIC CPU MODEL / NOT A GPU MEASUREMENT,one-round-fidelity,fidelity/branch-fanout/lower,seed-0014,14,48,,,,,,,0.6041666666666666,2.359560185901602,0.0,8.820431752617885,0.8125,1.3958333333333333,0.0,d371d219c6b3920cb268cf787cf073d9b839a119312627952f9936fd2bb7a250
1,synthetic-cpu-one-round-fidelity-model,SYNTHETIC CPU MODEL / NOT A GPU MEASUREMENT,one-round-fidelity,fidelity/branch-fanout/lower,seed-0015,15,48,,,,,,,0.6041666666666666,3.384121832118772,0.0,9.25575939357612,0.6875,1.4166666666666667,0.0,e184feca5766bfacf2c3d0bc18a7d9d8ee9a2794096a32f32835482c799de2aa
1,synthetic-cpu-one-round-fidelity-model,SYNTHETIC CPU MODEL / NOT A GPU MEASUREMENT,one-round-fidelity,fidelity/branch-fanout/lower,seed-0016,16,48,,,,,,,0.6666666666666666,2.509036274521238,0.0,9.042064880579977,0.7708333333333334,1.3333333333333333,0.0,45b761ba059fbd3127d8ee5258f5035b8b13e935869fe096299dfdfcb5b20ad6
1,synthetic-cpu-one-round-fidelity-model,SYNTHETIC CPU MODEL / NOT A GPU MEASUREMENT,one-round-fidelity,fidelity/branch-fanout/lower,seed-0017,17,48,,,,,,,0.625,2.638637744856371,0.0,8.885575457768363,0.8333333333333334,1.375,0.0,65fcc1ba241bc1b12e0984c73e96141c210ad943bb16ba4bb8eec004965d3a3f
1,synthetic-cpu-one-round-fidelity-model,SYNTHETIC CPU MODEL / NOT A GPU MEASUREMENT,one-round-fidelity,fidelity/branch-fanout/lower,seed-0018,18,48,,,,,,,0.6041666666666666,3.9531807242682864,0.0,9.11196552231133,0.6666666666666666,1.4375,0.0,72252a2a761f95589bd78a210d3c867d7f0e9cbd575fbee5699ce3202317e180
1,synthetic-cpu-one-round-fidelity-model,SYNTHETIC CPU MODEL / NOT A GPU MEASUREMENT,one-round-fidelity,fidelity/branch-fanout/lower,seed-0019,19,48,,,,,,,0.6041666666666666,2.657675591316544,0.0,8.340376243692189,0.7916666666666666,1.4375,0.0,0639db4b84aa26e69b749365517a8f35b71f707139b9e58bdb5f549766b78dc3
1,synthetic-cpu-one-round-fidelity-model,SYNTHETIC CPU MODEL / NOT A GPU MEASUREMENT,one-round-fidelity,fidelity/branch-fanout/lower,seed-0020,20,48,,,,,,,0.5625,3.328278558496302,0.0,9.277420455727805,0.7291666666666666,1.4375,0.0,e8cb8ec8b8982a4f518f44aefb4b89184d2e77e1cd9ed16626a9c9b33efd3ca0
1,synthetic-cpu-one-round-fidelity-model,SYNTHETIC CPU MODEL / NOT A GPU MEASUREMENT,one-round-fidelity,fidelity/branch-fanout/lower,seed-0021,21,48,,,,,,,0.6458333333333334,2.9691570893311447,0.0,9.08945557362184,0.75,1.375,0.0,d7e07972e69f2e03d739a74b53d7ba4719079de7f147e4f77113aa18fe90b1dc
1,synthetic-cpu-one-round-fidelity-model,SYNTHETIC CPU MODEL / NOT A GPU MEASUREMENT,one-round-fidelity,fidelity/branch-fanout/lower,seed-0022,22,48,,,,,,,0.5833333333333334,3.5607237607857933,0.0,9.284653947149604,0.7291666666666666,1.4166666666666667,0.0,82c2c7f49be6f4bca2c8e648657ec097080d95080f67ba04f703af6e5985f0fd
1,synthetic-cpu-one-round-fidelity-model,SYNTHETIC CPU MODEL / NOT A GPU MEASUREMENT,one-round-fidelity,fidelity/branch-fanout/lower,seed-0023,23,48,,,,,,,0.6875,2.755504369551787,0.0,8.669750459189126,0.75,1.3541666666666667,0.0,9a8fa37eaf6032adcf6fd6aa3ad73575c0ea2e2b6e05239b0184eec1fa72392f
1,synthetic-cpu-one-round-fidelity-model,SYNTHETIC CPU MODEL / NOT A GPU MEASUREMENT,one-round-fidelity,fidelity/branch-fanout/lower,seed-0024,24,48,,,,,,,0.6458333333333334,2.2991900106151775,0.0,8.859965193531677,0.8333333333333334,1.375,0.0,be07f2298b3cb91be162793413711d17cfcb00cede5b2adc0dfe652a66c85d70
1,synthetic-cpu-one-round-fidelity-model,SYNTHETIC CPU MODEL / NOT A GPU MEASUREMENT,one-round-fidelity,fidelity/branch-fanout/lower,seed-0025,25,48,,,,,,,0.6458333333333334,2.9811467651027654,0.0,9.050004489382731,0.7916666666666666,1.3958333333333333,0.0,3d3a12def53f90be712dd545457a6d4e8da9ae0f3dc5fdce417b635b072c7159
1,synthetic-cpu-one-round-fidelity-model,SYNTHETIC CPU MODEL / NOT A GPU MEASUREMENT,one-round-fidelity,fidelity/branch-fanout/lower,seed-0026,26,48,,,,,,,0.6666666666666666,2.068141204901481,0.0,9.035664972277665,0.8125,1.3541666666666667,0.0,b17eec1d62b1b68c1f5b6323372850781b154fd53ec2647e4452bd7e0139ec6e
1,synthetic-cpu-one-round-fidelity-model,SYNTHETIC CPU MODEL / NOT A GPU MEASUREMENT,one-round-fidelity,fidelity/branch-fanout/lower,seed-0027,27,48,,,,,,,0.5625,3.3799122192158073,0.0,8.471277351012324,0.7083333333333334,1.5,0.0,078eb6944ff7152dac78e4fcc25ec71d2441c06d7e319658174283dabe2fddd9
1,synthetic-cpu-one-round-fidelity-model,SYNTHETIC CPU MODEL / NOT A GPU MEASUREMENT,one-round-fidelity,fidelity/branch-fanout/lower,seed-0028,28,48,,,,,,,0.6041666666666666,3.3994446308701716,0.0,9.251326113062275,0.75,1.3958333333333333,0.0,bd79171c79bb4c84437afcc2e081f613a8d32675ce6b027c6c355bb3fd10ff39
1,synthetic-cpu-one-round-fidelity-model,SYNTHETIC CPU MODEL / NOT A GPU MEASUREMENT,one-round-fidelity,fidelity/branch-fanout/lower,seed-0029,29,48,,,,,,,0.6666666666666666,2.9291145660986917,0.0,8.86463936559532,0.7708333333333334,1.4166666666666667,0.0,4abf02b1bc775884847b0a46aeb0fc0da167d2724dced4628c6ec989cf881b6e
1,synthetic-cpu-one-round-fidelity-model,SYNTHETIC CPU MODEL / NOT A GPU MEASUREMENT,one-round-fidelity,fidelity/branch-fanout/upper,seed-0000,0,48,,,,,,,1.0,0.0,0.0,9.088360011211671,1.0,1.0,1.6666666666666667,ad9a37db6d159a822b8de28c8822e09052cda6690ab1b74cd7df5d74d1a6cc5d
1,synthetic-cpu-one-round-fidelity-model,SYNTHETIC CPU MODEL / NOT A GPU MEASUREMENT,one-round-fidelity,fidelity/branch-fanout/upper,seed-0001,1,48,,,,,,,1.0,0.0,0.0,9.061250869468942,1.0,1.0,1.6666666666666667,f6e818e28d23bd531faf17ac052fda4b923c734378af22b3fe8fbae6198e5e42
1,synthetic-cpu-one-round-fidelity-model,SYNTHETIC CPU MODEL / NOT A GPU MEASUREMENT,one-round-fidelity,fidelity/branch-fanout/upper,seed-0002,2,48,,,,,,,1.0,0.0,0.0,8.834853165175483,1.0,1.0,1.6666666666666667,cd6eae318ba0993ad398e00c1cd85f68ddb319711b1f7ea56c7550de3976a3cb
1,synthetic-cpu-one-round-fidelity-model,SYNTHETIC CPU MODEL / NOT A GPU MEASUREMENT,one-round-fidelity,fidelity/branch-fanout/upper,seed-0003,3,48,,,,,,,1.0,0.0,0.0,8.668771314334336,1.0,1.0208333333333333,1.6666666666666667,c9bd9bef08c6fb5c7874ac6a36611d5d0b7a11274b06948f47b27288200a1c75
1,synthetic-cpu-one-round-fidelity-model,SYNTHETIC CPU MODEL / NOT A GPU MEASUREMENT,one-round-fidelity,fidelity/branch-fanout/upper,seed-0004,4,48,,,,,,,1.0,0.0,0.0,9.198609299609616,1.0,1.0208333333333333,1.6666666666666667,813b131cdc9535aacc2245b80dfde446ef420f4d602a5f54f40a2e18571f4a9e
1,synthetic-cpu-one-round-fidelity-model,SYNTHETIC CPU MODEL / NOT A GPU MEASUREMENT,one-round-fidelity,fidelity/branch-fanout/upper,seed-0005,5,48,,,,,,,1.0,0.0,0.0,8.87102338701841,1.0,1.0,1.6666666666666667,d492414ba4c8b1e9a22250e8555a3ec565a33623ae6f6488b6f8c72caa844741
1,synthetic-cpu-one-round-fidelity-model,SYNTHETIC CPU MODEL / NOT A GPU MEASUREMENT,one-round-fidelity,fidelity/branch-fanout/upper,seed-0006,6,48,,,,,,,1.0,0.0,0.0,9.15311533897445,1.0,1.0416666666666667,1.6666666666666667,3884cd756cfd9f597476ba891a0fb562238afa73c349fde0a0065c68332486dc
1,synthetic-cpu-one-round-fidelity-model,SYNTHETIC CPU MODEL / NOT A GPU MEASUREMENT,one-round-fidelity,fidelity/branch-fanout/upper,seed-0007,7,48,,,,,,,1.0,0.0,0.0,9.237811494315544,1.0,1.0208333333333333,1.6666666666666667,8d16de4dbd955636a8913a65b245923eafdb42b2ccae9c3af7fa871731166d98
1,synthetic-cpu-one-round-fidelity-model,SYNTHETIC CPU MODEL / NOT A GPU MEASUREMENT,one-round-fidelity,fidelity/branch-fanout/upper,seed-0008,8,48,,,,,,,1.0,0.0,0.0,9.225140851134507,1.0,1.0,1.6666666666666667,b4451fd44e95a6d87c63a83804afbea2c970e17f1579e1752a0b7ab790273022
1,synthetic-cpu-one-round-fidelity-model,SYNTHETIC CPU MODEL / NOT A GPU MEASUREMENT,one-round-fidelity,fidelity/branch-fanout/upper,seed-0009,9,48,,,,,,,1.0,0.0,0.0,9.188677181953578,1.0,1.0416666666666667,1.6666666666666667,93fdea90fcb9b3d9eac95db21048251720d598ad366bc08dd731331bf5fbf854
1,synthetic-cpu-one-round-fidelity-model,SYNTHETIC CPU MODEL / NOT A GPU MEASUREMENT,one-round-fidelity,fidelity/branch-fanout/upper,seed-0010,10,48,,,,,,,1.0,0.0,0.0,8.623619026644965,1.0,1.0208333333333333,1.6666666666666667,d468fcf9d5d557ad752dfe084f0d9fabec854be6072ad0049eb7c032ddc347f5
1,synthetic-cpu-one-round-fidelity-model,SYNTHETIC CPU MODEL / NOT A GPU MEASUREMENT,one-round-fidelity,fidelity/branch-fanout/upper,seed-0011,11,48,,,,,,,0.9791666666666666,0.13858022177875293,0.0,9.581238600430533,0.9791666666666666,1.0416666666666667,1.6041666666666667,88559d121d9cd367be75cfd691246a32c8021be24bf1b89db545f70165ff8f75
1,synthetic-cpu-one-round-fidelity-model,SYNTHETIC CPU MODEL / NOT A GPU MEASUREMENT,one-round-fidelity,fidelity/branch-fanout/upper,seed-0012,12,48,,,,,,,1.0,0.0,0.0,8.630693944706909,1.0,1.0,1.6666666666666667,0e318793852467d4653ca627b87775d0e5d2b4de5faf52c5c565f44bbf5a986d
1,synthetic-cpu-one-round-fidelity-model,SYNTHETIC CPU MODEL / NOT A GPU MEASUREMENT,one-round-fidelity,fidelity/branch-fanout/upper,seed-0013,13,48,,,,,,,1.0,0.0,0.0,9.20905891722873,1.0,1.0625,1.6666666666666667,839f13258e714a43122f85a8415027a2206e066391006e3c6a923e049c7ad0bc
1,synthetic-cpu-one-round-fidelity-model,SYNTHETIC CPU MODEL / NOT A GPU MEASUREMENT,one-round-fidelity,fidelity/branch-fanout/upper,seed-0014,14,48,,,,,,,1.0,0.0,0.0,8.820431752617885,1.0,1.0,1.6666666666666667,4e3f43d56c436d853673f3fe1f2924cc4ded41ae7685696bea3240c73492ad5e
1,synthetic-cpu-one-round-fidelity-model,SYNTHETIC CPU MODEL / NOT A GPU MEASUREMENT,one-round-fidelity,fidelity/branch-fanout/upper,seed-0015,15,48,,,,,,,1.0,0.0,0.0,9.25575939357612,1.0,1.0,1.6666666666666667,a76e2bba6006839bcc40d18c315d3c6540d89c71e8207b51e98edc6986f17fab
1,synthetic-cpu-one-round-fidelity-model,SYNTHETIC CPU MODEL / NOT A GPU MEASUREMENT,one-round-fidelity,fidelity/branch-fanout/upper,seed-0016,16,48,,,,,,,1.0,0.0,0.0,9.042064880579977,1.0,1.0,1.6666666666666667,80a215b27dc964f3edd893b8cde16db0263028ad91e3ba4abea0f3185f0d3077
1,synthetic-cpu-one-round-fidelity-model,SYNTHETIC CPU MODEL / NOT A GPU MEASUREMENT,one-round-fidelity,fidelity/branch-fanout/upper,seed-0017,17,48,,,,,,,1.0,0.0,0.0,8.885575457768363,1.0,1.0,1.6666666666666667,a1d1b0409146023b434f921a6c496651139b810c6c5b911281c91ea9c359f452
1,synthetic-cpu-one-round-fidelity-model,SYNTHETIC CPU MODEL / NOT A GPU MEASUREMENT,one-round-fidelity,fidelity/branch-fanout/upper,seed-0018,18,48,,,,,,,1.0,0.0,0.0,9.11196552231133,1.0,1.0416666666666667,1.6666666666666667,52d255273ed14640ffb1f6a0be8652b0df307e814a91ea2f412a40cf4517b94a
1,synthetic-cpu-one-round-fidelity-model,SYNTHETIC CPU MODEL / NOT A GPU MEASUREMENT,one-round-fidelity,fidelity/branch-fanout/upper,seed-0019,19,48,,,,,,,1.0,0.0,0.0,8.340376243692189,1.0,1.0208333333333333,1.6666666666666667,af226a5befbd2ba2842e89c43882ced1281de3a84c6b37333307686e427d2cec
1,synthetic-cpu-one-round-fidelity-model,SYNTHETIC CPU MODEL / NOT A GPU MEASUREMENT,one-round-fidelity,fidelity/branch-fanout/upper,seed-0020,20,48,,,,,,,1.0,0.0,0.0,9.277420455727805,1.0,1.0,1.6666666666666667,9c521d7b2178518e41f49d16e82ee4c3a0102efac8efe17675688adcafb89d20
1,synthetic-cpu-one-round-fidelity-model,SYNTHETIC CPU MODEL / NOT A GPU MEASUREMENT,one-round-fidelity,fidelity/branch-fanout/upper,seed-0021,21,48,,,,,,,1.0,0.0,0.0,9.08945557362184,1.0,1.0208333333333333,1.6666666666666667,7f199f00c86a84cadc72911696c016c89549b03925bbb52ad9ce32905845f020
1,synthetic-cpu-one-round-fidelity-model,SYNTHETIC CPU MODEL / NOT A GPU MEASUREMENT,one-round-fidelity,fidelity/branch-fanout/upper,seed-0022,22,48,,,,,,,1.0,0.0,0.0,9.284653947149604,1.0,1.0,1.6666666666666667,99f43f5c4a03ad6922df9b26c2001229f257366113db3b6e65d60b712f786927
1,synthetic-cpu-one-round-fidelity-model,SYNTHETIC CPU MODEL / NOT A GPU MEASUREMENT,one-round-fidelity,fidelity/branch-fanout/upper,seed-0023,23,48,,,,,,,1.0,0.0,0.0,8.669750459189126,1.0,1.0208333333333333,1.6666666666666667,b91bbcb492aba5f84e9f1df240d45692b7aad434b45d3a825df033f4755531ff
1,synthetic-cpu-one-round-fidelity-model,SYNTHETIC CPU MODEL / NOT A GPU MEASUREMENT,one-round-fidelity,fidelity/branch-fanout/upper,seed-0024,24,48,,,,,,,1.0,0.0,0.0,8.859965193531677,1.0,1.0,1.6666666666666667,892b30f3554dadd9d79ea400af3011cda2d749dfad6c6e8e7d66853fedb0f989
1,synthetic-cpu-one-round-fidelity-model,SYNTHETIC CPU MODEL / NOT A GPU MEASUREMENT,one-round-fidelity,fidelity/branch-fanout/upper,seed-0025,25,48,,,,,,,1.0,0.0,0.0,9.050004489382731,1.0,1.0208333333333333,1.6666666666666667,a4382e45fa604e73bfb3648473b6f1a83b2dc8d483ae72eb5eb89924a0116ea9
1,synthetic-cpu-one-round-fidelity-model,SYNTHETIC CPU MODEL / NOT A GPU MEASUREMENT,one-round-fidelity,fidelity/branch-fanout/upper,seed-0026,26,48,,,,,,,1.0,0.0,0.0,9.035664972277665,1.0,1.0,1.6666666666666667,7bd6960615a50189bc380ebb02318579a6ec08555b561c8ed3a54c80c01d5f70
1,synthetic-cpu-one-round-fidelity-model,SYNTHETIC CPU MODEL / NOT A GPU MEASUREMENT,one-round-fidelity,fidelity/branch-fanout/upper,seed-0027,27,48,,,,,,,1.0,0.0,0.0,8.471277351012324,1.0,1.0625,1.6666666666666667,c0f00f499bc7677af67ff07a24e6d79881a9824f05e0d2a162f22b996b75f86c
1,synthetic-cpu-one-round-fidelity-model,SYNTHETIC CPU MODEL / NOT A GPU MEASUREMENT,one-round-fidelity,fidelity/branch-fanout/upper,seed-0028,28,48,,,,,,,1.0,0.0,0.0,9.251326113062275,1.0,1.0,1.6666666666666667,c02a0c1f075fb40e9b44f84331c52688d5f2336e6f47b73f85abd9e1a419d33a
1,synthetic-cpu-one-round-fidelity-model,SYNTHETIC CPU MODEL / NOT A GPU MEASUREMENT,one-round-fidelity,fidelity/branch-fanout/upper,seed-0029,29,48,,,,,,,1.0,0.0,0.0,8.86463936559532,1.0,1.0625,1.6666666666666667,d630edb333f83e8631b7fb8b526b2feaa381b5e1d115bb580c260f5a49f67546
1,synthetic-cpu-one-round-fidelity-model,SYNTHETIC CPU MODEL / NOT A GPU MEASUREMENT,one-round-fidelity,fidelity/cache-budget/lower,seed-0000,0,48,,,,,,,0.6666666666666666,2.115711910562459,0.0,9.088360011211671,0.8333333333333334,1.3333333333333333,1.6666666666666667,6fa2917ff52961af4674895b7040e0525c8f445a5af417274265fa918b518092
1,synthetic-cpu-one-round-fidelity-model,SYNTHETIC CPU MODEL / NOT A GPU MEASUREMENT,one-round-fidelity,fidelity/cache-budget/lower,seed-0001,1,48,,,,,,,0.7708333333333334,1.5585307742185728,0.0,9.061250869468942,0.8541666666666666,1.25,1.6666666666666667,9e4efe535b69bc16f5eb7fa7fbbd322595748a94bcd8aa5deea4a56143825c22
1,synthetic-cpu-one-round-fidelity-model,SYNTHETIC CPU MODEL / NOT A GPU MEASUREMENT,one-round-fidelity,fidelity/cache-budget/lower,seed-0002,2,48,,,,,,,0.6875,2.3177932998394,0.0,8.834853165175483,0.7708333333333334,1.3333333333333333,1.6666666666666667,dfb697000aca70551560c8d6f90e8604fdd4fdea0b52029b2160fd2e9d2ee393
1,synthetic-cpu-one-round-fidelity-model,SYNTHETIC CPU MODEL / NOT A GPU MEASUREMENT,one-round-fidelity,fidelity/cache-budget/lower,seed-0003,3,48,,,,,,,0.7708333333333334,1.6623396356345157,0.0,8.668771314334336,0.8333333333333334,1.25,1.6666666666666667,b724f13b637cef88c8061cd9f38a10270fdb400c6dc3e4c005ff64bd924be8a5
1,synthetic-cpu-one-round-fidelity-model,SYNTHETIC CPU MODEL / NOT A GPU MEASUREMENT,one-round-fidelity,fidelity/cache-budget/lower,seed-0004,4,48,,,,,,,0.7916666666666666,1.5126825698206645,0.0,9.198609299609616,0.8541666666666666,1.2291666666666667,1.6666666666666667,7c8d9181e5cd87f9a518db104c1061c7bbd421aa6ce0553b4bf78980c5c9567f
1,synthetic-cpu-one-round-fidelity-model,SYNTHETIC CPU MODEL / NOT A GPU MEASUREMENT,one-round-fidelity,fidelity/cache-budget/lower,seed-0005,5,48,,,,,,,0.7916666666666666,1.4331580837578668,0.0,8.87102338701841,0.875,1.2083333333333333,1.6666666666666667,13ac111abbf13d8ac5d7d9224c41c2e185a48c8e948a8203a48217abf91985aa
1,synthetic-cpu-one-round-fidelity-model,SYNTHETIC CPU MODEL / NOT A GPU MEASUREMENT,one-round-fidelity,fidelity/cache-budget/lower,seed-0006,6,48,,,,,,,0.8125,1.2160204738798592,0.0,9.15311533897445,0.8958333333333334,1.2291666666666667,1.6666666666666667,ff393928fd73b1788b5909bda7bb15c973411bbd51230842db53eb2efad9c883
1,synthetic-cpu-one-round-fidelity-model,SYNTHETIC CPU MODEL / NOT A GPU MEASUREMENT,one-round-fidelity,fidelity/cache-budget/lower,seed-0007,7,48,,,,,,,0.7291666666666666,2.0337158720886577,0.0,9.237811494315544,0.7708333333333334,1.2916666666666667,1.6666666666666667,79f6926484c2b600a72cd4551f6b5a90e3d01bb61d5e50d41e83da5571ca4a2d
1,synthetic-cpu-one-round-fidelity-model,SYNTHETIC CPU MODEL / NOT A GPU MEASUREMENT,one-round-fidelity,fidelity/cache-budget/lower,seed-0008,8,48,,,,,,,0.7708333333333334,1.2496718422125805,0.0,9.225140851134507,0.875,1.25,1.6666666666666667,f65cc63cc1e3c9253b2dac54298628a8e4a44d24bf42bbf8cca7b9eb65157215
1,synthetic-cpu-one-round-fidelity-model,SYNTHETIC CPU MODEL / NOT A GPU MEASUREMENT,one-round-fidelity,fidelity/cache-budget/lower,seed-0009,9,48,,,,,,,0.7708333333333334,1.7581464600420873,0.0,9.188677181953578,0.8541666666666666,1.2708333333333333,1.6666666666666667,eac7db3484653753fbb4b49cffa54c4319521b7c4e1884779412a663d96b47c3
1,synthetic-cpu-one-round-fidelity-model,SYNTHETIC CPU MODEL / NOT A GPU MEASUREMENT,one-round-fidelity,fidelity/cache-budget/lower,seed-0010,10,48,,,,,,,0.7083333333333334,2.3039677028024035,0.0,8.623619026644965,0.8125,1.3125,1.6666666666666667,777b664ed21d9448952150ea99fb5e1ac0531d1af80fc05e9bf30f4524e20381
1,synthetic-cpu-one-round-fidelity-model,SYNTHETIC CPU MODEL / NOT A GPU MEASUREMENT,one-round-fidelity,fidelity/cache-budget/lower,seed-0011,11,48,,,,,,,0.7916666666666666,1.28737420949835,0.0,9.581238600430533,0.8958333333333334,1.2291666666666667,1.625,00b3a20827f2cc89506d46164616ed8efd63e0f8388dc065d6d8c73336973ff6
1,synthetic-cpu-one-round-fidelity-model,SYNTHETIC CPU MODEL / NOT A GPU MEASUREMENT,one-round-fidelity,fidelity/cache-budget/lower,seed-0012,12,48,,,,,,,0.8333333333333334,1.1386518638443228,0.0,8.630693944706909,0.875,1.1666666666666667,1.6666666666666667,c92d304ad58992c764b6013fc3b2d2f9151e140f3d00537452f15be303b98c63
1,synthetic-cpu-one-round-fidelity-model,SYNTHETIC CPU MODEL / NOT A GPU MEASUREMENT,one-round-fidelity,fidelity/cache-budget/lower,seed-0013,13,48,,,,,,,0.75,1.5784185206908397,0.0,9.20905891722873,0.8333333333333334,1.3125,1.6666666666666667,262acaea78f55b28456ed1fc431a67b95fca47444548cc406149f87e40798512
1,synthetic-cpu-one-round-fidelity-model,SYNTHETIC CPU MODEL / NOT A GPU MEASUREMENT,one-round-fidelity,fidelity/cache-budget/lower,seed-0014,14,48,,,,,,,0.8125,1.3537003537341918,0.0,8.820431752617885,0.875,1.1875,1.6666666666666667,361ea24b8e15acca0f1241bfb3606b7b578295848de592cfeba154a1897a2eca
1,synthetic-cpu-one-round-fidelity-model,SYNTHETIC CPU MODEL / NOT A GPU MEASUREMENT,one-round-fidelity,fidelity/cache-budget/lower,seed-0015,15,48,,,,,,,0.7083333333333334,2.265934852650791,0.0,9.25575939357612,0.7916666666666666,1.3125,1.6666666666666667,5fa3590adb5f6abf221de6db2e83300899c629328e48558cf418f0c551e055bb
1,synthetic-cpu-one-round-fidelity-model,SYNTHETIC CPU MODEL / NOT A GPU MEASUREMENT,one-round-fidelity,fidelity/cache-budget/lower,seed-0016,16,48,,,,,,,0.8125,0.8558784324851239,0.0,9.042064880579977,0.9166666666666666,1.1875,1.6666666666666667,455c0d983145ccccb632a4d0d9857f299a2ec23767c995f71cdb01835af458bc
1,synthetic-cpu-one-round-fidelity-model,SYNTHETIC CPU MODEL / NOT A GPU MEASUREMENT,one-round-fidelity,fidelity/cache-budget/lower,seed-0017,17,48,,,,,,,0.8125,1.2681202297191139,0.0,8.885575457768363,0.875,1.2083333333333333,1.6666666666666667,b144d9b76fadf186858f01b01a81e1551c1f8ea33168587e8e75674adf8b8dc8
1,synthetic-cpu-one-round-fidelity-model,SYNTHETIC CPU MODEL / NOT A GPU MEASUREMENT,one-round-fidelity,fidelity/cache-budget/lower,seed-0018,18,48,,,,,,,0.7916666666666666,1.5242847215695197,0.0,9.11196552231133,0.875,1.25,1.6666666666666667,f82139944809b69956dfb8879161d708c6f9b84aa5791977a7bdd1386604b144
1,synthetic-cpu-one-round-fidelity-model,SYNTHETIC CPU MODEL / NOT A GPU MEASUREMENT,one-round-fidelity,fidelity/cache-budget/lower,seed-0019,19,48,,,,,,,0.7708333333333334,1.6214324146942396,0.0,8.340376243692189,0.8541666666666666,1.25,1.6666666666666667,ba069796deecb6d718ac65ad8c33e3fc7f1999ec1a363fe98c05f03a977b83c4
1,synthetic-cpu-one-round-fidelity-model,SYNTHETIC CPU MODEL / NOT A GPU MEASUREMENT,one-round-fidelity,fidelity/cache-budget/lower,seed-0020,20,48,,,,,,,0.7708333333333334,1.6150302891306858,0.0,9.277420455727805,0.8541666666666666,1.2291666666666667,1.6666666666666667,5941889149e5317d58c00877493cbae4437ac799403669e54b79f5720380af4c
1,synthetic-cpu-one-round-fidelity-model,SYNTHETIC CPU MODEL / NOT A GPU MEASUREMENT,one-round-fidelity,fidelity/cache-budget/lower,seed-0021,21,48,,,,,,,0.7291666666666666,2.3700463116653987,0.0,9.08945557362184,0.7916666666666666,1.2916666666666667,1.6666666666666667,dd1a1470ecccc2177897a66bf43f574df7d59f8468f1c33c8bb90c7bb88d88fc
1,synthetic-cpu-one-round-fidelity-model,SYNTHETIC CPU MODEL / NOT A GPU MEASUREMENT,one-round-fidelity,fidelity/cache-budget/lower,seed-0022,22,48,,,,,,,0.8125,1.113876440280924,0.0,9.284653947149604,0.8958333333333334,1.1875,1.6666666666666667,c7bf047dad8a52c37d99dee392432914217604875fa859102f1c6749d7088416
1,synthetic-cpu-one-round-fidelity-model,SYNTHETIC CPU MODEL / NOT A GPU MEASUREMENT,one-round-fidelity,fidelity/cache-budget/lower,seed-0023,23,48,,,,,,,0.8125,1.3911628550515147,0.0,8.669750459189126,0.875,1.2083333333333333,1.6666666666666667,af2287eb9f2a0a4315275265d37e9b9405b9d6c9e0ca7ed49df8149338795890
1,synthetic-cpu-one-round-fidelity-model,SYNTHETIC CPU MODEL / NOT A GPU MEASUREMENT,one-round-fidelity,fidelity/cache-budget/lower,seed-0024,24,48,,,,,,,0.7916666666666666,1.4809192849608237,0.0,8.859965193531677,0.875,1.2083333333333333,1.6666666666666667,780ded7219d8e17af23d0f6e2d69229344d780e4e7c06848aad0cf84733ac7e1
1,synthetic-cpu-one-round-fidelity-model,SYNTHETIC CPU MODEL / NOT A GPU MEASUREMENT,one-round-fidelity,fidelity/cache-budget/lower,seed-0025,25,48,,,,,,,0.7708333333333334,1.542688043125251,0.0,9.050004489382731,0.8958333333333334,1.2708333333333333,1.6666666666666667,645db36ffb6df75d6c6338c5614605bfd7b57953ac0142f5481465323a259784
1,synthetic-cpu-one-round-fidelity-model,SYNTHETIC CPU MODEL / NOT A GPU MEASUREMENT,one-round-fidelity,fidelity/cache-budget/lower,seed-0026,26,48,,,,,,,0.8125,1.4049520175124244,0.0,9.035664972277665,0.875,1.2083333333333333,1.6666666666666667,6f8635d59f0106ae2129f553daf722a2f71e75ea8c2c74831dc273fcbb7c757f
1,synthetic-cpu-one-round-fidelity-model,SYNTHETIC CPU MODEL / NOT A GPU MEASUREMENT,one-round-fidelity,fidelity/cache-budget/lower,seed-0027,27,48,,,,,,,0.8125,1.15656671111999,0.0,8.471277351012324,0.875,1.25,1.6666666666666667,b505a13c349a24f4984f6d91e2164a61e2b0bbed352820344a255e1df3daf0cf
1,synthetic-cpu-one-round-fidelity-model,SYNTHETIC CPU MODEL / NOT A GPU MEASUREMENT,one-round-fidelity,fidelity/cache-budget/lower,seed-0028,28,48,,,,,,,0.7708333333333334,2.036337920839641,0.0,9.251326113062275,0.8333333333333334,1.2291666666666667,1.6666666666666667,00060c3765c3cbdc5f6ec409e905b1278c98bba8e7f0d7952a9bc7e093c9ef40
1,synthetic-cpu-one-round-fidelity-model,SYNTHETIC CPU MODEL / NOT A GPU MEASUREMENT,one-round-fidelity,fidelity/cache-budget/lower,seed-0029,29,48,,,,,,,0.8541666666666666,0.9342729974933603,0.0,8.86463936559532,0.8958333333333334,1.2083333333333333,1.6666666666666667,e32f8cf2f3d985ea26d9ec215ae2dcae1bdc3c73fad0698434c08a064712ff1c
1,synthetic-cpu-one-round-fidelity-model,SYNTHETIC CPU MODEL / NOT A GPU MEASUREMENT,one-round-fidelity,fidelity/cache-budget/upper,seed-0000,0,48,,,,,,,0.6875,2.0156631083298806,0.0,9.088360011211671,0.8333333333333334,1.3125,0.0,81acaca9caeddebab4d1543bc1853024549d75295444fdeadd42849842582fe4
1,synthetic-cpu-one-round-fidelity-model,SYNTHETIC CPU MODEL / NOT A GPU MEASUREMENT,one-round-fidelity,fidelity/cache-budget/upper,seed-0001,1,48,,,,,,,0.8333333333333334,1.0502684593902538,0.0,9.061250869468942,0.9166666666666666,1.1666666666666667,0.0,f4a6041240ceec11f5e1d21c96ec1cbe82087fd6747ab80ea0425dc3902a92e6
1,synthetic-cpu-one-round-fidelity-model,SYNTHETIC CPU MODEL / NOT A GPU MEASUREMENT,one-round-fidelity,fidelity/cache-budget/upper,seed-0002,2,48,,,,,,,0.7291666666666666,2.1152585005776077,0.0,8.834853165175483,0.7916666666666666,1.2916666666666667,0.0,5c16dc341f1f6317c12a686cdfcca4fe6d0d1e9b9de997b978d9735946d433ad
1,synthetic-cpu-one-round-fidelity-model,SYNTHETIC CPU MODEL / NOT A GPU MEASUREMENT,one-round-fidelity,fidelity/cache-budget/upper,seed-0003,3,48,,,,,,,0.8333333333333334,1.1899195537123453,0.0,8.668771314334336,0.875,1.1875,0.0,5a3ca2decc9b21c02f485c067d56f1013646a033e2c2346fc2733292d5ab6e98
1,synthetic-cpu-one-round-fidelity-model,SYNTHETIC CPU MODEL / NOT A GPU MEASUREMENT,one-round-fidelity,fidelity/cache-budget/upper,seed-0004,4,48,,,,,,,0.8541666666666666,1.2356362962225578,0.0,9.198609299609616,0.875,1.1666666666666667,0.0,e5d0163b2c051ea1f0834681c32d4b9dea3dd0dc460bf095636ea37b194e8e9f
1,synthetic-cpu-one-round-fidelity-model,SYNTHETIC CPU MODEL / NOT A GPU MEASUREMENT,one-round-fidelity,fidelity/cache-budget/upper,seed-0005,5,48,,,,,,,0.8958333333333334,0.8329853033946426,0.0,8.87102338701841,0.9375,1.1041666666666667,0.0,ee9e1c1ec74edfabb368879d71074b067e4a3835fdbaf78961f621038dcb4261
1,synthetic-cpu-one-round-fidelity-model,SYNTHETIC CPU MODEL / NOT A GPU MEASUREMENT,one-round-fidelity,fidelity/cache-budget/upper,seed-0006,6,48,,,,,,,0.8958333333333334,0.7743568083818652,0.0,9.15311533897445,0.9375,1.1458333333333333,0.0,b0169fcf5a94a7e428df7550e13baa028133496d90e6c1eeb2549972dbfa95d7
1,synthetic-cpu-one-round-fidelity-model,SYNTHETIC CPU MODEL / NOT A GPU MEASUREMENT,one-round-fidelity,fidelity/cache-budget/upper,seed-0007,7,48,,,,,,,0.7916666666666666,1.5369053315575856,0.0,9.237811494315544,0.8125,1.2291666666666667,0.0,5b50f44a097d55ebcf6c05a8ac38d09ff3790562e9a9c29487bd4ee9997866be
1,synthetic-cpu-one-round-fidelity-model,SYNTHETIC CPU MODEL / NOT A GPU MEASUREMENT,one-round-fidelity,fidelity/cache-budget/upper,seed-0008,8,48,,,,,,,0.875,0.6026251377633031,0.0,9.225140851134507,0.9375,1.125,0.0,d05d54f3968350b0b92e969d88466d63285b0327a5cd8eb238f8f6b55db955d1
1,synthetic-cpu-one-round-fidelity-model,SYNTHETIC CPU MODEL / NOT A GPU MEASUREMENT,one-round-fidelity,fidelity/cache-budget/upper,seed-0009,9,48,,,,,,,0.8333333333333334,1.3219591344423198,0.0,9.188677181953578,0.8958333333333334,1.2083333333333333,0.0,5b8a4ec0ffc5fb0d98fed1d4a423c0e61ae7d56e60c479aa74cd35026b429db5
1,synthetic-cpu-one-round-fidelity-model,SYNTHETIC CPU MODEL / NOT A GPU MEASUREMENT,one-round-fidelity,fidelity/cache-budget/upper,seed-0010,10,48,,,,,,,0.8125,1.5660945236926278,0.0,8.623619026644965,0.875,1.2083333333333333,0.0,a417e4a285181317722f36cc721eed372354c3f844acdd2594702377800cb496
1,synthetic-cpu-one-round-fidelity-model,SYNTHETIC CPU MODEL / NOT A GPU MEASUREMENT,one-round-fidelity,fidelity/cache-budget/upper,seed-0011,11,48,,,,,,,0.8333333333333334,1.003515285412671,0.0,9.581238600430533,0.9166666666666666,1.1875,0.0,a09b1c7415211d61cdcc2661724dc217a946df03654f272e0d3e8d9714cf192e
1,synthetic-cpu-one-round-fidelity-model,SYNTHETIC CPU MODEL / NOT A GPU MEASUREMENT,one-round-fidelity,fidelity/cache-budget/upper,seed-0012,12,48,,,,,,,0.8958333333333334,0.7452615331497139,0.0,8.630693944706909,0.9166666666666666,1.1041666666666667,0.0,aa23d2a2335dbb9405da3862293e13790b0243ba443f52c830bb626ba60f52b1
1,synthetic-cpu-one-round-fidelity-model,SYNTHETIC CPU MODEL / NOT A GPU MEASUREMENT,one-round-fidelity,fidelity/cache-budget/upper,seed-0013,13,48,,,,,,,0.8125,1.2036429598997571,0.0,9.20905891722873,0.875,1.25,0.0,0f2b3be677b4d9451f3adebb1f5b75c45f5ce819b5b59ef0dfc2aecb44d9d7f6
1,synthetic-cpu-one-round-fidelity-model,SYNTHETIC CPU MODEL / NOT A GPU MEASUREMENT,one-round-fidelity,fidelity/cache-budget/upper,seed-0014,14,48,,,,,,,0.9166666666666666,0.7543558553667399,0.0,8.820431752617885,0.9375,1.0833333333333333,0.0,e501ae8f997cd306c9cb07d1ed333ae81b5acee430dfd02dcf09c65ae5b568a0
1,synthetic-cpu-one-round-fidelity-model,SYNTHETIC CPU MODEL / NOT A GPU MEASUREMENT,one-round-fidelity,fidelity/cache-budget/upper,seed-0015,15,48,,,,,,,0.7916666666666666,1.6865322871054211,0.0,9.25575939357612,0.8333333333333334,1.2083333333333333,0.0,c901fe0582efdd094f217fd56f86fdafa624e693e3012b2af6daf5506bb33dc0
1,synthetic-cpu-one-round-fidelity-model,SYNTHETIC CPU MODEL / NOT A GPU MEASUREMENT,one-round-fidelity,fidelity/cache-budget/upper,seed-0016,16,48,,,,,,,0.8958333333333334,0.23763017776584847,0.0,9.042064880579977,0.9791666666666666,1.1041666666666667,0.0,6403ecc585f3e484614bb5a646f17f458766412bf4198d699295fd69fea447ba
1,synthetic-cpu-one-round-fidelity-model,SYNTHETIC CPU MODEL / NOT A GPU MEASUREMENT,one-round-fidelity,fidelity/cache-budget/upper,seed-0017,17,48,,,,,,,0.9166666666666666,0.6572408923622047,0.0,8.885575457768363,0.9375,1.0833333333333333,0.0,f71c3a1e4da4f3df82ea134a8a40c7d0ccd7712bbafc9a174a8508628e73ea47
1,synthetic-cpu-one-round-fidelity-model,SYNTHETIC CPU MODEL / NOT A GPU MEASUREMENT,one-round-fidelity,fidelity/cache-budget/upper,seed-0018,18,48,,,,,,,0.8541666666666666,1.2247912288480285,0.0,9.11196552231133,0.8958333333333334,1.1875,0.0,926752049400bf7bff4ceb50d64f7dc2b77c0e2c45dbfd8a3f98e6c0e904cbb3
1,synthetic-cpu-one-round-fidelity-model,SYNTHETIC CPU MODEL / NOT A GPU MEASUREMENT,one-round-fidelity,fidelity/cache-budget/upper,seed-0019,19,48,,,,,,,0.8125,1.337347250683738,0.0,8.340376243692189,0.875,1.2083333333333333,0.0,18c454a166d21abb9cb222c754d5b0f1de13c464dc4fa99ed8c6e7bc201d901b
1,synthetic-cpu-one-round-fidelity-model,SYNTHETIC CPU MODEL / NOT A GPU MEASUREMENT,one-round-fidelity,fidelity/cache-budget/upper,seed-0020,20,48,,,,,,,0.8333333333333334,1.3173739860835767,0.0,9.277420455727805,0.875,1.1666666666666667,0.0,9d51b72ac11f865510c9fa114df8a4e7d61cf1b7cee43d38bcba46a04409525c
1,synthetic-cpu-one-round-fidelity-model,SYNTHETIC CPU MODEL / NOT A GPU MEASUREMENT,one-round-fidelity,fidelity/cache-budget/upper,seed-0021,21,48,,,,,,,0.7708333333333334,2.0804378992924533,0.0,9.08945557362184,0.8125,1.25,0.0,78d20403362a67345f5c48d85a1a89df19f6058fabe23587d5c48f660411301b
1,synthetic-cpu-one-round-fidelity-model,SYNTHETIC CPU MODEL / NOT A GPU MEASUREMENT,one-round-fidelity,fidelity/cache-budget/upper,seed-0022,22,48,,,,,,,0.875,0.6962095545810123,0.0,9.284653947149604,0.9375,1.125,0.0,e53d24d671f064350843ad509bd5014e065c600ae40a5b2a53be49ba9da41985
1,synthetic-cpu-one-round-fidelity-model,SYNTHETIC CPU MODEL / NOT A GPU MEASUREMENT,one-round-fidelity,fidelity/cache-budget/upper,seed-0023,23,48,,,,,,,0.8958333333333334,0.8432701211683136,0.0,8.669750459189126,0.9375,1.125,0.0,48de2ff44855cee23655509a75660bf4248e74ad2b88d1c2cb06c9f74182a4c7
1,synthetic-cpu-one-round-fidelity-model,SYNTHETIC CPU MODEL / NOT A GPU MEASUREMENT,one-round-fidelity,fidelity/cache-budget/upper,seed-0024,24,48,,,,,,,0.8958333333333334,0.893273779846461,0.0,8.859965193531677,0.9375,1.1041666666666667,0.0,894d0339483379c029b196b5263b983edce6144aa9e6c815375d6ae1ad981e29
1,synthetic-cpu-one-round-fidelity-model,SYNTHETIC CPU MODEL / NOT A GPU MEASUREMENT,one-round-fidelity,fidelity/cache-budget/upper,seed-0025,25,48,,,,,,,0.8541666666666666,1.016368365642167,0.0,9.050004489382731,0.9375,1.1875,0.0,649f3388f69f32770dad309928784558bf6addc82abe4fcde9ec3e76aadadd7f
1,synthetic-cpu-one-round-fidelity-model,SYNTHETIC CPU MODEL / NOT A GPU MEASUREMENT,one-round-fidelity,fidelity/cache-budget/upper,seed-0026,26,48,,,,,,,0.875,0.9738113864507145,0.0,9.035664972277665,0.9166666666666666,1.1458333333333333,0.0,4a1d940091432151b04fc8e682e1f14d19e429e42c1f190ddb08d922ca44ab7a
1,synthetic-cpu-one-round-fidelity-model,SYNTHETIC CPU MODEL / NOT A GPU MEASUREMENT,one-round-fidelity,fidelity/cache-budget/upper,seed-0027,27,48,,,,,,,0.9375,0.4184312493065236,0.0,8.471277351012324,0.9375,1.125,0.0,3ca317dbb6e768f3df2f1b5ad75e6fc8acba18101b0f5115a0696b5e252844c4
1,synthetic-cpu-one-round-fidelity-model,SYNTHETIC CPU MODEL / NOT A GPU MEASUREMENT,one-round-fidelity,fidelity/cache-budget/upper,seed-0028,28,48,,,,,,,0.875,1.4373340820361538,0.0,9.251326113062275,0.8958333333333334,1.125,0.0,b88aae26150ae0516057493c2531c3e075c3b676348ea5aa2cf8d5bce2deb246
1,synthetic-cpu-one-round-fidelity-model,SYNTHETIC CPU MODEL / NOT A GPU MEASUREMENT,one-round-fidelity,fidelity/cache-budget/upper,seed-0029,29,48,,,,,,,0.9375,0.5061066569784954,0.0,8.86463936559532,0.9375,1.125,0.0,c81cc3a5b5602cd32f140da2e1000f656e3372038c410001be0a744665dad9aa
1,synthetic-cpu-one-round-fidelity-model,SYNTHETIC CPU MODEL / NOT A GPU MEASUREMENT,one-round-fidelity,fidelity/network-failure/lower,seed-0000,0,48,,,,,,,0.6875,2.0156631083298806,0.0,9.088360011211671,0.8333333333333334,1.3125,0.6666666666666666,8727825c8a429fe0b7d7a4f95c70d29bbc72c06dfdb3f2e59d8ff5a7c391857d
1,synthetic-cpu-one-round-fidelity-model,SYNTHETIC CPU MODEL / NOT A GPU MEASUREMENT,one-round-fidelity,fidelity/network-failure/lower,seed-0001,1,48,,,,,,,0.8333333333333334,1.0502684593902538,0.0,9.061250869468942,0.9166666666666666,1.1666666666666667,0.6666666666666666,b97d5520378116f6f8284a7c43dc866fe1d32073c5d6402406b202c0256c72ce
1,synthetic-cpu-one-round-fidelity-model,SYNTHETIC CPU MODEL / NOT A GPU MEASUREMENT,one-round-fidelity,fidelity/network-failure/lower,seed-0002,2,48,,,,,,,0.7291666666666666,2.094317571985047,0.0,8.834853165175483,0.7916666666666666,1.2708333333333333,0.6666666666666666,8281a9e8dc0b91362502fcd25265c57f005c433e4c474d561bcdac19285afde1
1,synthetic-cpu-one-round-fidelity-model,SYNTHETIC CPU MODEL / NOT A GPU MEASUREMENT,one-round-fidelity,fidelity/network-failure/lower,seed-0003,3,48,,,,,,,0.8333333333333334,1.1899195537123453,0.0,8.668771314334336,0.875,1.1666666666666667,0.6666666666666666,ff872edb06c0730ae102deefcb1af1c9b757e7f918eedc604eaf1cf9aad0cdb3
1,synthetic-cpu-one-round-fidelity-model,SYNTHETIC CPU MODEL / NOT A GPU MEASUREMENT,one-round-fidelity,fidelity/network-failure/lower,seed-0004,4,48,,,,,,,0.8541666666666666,1.2356362962225578,0.0,9.198609299609616,0.875,1.1458333333333333,0.6666666666666666,cfd804eef897824fd89309411dfe42fe193b52880db3cb3ae4afef1eacac7712
1,synthetic-cpu-one-round-fidelity-model,SYNTHETIC CPU MODEL / NOT A GPU MEASUREMENT,one-round-fidelity,fidelity/network-failure/lower,seed-0005,5,48,,,,,,,0.8958333333333334,0.8329853033946426,0.0,8.87102338701841,0.9375,1.1041666666666667,0.6666666666666666,8cd7b65cf906cccf98803e3ca0b3bb6539e415df7e674b4abbd2d08b6e5be5a3
1,synthetic-cpu-one-round-fidelity-model,SYNTHETIC CPU MODEL / NOT A GPU MEASUREMENT,one-round-fidelity,fidelity/network-failure/lower,seed-0006,6,48,,,,,,,0.8958333333333334,0.7447494979040471,0.0,9.15311533897445,0.9375,1.1041666666666667,0.6666666666666666,7c3c55332debc474c4d11d90ca945293f375b2f02c1b39a0ed9356558e7023fb
1,synthetic-cpu-one-round-fidelity-model,SYNTHETIC CPU MODEL / NOT A GPU MEASUREMENT,one-round-fidelity,fidelity/network-failure/lower,seed-0007,7,48,,,,,,,0.7916666666666666,1.5369053315575856,0.0,9.237811494315544,0.8125,1.2083333333333333,0.6666666666666666,08695f4181140fc7a3bb9fbfbc7bad91b1378b09d13b457d1740eb882ac46525
1,synthetic-cpu-one-round-fidelity-model,SYNTHETIC CPU MODEL / NOT A GPU MEASUREMENT,one-round-fidelity,fidelity/network-failure/lower,seed-0008,8,48,,,,,,,0.875,0.6026251377633031,0.0,9.225140851134507,0.9375,1.125,0.6666666666666666,11bc2d397373a4ff9ed048342a3f76b6da96f871df675f0ac9d2907b0b0332ef
1,synthetic-cpu-one-round-fidelity-model,SYNTHETIC CPU MODEL / NOT A GPU MEASUREMENT,one-round-fidelity,fidelity/network-failure/lower,seed-0009,9,48,,,,,,,0.8333333333333334,1.251105821692258,0.0,9.188677181953578,0.8958333333333334,1.1666666666666667,0.6666666666666666,c95bc8f12b5b84dd2177b459146b1b12c382b1996367b6675ebc463ddbb9ad8d
1,synthetic-cpu-one-round-fidelity-model,SYNTHETIC CPU MODEL / NOT A GPU MEASUREMENT,one-round-fidelity,fidelity/network-failure/lower,seed-0010,10,48,,,,,,,0.8125,1.5660945236926278,0.0,8.623619026644965,0.875,1.1875,0.6666666666666666,9295486971a6071247df6aafad1d1d460f46e9b58b272a2863ddb6c8e02429ee
1,synthetic-cpu-one-round-fidelity-model,SYNTHETIC CPU MODEL / NOT A GPU MEASUREMENT,one-round-fidelity,fidelity/network-failure/lower,seed-0011,11,48,,,,,,,0.8541666666666666,0.8477182303005847,0.0,9.581238600430533,0.9375,1.1458333333333333,0.6666666666666666,223cc9de5ef5fcba0381ff8171befa823801c40aa36151d8a7dd486be5347e83
1,synthetic-cpu-one-round-fidelity-model,SYNTHETIC CPU MODEL / NOT A GPU MEASUREMENT,one-round-fidelity,fidelity/network-failure/lower,seed-0012,12,48,,,,,,,0.8958333333333334,0.7452615331497139,0.0,8.630693944706909,0.9166666666666666,1.1041666666666667,0.6666666666666666,5b9909ec5af30b2395f5fd20d7b465923d01f6b7801baba705c6feb156835713
1,synthetic-cpu-one-round-fidelity-model,SYNTHETIC CPU MODEL / NOT A GPU MEASUREMENT,one-round-fidelity,fidelity/network-failure/lower,seed-0013,13,48,,,,,,,0.8125,1.2036429598997571,0.0,9.20905891722873,0.875,1.1875,0.6666666666666666,7cbe11b863f9056bb0ad74d8d7832099e2174339e29cd77239480770a37a4209
1,synthetic-cpu-one-round-fidelity-model,SYNTHETIC CPU MODEL / NOT A GPU MEASUREMENT,one-round-fidelity,fidelity/network-failure/lower,seed-0014,14,48,,,,,,,0.9166666666666666,0.7543558553667399,0.0,8.820431752617885,0.9375,1.0833333333333333,0.6666666666666666,21a80590eece8e435e90c322f87d1418de8d6b93221cc0b0d82c1d2a155540cb
1,synthetic-cpu-one-round-fidelity-model,SYNTHETIC CPU MODEL / NOT A GPU MEASUREMENT,one-round-fidelity,fidelity/network-failure/lower,seed-0015,15,48,,,,,,,0.7916666666666666,1.6865322871054211,0.0,9.25575939357612,0.8333333333333334,1.2083333333333333,0.6666666666666666,62c5edd676dc0e4f2c09f0ae9db23b5c6ef55653bed17e8ce90478e1f80cbc6a
1,synthetic-cpu-one-round-fidelity-model,SYNTHETIC CPU MODEL / NOT A GPU MEASUREMENT,one-round-fidelity,fidelity/network-failure/lower,seed-0016,16,48,,,,,,,0.8958333333333334,0.23763017776584847,0.0,9.042064880579977,0.9791666666666666,1.1041666666666667,0.6666666666666666,f2df6007ce06a311e8bf53a0a7fa0303b907728e69f56068847e11eda249d9ac
1,synthetic-cpu-one-round-fidelity-model,SYNTHETIC CPU MODEL / NOT A GPU MEASUREMENT,one-round-fidelity,fidelity/network-failure/lower,seed-0017,17,48,,,,,,,0.9166666666666666,0.6572408923622047,0.0,8.885575457768363,0.9375,1.0833333333333333,0.6666666666666666,6bf4dc41cddfc94641d6f2c06d6447e3d4c6120b431e2df34ca0c0a7c902475a
1,synthetic-cpu-one-round-fidelity-model,SYNTHETIC CPU MODEL / NOT A GPU MEASUREMENT,one-round-fidelity,fidelity/network-failure/lower,seed-0018,18,48,,,,,,,0.8541666666666666,1.2247912288480285,0.0,9.11196552231133,0.8958333333333334,1.1458333333333333,0.6666666666666666,29a367ab584537bb6b0a3e145c5a6d24166526c0ca78a8c4528c0fa0e7bd1006
1,synthetic-cpu-one-round-fidelity-model,SYNTHETIC CPU MODEL / NOT A GPU MEASUREMENT,one-round-fidelity,fidelity/network-failure/lower,seed-0019,19,48,,,,,,,0.8125,1.337347250683738,0.0,8.340376243692189,0.875,1.1875,0.6666666666666666,40dd9099b04720a34006070bee1600675702743d32e9a2e7f6479bd62f3c6837
1,synthetic-cpu-one-round-fidelity-model,SYNTHETIC CPU MODEL / NOT A GPU MEASUREMENT,one-round-fidelity,fidelity/network-failure/lower,seed-0020,20,48,,,,,,,0.8333333333333334,1.3173739860835767,0.0,9.277420455727805,0.875,1.1666666666666667,0.6666666666666666,89d42825b1503103b82ee1c75fddae505c79be106d540936f2ed84a2d55a32d3
1,synthetic-cpu-one-round-fidelity-model,SYNTHETIC CPU MODEL / NOT A GPU MEASUREMENT,one-round-fidelity,fidelity/network-failure/lower,seed-0021,21,48,,,,,,,0.7708333333333334,2.0804378992924533,0.0,9.08945557362184,0.8125,1.2291666666666667,0.6666666666666666,30958eed44a8bb09744a24c2169ed831defbdb94ba280ca1340ce4e684eb4e54
1,synthetic-cpu-one-round-fidelity-model,SYNTHETIC CPU MODEL / NOT A GPU MEASUREMENT,one-round-fidelity,fidelity/network-failure/lower,seed-0022,22,48,,,,,,,0.875,0.6962095545810123,0.0,9.284653947149604,0.9375,1.125,0.6666666666666666,6a3dbd3fa244537e12e6176a71caa8e09c4feb4b4094676f6884c10ee6c700f2
1,synthetic-cpu-one-round-fidelity-model,SYNTHETIC CPU MODEL / NOT A GPU MEASUREMENT,one-round-fidelity,fidelity/network-failure/lower,seed-0023,23,48,,,,,,,0.8958333333333334,0.8334029336884293,0.0,8.669750459189126,0.9375,1.1041666666666667,0.6666666666666666,afe477b5e15afae37bfafbe7e453a49d0c9f35b056aac195973eaacebbb6e9a2
1,synthetic-cpu-one-round-fidelity-model,SYNTHETIC CPU MODEL / NOT A GPU MEASUREMENT,one-round-fidelity,fidelity/network-failure/lower,seed-0024,24,48,,,,,,,0.8958333333333334,0.893273779846461,0.0,8.859965193531677,0.9375,1.1041666666666667,0.6666666666666666,dac28f37f38b992e14fc84d869db6a9eecfbf0b85a63cbc78df20799d08ec3a5
1,synthetic-cpu-one-round-fidelity-model,SYNTHETIC CPU MODEL / NOT A GPU MEASUREMENT,one-round-fidelity,fidelity/network-failure/lower,seed-0025,25,48,,,,,,,0.8541666666666666,0.9951059606436697,0.0,9.050004489382731,0.9375,1.1458333333333333,0.6666666666666666,8d9019c45330a1d004533c9f0521e5265626234ba7dd3159361f328747de02bc
1,synthetic-cpu-one-round-fidelity-model,SYNTHETIC CPU MODEL / NOT A GPU MEASUREMENT,one-round-fidelity,fidelity/network-failure/lower,seed-0026,26,48,,,,,,,0.875,0.9523460907736961,0.0,9.035664972277665,0.9166666666666666,1.125,0.6666666666666666,8550ac081a65a9218b7a1f48014ad18e35ad10908580fd08bba861fdbe457aba
1,synthetic-cpu-one-round-fidelity-model,SYNTHETIC CPU MODEL / NOT A GPU MEASUREMENT,one-round-fidelity,fidelity/network-failure/lower,seed-0027,27,48,,,,,,,0.9375,0.4184312493065236,0.0,8.471277351012324,0.9375,1.0625,0.6666666666666666,1b41b99a9914230a64aeffda82176a9301fafbc4194338fb9da0a8f64d508e82
1,synthetic-cpu-one-round-fidelity-model,SYNTHETIC CPU MODEL / NOT A GPU MEASUREMENT,one-round-fidelity,fidelity/network-failure/lower,seed-0028,28,48,,,,,,,0.875,1.4373340820361538,0.0,9.251326113062275,0.8958333333333334,1.125,0.6666666666666666,4cfe6e59f6cae0a1604d7675e80e24492e02f03d0b6e8a84d2dfd4b56018363d
1,synthetic-cpu-one-round-fidelity-model,SYNTHETIC CPU MODEL / NOT A GPU MEASUREMENT,one-round-fidelity,fidelity/network-failure/lower,seed-0029,29,48,,,,,,,0.9375,0.5061066569784954,0.0,8.86463936559532,0.9375,1.0625,0.6666666666666666,d28683801763245bcc7c7f3eef7c0701929c4aca9cd78303a53a463d14a0a5d8
1,synthetic-cpu-one-round-fidelity-model,SYNTHETIC CPU MODEL / NOT A GPU MEASUREMENT,one-round-fidelity,fidelity/network-failure/upper,seed-0000,0,48,,,,,,,0.6666666666666666,2.7824231992666344,0.020833333333333332,9.088360011211671,0.8125,1.4375,0.625,e01515037d16d8f09d78623804ef2371af0045a523b7efe1c3b14683ff1a18c7
1,synthetic-cpu-one-round-fidelity-model,SYNTHETIC CPU MODEL / NOT A GPU MEASUREMENT,one-round-fidelity,fidelity/network-failure/upper,seed-0001,1,48,,,,,,,0.8125,1.6332574404355251,0.020833333333333332,9.061250869468942,0.8958333333333334,1.4166666666666667,0.625,cec0f405e53140a48c45145103310170e231df1e80188513b14ba23d391ffdb2
1,synthetic-cpu-one-round-fidelity-model,SYNTHETIC CPU MODEL / NOT A GPU MEASUREMENT,one-round-fidelity,fidelity/network-failure/upper,seed-0002,2,48,,,,,,,0.6875,2.5343242866898383,0.0,8.834853165175483,0.7708333333333334,1.5208333333333333,0.5833333333333334,420498ef666ff6ebf261f1395030b1e8585d0fc1b3ad3d33ca1405496eb82eb8
1,synthetic-cpu-one-round-fidelity-model,SYNTHETIC CPU MODEL / NOT A GPU MEASUREMENT,one-round-fidelity,fidelity/network-failure/upper,seed-0003,3,48,,,,,,,0.8333333333333334,1.2108972345849436,0.0,8.668771314334336,0.875,1.3541666666666667,0.6666666666666666,259137085fa8d4fa45094e895681d336afa05ea992098eb74d16efe8ae5afbeb
1,synthetic-cpu-one-round-fidelity-model,SYNTHETIC CPU MODEL / NOT A GPU MEASUREMENT,one-round-fidelity,fidelity/network-failure/upper,seed-0004,4,48,,,,,,,0.8333333333333334,1.7473827353117966,0.020833333333333332,9.198609299609616,0.8541666666666666,1.4791666666666667,0.625,f0b2be7d17ec6c03397635358cfa4493e2e93b252db35bd2e599ad968c8d77f8
1,synthetic-cpu-one-round-fidelity-model,SYNTHETIC CPU MODEL / NOT A GPU MEASUREMENT,one-round-fidelity,fidelity/network-failure/upper,seed-0005,5,48,,,,,,,0.8958333333333334,0.8538288495549836,0.0,8.87102338701841,0.9375,1.2083333333333333,0.6666666666666666,a8470548aec8471f7956ef4106fb1bc1ec58cf1c1b8728c6ab58d33dbb809f9a
1,synthetic-cpu-one-round-fidelity-model,SYNTHETIC CPU MODEL / NOT A GPU MEASUREMENT,one-round-fidelity,fidelity/network-failure/upper,seed-0006,6,48,,,,,,,0.875,1.4661435454258969,0.020833333333333332,9.15311533897445,0.9166666666666666,1.3333333333333333,0.625,fef8255b98723e11455322c89683d59c3058b47cecfa263c0ace8e68f3c9da71
1,synthetic-cpu-one-round-fidelity-model,SYNTHETIC CPU MODEL / NOT A GPU MEASUREMENT,one-round-fidelity,fidelity/network-failure/upper,seed-0007,7,48,,,,,,,0.7708333333333334,1.9382364710783317,0.020833333333333332,9.237811494315544,0.7916666666666666,1.3958333333333333,0.625,a17c0e3d6ca43a3381210817d9af684afcf8478c0a3363105ba870a45fd4bb1f
1,synthetic-cpu-one-round-fidelity-model,SYNTHETIC CPU MODEL / NOT A GPU MEASUREMENT,one-round-fidelity,fidelity/network-failure/upper,seed-0008,8,48,,,,,,,0.875,0.6234688044499893,0.0,9.225140851134507,0.9375,1.2916666666666667,0.6666666666666666,f40c1143029fae563b069675174407b3d34694572a0b6de96786eeb45bdbefd4
1,synthetic-cpu-one-round-fidelity-model,SYNTHETIC CPU MODEL / NOT A GPU MEASUREMENT,one-round-fidelity,fidelity/network-failure/upper,seed-0009,9,48,,,,,,,0.7916666666666666,1.9033574591233489,0.0,9.188677181953578,0.8541666666666666,1.375,0.5833333333333334,fe4540bece79b3f94acafc4ce6814d0ea372aad093ae004dffd999789d2b6109
1,synthetic-cpu-one-round-fidelity-model,SYNTHETIC CPU MODEL / NOT A GPU MEASUREMENT,one-round-fidelity,fidelity/network-failure/upper,seed-0010,10,48,,,,,,,0.8125,1.694685625637544,0.0,8.623619026644965,0.875,1.3541666666666667,0.6666666666666666,d87c177092867ddb974f78d91a0136fe0c5384b729b5bbb951ecb3a3133baf62
1,synthetic-cpu-one-round-fidelity-model,SYNTHETIC CPU MODEL / NOT A GPU MEASUREMENT,one-round-fidelity,fidelity/network-failure/upper,seed-0011,11,48,,,,,,,0.8125,1.1834526705434143,0.0,9.581238600430533,0.8958333333333334,1.3125,0.5416666666666666,d8255abb0ed5763ce4bada1803c3de5fc5e6a22fbc18e9c5f11e1356e74f7371
1,synthetic-cpu-one-round-fidelity-model,SYNTHETIC CPU MODEL / NOT A GPU MEASUREMENT,one-round-fidelity,fidelity/network-failure/upper,seed-0012,12,48,,,,,,,0.875,1.125632421814802,0.0,8.630693944706909,0.8958333333333334,1.2708333333333333,0.625,0535c8d4307cb7978b1a3578e2a0f3998afcd8cc523e61e283014ed75c173064
1,synthetic-cpu-one-round-fidelity-model,SYNTHETIC CPU MODEL / NOT A GPU MEASUREMENT,one-round-fidelity,fidelity/network-failure/upper,seed-0013,13,48,,,,,,,0.75,1.888117714671324,0.0,9.20905891722873,0.8125,1.4791666666666667,0.5416666666666666,a4f5c24575f04afb469a2f4aada9ec76dc1364af1339eddda5b3ba9b4b03544d
1,synthetic-cpu-one-round-fidelity-model,SYNTHETIC CPU MODEL / NOT A GPU MEASUREMENT,one-round-fidelity,fidelity/network-failure/upper,seed-0014,14,48,,,,,,,0.8958333333333334,0.8022904756674022,0.0,8.820431752617885,0.9375,1.2291666666666667,0.625,aee78f9d644190c7671292db097b6ec57e8edc9fc32a5d4ccb960539ddf0780f
1,synthetic-cpu-one-round-fidelity-model,SYNTHETIC CPU MODEL / NOT A GPU MEASUREMENT,one-round-fidelity,fidelity/network-failure/upper,seed-0015,15,48,,,,,,,0.7708333333333334,1.8783940765187002,0.0,9.25575939357612,0.8333333333333334,1.4166666666666667,0.5833333333333334,74d64dc9f57fccd277e1cbcb748058406526f347171a0f0bb3d04ca57e957bb0
1,synthetic-cpu-one-round-fidelity-model,SYNTHETIC CPU MODEL / NOT A GPU MEASUREMENT,one-round-fidelity,fidelity/network-failure/upper,seed-0016,16,48,,,,,,,0.8541666666666666,0.7560290437045357,0.0,9.042064880579977,0.9375,1.3541666666666667,0.5833333333333334,a716c47dac9dc3602beb5b38c80a6b878dc2188e878a8351263f47e4a329f1d8
1,synthetic-cpu-one-round-fidelity-model,SYNTHETIC CPU MODEL / NOT A GPU MEASUREMENT,one-round-fidelity,fidelity/network-failure/upper,seed-0017,17,48,,,,,,,0.8958333333333334,1.013876191469321,0.0,8.885575457768363,0.9166666666666666,1.25,0.625,08811b361685a3bbd30fd991e798c9ea649b139a0ecc13df41615bdf6cccc85e
1,synthetic-cpu-one-round-fidelity-model,SYNTHETIC CPU MODEL / NOT A GPU MEASUREMENT,one-round-fidelity,fidelity/network-failure/upper,seed-0018,18,48,,,,,,,0.8541666666666666,1.2247912288480285,0.0,9.11196552231133,0.8958333333333334,1.2916666666666667,0.6666666666666666,3065ab24bb88acf8b634cb4646425b1b90bacb9a7aefe76b2de58dd058d99a88
1,synthetic-cpu-one-round-fidelity-model,SYNTHETIC CPU MODEL / NOT A GPU MEASUREMENT,one-round-fidelity,fidelity/network-failure/upper,seed-0019,19,48,,,,,,,0.8125,1.3588080434603491,0.0,8.340376243692189,0.875,1.2916666666666667,0.6666666666666666,8e161959ebaac34190672294c5d42ccf10964d65344c4dc85ef1b9315b630380
1,synthetic-cpu-one-round-fidelity-model,SYNTHETIC CPU MODEL / NOT A GPU MEASUREMENT,one-round-fidelity,fidelity/network-failure/upper,seed-0020,20,48,,,,,,,0.8125,1.4288673011715434,0.0,9.277420455727805,0.875,1.2708333333333333,0.625,aa9738473d8a34ed098d43c593463d3fd5367c0fc58c389a1841bef2bf6d0820
1,synthetic-cpu-one-round-fidelity-model,SYNTHETIC CPU MODEL / NOT A GPU MEASUREMENT,one-round-fidelity,fidelity/network-failure/upper,seed-0021,21,48,,,,,,,0.75,2.3832490341757753,0.0,9.08945557362184,0.7916666666666666,1.4583333333333333,0.5416666666666666,54627b04fccde122754eaf74afa6a0639071d6c0addb5870dea5048b0ab08e49
1,synthetic-cpu-one-round-fidelity-model,SYNTHETIC CPU MODEL / NOT A GPU MEASUREMENT,one-round-fidelity,fidelity/network-failure/upper,seed-0022,22,48,,,,,,,0.875,0.7447175652817891,0.0,9.284653947149604,0.9375,1.3541666666666667,0.625,3152182d3aec09d5ebcbf08354aa84a6d1a9e39aded4cf374d45d7053122a4ca
1,synthetic-cpu-one-round-fidelity-model,SYNTHETIC CPU MODEL / NOT A GPU MEASUREMENT,one-round-fidelity,fidelity/network-failure/upper,seed-0023,23,48,,,,,,,0.8541666666666666,1.1809401146944687,0.0,8.669750459189126,0.8958333333333334,1.2916666666666667,0.5833333333333334,a14114f7e833cc3ef8320469247b4276f23e82c25cc3dc548366fdb15ac51ed6
1,synthetic-cpu-one-round-fidelity-model,SYNTHETIC CPU MODEL / NOT A GPU MEASUREMENT,one-round-fidelity,fidelity/network-failure/upper,seed-0024,24,48,,,,,,,0.875,0.9684635165406115,0.0,8.859965193531677,0.9375,1.2916666666666667,0.625,4b4bc05b4383bddf9e5de341cff9b3258743966af8d7c9f1e735a7b6a5883516
1,synthetic-cpu-one-round-fidelity-model,SYNTHETIC CPU MODEL / NOT A GPU MEASUREMENT,one-round-fidelity,fidelity/network-failure/upper,seed-0025,25,48,,,,,,,0.8333333333333334,1.1565306208326593,0.0,9.050004489382731,0.9166666666666666,1.375,0.625,3466a4005aecf0dabbc7fc510fe9a03a97d2c31ce3750070454d6391d39050f5
1,synthetic-cpu-one-round-fidelity-model,SYNTHETIC CPU MODEL / NOT A GPU MEASUREMENT,one-round-fidelity,fidelity/network-failure/upper,seed-0026,26,48,,,,,,,0.8333333333333334,1.2203806119876155,0.0,9.035664972277665,0.8958333333333334,1.3541666666666667,0.5833333333333334,6bbd56e7800edd88dd99a26bd96e5a7e2ff19f694574e5e3a0bb8ff803a00cbe
1,synthetic-cpu-one-round-fidelity-model,SYNTHETIC CPU MODEL / NOT A GPU MEASUREMENT,one-round-fidelity,fidelity/network-failure/upper,seed-0027,27,48,,,,,,,0.9166666666666666,0.7973691694650261,0.0,8.471277351012324,0.9166666666666666,1.2291666666666667,0.625,86ad8997a871af88b1506919ae385559df4d488e0946e0305110f81580be4067
1,synthetic-cpu-one-round-fidelity-model,SYNTHETIC CPU MODEL / NOT A GPU MEASUREMENT,one-round-fidelity,fidelity/network-failure/upper,seed-0028,28,48,,,,,,,0.875,1.4971898479945216,0.0,9.251326113062275,0.8958333333333334,1.3333333333333333,0.625,9a60afc2a19f7615bf6bf8f32e04d70138bdea6e2f7d509d6faf938295514ef2
1,synthetic-cpu-one-round-fidelity-model,SYNTHETIC CPU MODEL / NOT A GPU MEASUREMENT,one-round-fidelity,fidelity/network-failure/upper,seed-0029,29,48,,,,,,,0.8958333333333334,0.5744246052545435,0.0,8.86463936559532,0.9375,1.3125,0.5833333333333334,1fc51df08b7520d3eadff0815803fe6598bc052e984a42c50bff28906346b340
1,synthetic-cpu-one-round-fidelity-model,SYNTHETIC CPU MODEL / NOT A GPU MEASUREMENT,one-round-fidelity,fidelity/network-jitter/lower,seed-0000,0,48,,,,,,,0.6875,2.0104481666666665,0.0,9.088360011211671,0.8333333333333334,1.3125,0.6666666666666666,4cfe4c4c3cd9297a41f3ccac30e2722a02d5424db78f3736860f3ec4e29c14d5
1,synthetic-cpu-one-round-fidelity-model,SYNTHETIC CPU MODEL / NOT A GPU MEASUREMENT,one-round-fidelity,fidelity/network-jitter/lower,seed-0001,1,48,,,,,,,0.8333333333333334,1.044387333333333,0.0,9.061250869468942,0.9166666666666666,1.1666666666666667,0.6666666666666666,63998e78ae42281392498a450cfca8ca486fdf6c7a78d3f2ab27934d609aafd0
1,synthetic-cpu-one-round-fidelity-model,SYNTHETIC CPU MODEL / NOT A GPU MEASUREMENT,one-round-fidelity,fidelity/network-jitter/lower,seed-0002,2,48,,,,,,,0.7291666666666666,2.109532666666666,0.0,8.834853165175483,0.7916666666666666,1.2916666666666667,0.6666666666666666,777e56cb881d9035ca04ba94d6a695f3852f6a7ca7fa52d4be8c33443e8b017a
1,synthetic-cpu-one-round-fidelity-model,SYNTHETIC CPU MODEL / NOT A GPU MEASUREMENT,one-round-fidelity,fidelity/network-jitter/lower,seed-0003,3,48,,,,,,,0.8333333333333334,1.1829519999999998,0.0,8.668771314334336,0.875,1.1875,0.6666666666666666,effbfbac12f412db347b145d5432c8e93cd9afee955339ccbfa3fec53cd9f170
1,synthetic-cpu-one-round-fidelity-model,SYNTHETIC CPU MODEL / NOT A GPU MEASUREMENT,one-round-fidelity,fidelity/network-jitter/lower,seed-0004,4,48,,,,,,,0.8541666666666666,1.2330431666666664,0.0,9.198609299609616,0.875,1.1666666666666667,0.6666666666666666,7cb46813b74e46ae304da0fccbb39ec8e8ae01f4e92edd4be36b7797a499c7b6
1,synthetic-cpu-one-round-fidelity-model,SYNTHETIC CPU MODEL / NOT A GPU MEASUREMENT,one-round-fidelity,fidelity/network-jitter/lower,seed-0005,5,48,,,,,,,0.8958333333333334,0.8290101666666666,0.0,8.87102338701841,0.9375,1.1041666666666667,0.6666666666666666,ce4f2f2a8cbf2600bf1f8145cf29ce43eca325df98784f13857db8fcb8c861dd
1,synthetic-cpu-one-round-fidelity-model,SYNTHETIC CPU MODEL / NOT A GPU MEASUREMENT,one-round-fidelity,fidelity/network-jitter/lower,seed-0006,6,48,,,,,,,0.8958333333333334,0.7699901666666668,0.0,9.15311533897445,0.9375,1.1458333333333333,0.6666666666666666,48f0da75152e734e65a1a2c8021e40a6d64a2b91f9e8bc0cdfa1593c3c39e064
1,synthetic-cpu-one-round-fidelity-model,SYNTHETIC CPU MODEL / NOT A GPU MEASUREMENT,one-round-fidelity,fidelity/network-jitter/lower,seed-0007,7,48,,,,,,,0.7916666666666666,1.5328633333333332,0.0,9.237811494315544,0.8125,1.2291666666666667,0.6666666666666666,b62663b3d6af2183bb0f51f21ead71528cedccf8bb4f19f64ae6305e18f6a58b
1,synthetic-cpu-one-round-fidelity-model,SYNTHETIC CPU MODEL / NOT A GPU MEASUREMENT,one-round-fidelity,fidelity/network-jitter/lower,seed-0008,8,48,,,,,,,0.875,0.597719,0.0,9.225140851134507,0.9375,1.125,0.6666666666666666,9ad6cd54f54e73c31cfce76a2728054a4622ece234d68ef88bfa2041f007b968
1,synthetic-cpu-one-round-fidelity-model,SYNTHETIC CPU MODEL / NOT A GPU MEASUREMENT,one-round-fidelity,fidelity/network-jitter/lower,seed-0009,9,48,,,,,,,0.8333333333333334,1.3167760000000004,0.0,9.188677181953578,0.8958333333333334,1.2083333333333333,0.6666666666666666,c01fe0e8b3f26148c7823e898d80b38c2f4bdbfec21594b08be4ba0cb7e6b88e
1,synthetic-cpu-one-round-fidelity-model,SYNTHETIC CPU MODEL / NOT A GPU MEASUREMENT,one-round-fidelity,fidelity/network-jitter/lower,seed-0010,10,48,,,,,,,0.8125,1.5597141666666665,0.0,8.623619026644965,0.875,1.2083333333333333,0.6666666666666666,06c8ff20a208f2efe30207b57d81730539c317978a473eda408f66b8bd2363c7
1,synthetic-cpu-one-round-fidelity-model,SYNTHETIC CPU MODEL / NOT A GPU MEASUREMENT,one-round-fidelity,fidelity/network-jitter/lower,seed-0011,11,48,,,,,,,0.8333333333333334,0.9996960000000001,0.0,9.581238600430533,0.9166666666666666,1.1875,0.625,19628ecbabe71b8640c51bdec343ebfd64149713817622e0814303a0a83a0ef4
1,synthetic-cpu-one-round-fidelity-model,SYNTHETIC CPU MODEL / NOT A GPU MEASUREMENT,one-round-fidelity,fidelity/network-jitter/lower,seed-0012,12,48,,,,,,,0.8958333333333334,0.7415724999999997,0.0,8.630693944706909,0.9166666666666666,1.1041666666666667,0.6666666666666666,b37be7dbaba77de5a289eaa2776c6b2cb0f462565313b52a1c362b5e327418fa
1,synthetic-cpu-one-round-fidelity-model,SYNTHETIC CPU MODEL / NOT A GPU MEASUREMENT,one-round-fidelity,fidelity/network-jitter/lower,seed-0013,13,48,,,,,,,0.8125,1.1960058333333332,0.0,9.20905891722873,0.875,1.25,0.6666666666666666,83bac7701a20083f8d69f9958ec842aa0cf2fe00d5008e87270d797b85539925
1,synthetic-cpu-one-round-fidelity-model,SYNTHETIC CPU MODEL / NOT A GPU MEASUREMENT,one-round-fidelity,fidelity/network-jitter/lower,seed-0014,14,48,,,,,,,0.9166666666666666,0.7525413333333333,0.0,8.820431752617885,0.9375,1.0833333333333333,0.6666666666666666,5114cb37a34f6e581803d2e12ddc4d0b32e3b5d03d5840cffd038ed604f7d588
1,synthetic-cpu-one-round-fidelity-model,SYNTHETIC CPU MODEL / NOT A GPU MEASUREMENT,one-round-fidelity,fidelity/network-jitter/lower,seed-0015,15,48,,,,,,,0.7916666666666666,1.6795093333333335,0.0,9.25575939357612,0.8333333333333334,1.2083333333333333,0.6666666666666666,c8aa745a679fcd9d1cde55ede7257504c62607cbe2a19a0be01fd83ac81d0d11
1,synthetic-cpu-one-round-fidelity-model,SYNTHETIC CPU MODEL / NOT A GPU MEASUREMENT,one-round-fidelity,fidelity/network-jitter/lower,seed-0016,16,48,,,,,,,0.8958333333333334,0.23521216666666656,0.0,9.042064880579977,0.9791666666666666,1.1041666666666667,0.6666666666666666,26673dae5ad67632b586b9eb71fbd43a2a73e9c5e0d33c3ee3cd5affbc904716
1,synthetic-cpu-one-round-fidelity-model,SYNTHETIC CPU MODEL / NOT A GPU MEASUREMENT,one-round-fidelity,fidelity/network-jitter/lower,seed-0017,17,48,,,,,,,0.9166666666666666,0.6529946666666667,0.0,8.885575457768363,0.9375,1.0833333333333333,0.6666666666666666,da7ca11378fd8f5a7656c2c14baedc5e58b5f3b0cffd1a9efe0fcb7adf0a9a79
1,synthetic-cpu-one-round-fidelity-model,SYNTHETIC CPU MODEL / NOT A GPU MEASUREMENT,one-round-fidelity,fidelity/network-jitter/lower,seed-0018,18,48,,,,,,,0.8541666666666666,1.2178164999999999,0.0,9.11196552231133,0.8958333333333334,1.1875,0.6666666666666666,336bc9877c3ebc19f67cf8027817b15173f6121c526e164cea627dab3987d639
1,synthetic-cpu-one-round-fidelity-model,SYNTHETIC CPU MODEL / NOT A GPU MEASUREMENT,one-round-fidelity,fidelity/network-jitter/lower,seed-0019,19,48,,,,,,,0.8125,1.3341648333333334,0.0,8.340376243692189,0.875,1.2083333333333333,0.6666666666666666,a48d676c531a6d47f0601fa0ca81761544a3bcabbbfa199238d862a1238105f2
1,synthetic-cpu-one-round-fidelity-model,SYNTHETIC CPU MODEL / NOT A GPU MEASUREMENT,one-round-fidelity,fidelity/network-jitter/lower,seed-0020,20,48,,,,,,,0.8333333333333334,1.312845333333333,0.0,9.277420455727805,0.875,1.1666666666666667,0.6666666666666666,5f8ff44387021fd99449a18681dcc22ff3cbd87fe91b060fdd126173a795b3e1
1,synthetic-cpu-one-round-fidelity-model,SYNTHETIC CPU MODEL / NOT A GPU MEASUREMENT,one-round-fidelity,fidelity/network-jitter/lower,seed-0021,21,48,,,,,,,0.7708333333333334,2.0733381666666664,0.0,9.08945557362184,0.8125,1.25,0.6666666666666666,7b140d84c347937e74839152c3f271e3c068a4ef2f317e4c439a77b3619cb612
1,synthetic-cpu-one-round-fidelity-model,SYNTHETIC CPU MODEL / NOT A GPU MEASUREMENT,one-round-fidelity,fidelity/network-jitter/lower,seed-0022,22,48,,,,,,,0.875,0.6922773333333332,0.0,9.284653947149604,0.9375,1.125,0.6666666666666666,269173a114349d8b3c8d26ee95725fb0f034a10c21696ec23f4912280bb2081f
1,synthetic-cpu-one-round-fidelity-model,SYNTHETIC CPU MODEL / NOT A GPU MEASUREMENT,one-round-fidelity,fidelity/network-jitter/lower,seed-0023,23,48,,,,,,,0.8958333333333334,0.8363168333333335,0.0,8.669750459189126,0.9375,1.125,0.6666666666666666,77c0c44cdc986af3cd8ec2a70b39dab65fd29cc0df90e8f2e79236eced2d3bb4
1,synthetic-cpu-one-round-fidelity-model,SYNTHETIC CPU MODEL / NOT A GPU MEASUREMENT,one-round-fidelity,fidelity/network-jitter/lower,seed-0024,24,48,,,,,,,0.8958333333333334,0.8909301666666666,0.0,8.859965193531677,0.9375,1.1041666666666667,0.6666666666666666,c72e4b9e54b02f4d9e4588cdbdaeaf860c9ef6bb63e0585f20e4bb50593baf5f
1,synthetic-cpu-one-round-fidelity-model,SYNTHETIC CPU MODEL / NOT A GPU MEASUREMENT,one-round-fidelity,fidelity/network-jitter/lower,seed-0025,25,48,,,,,,,0.8541666666666666,1.0125296666666668,0.0,9.050004489382731,0.9375,1.1875,0.6666666666666666,c095ecd2d5bf32e2a31b15560c374be83018f676bd167b205e8e4f6d57c80b79
1,synthetic-cpu-one-round-fidelity-model,SYNTHETIC CPU MODEL / NOT A GPU MEASUREMENT,one-round-fidelity,fidelity/network-jitter/lower,seed-0026,26,48,,,,,,,0.875,0.9697408333333333,0.0,9.035664972277665,0.9166666666666666,1.1458333333333333,0.6666666666666666,0c1806c1efa33cbb42775e86789edab71b9ca3b25044f2f46a2eb67f307eba72
1,synthetic-cpu-one-round-fidelity-model,SYNTHETIC CPU MODEL / NOT A GPU MEASUREMENT,one-round-fidelity,fidelity/network-jitter/lower,seed-0027,27,48,,,,,,,0.9375,0.4156418333333333,0.0,8.471277351012324,0.9375,1.125,0.6666666666666666,6208ff70919c462a76528a3e598fa5d0fbfe90484ec3c3a5b0f84ecabf543a74
1,synthetic-cpu-one-round-fidelity-model,SYNTHETIC CPU MODEL / NOT A GPU MEASUREMENT,one-round-fidelity,fidelity/network-jitter/lower,seed-0028,28,48,,,,,,,0.875,1.4350013333333334,0.0,9.251326113062275,0.8958333333333334,1.125,0.6666666666666666,593d4193dbd417dcecff04f83da48bb882b0f7ced72486378276de903bcccabb
1,synthetic-cpu-one-round-fidelity-model,SYNTHETIC CPU MODEL / NOT A GPU MEASUREMENT,one-round-fidelity,fidelity/network-jitter/lower,seed-0029,29,48,,,,,,,0.9375,0.5044951666666667,0.0,8.86463936559532,0.9375,1.125,0.6666666666666666,47d48ee1aa333db49880add779e15620f46a5425d2f02d914bf44ab80b1938fd
1,synthetic-cpu-one-round-fidelity-model,SYNTHETIC CPU MODEL / NOT A GPU MEASUREMENT,one-round-fidelity,fidelity/network-jitter/upper,seed-0000,0,48,,,,,,,0.6875,2.0442595151426572,0.0,9.088360011211671,0.8333333333333334,1.3125,0.6666666666666666,f359ce6938d6449495b2a7f760590c2a661bd9079fd8adf6d7945bee0a00e231
1,synthetic-cpu-one-round-fidelity-model,SYNTHETIC CPU MODEL / NOT A GPU MEASUREMENT,one-round-fidelity,fidelity/network-jitter/upper,seed-0001,1,48,,,,,,,0.8333333333333334,1.0929462527678815,0.0,9.061250869468942,0.9166666666666666,1.1666666666666667,0.6666666666666666,25c23514b3cd3e9d4c81f6aeda4396b8ca1006a578ba3cac47cbd2ba26c62825
1,synthetic-cpu-one-round-fidelity-model,SYNTHETIC CPU MODEL / NOT A GPU MEASUREMENT,one-round-fidelity,fidelity/network-jitter/upper,seed-0002,2,48,,,,,,,0.7291666666666666,2.1481381598380707,0.0,8.834853165175483,0.7916666666666666,1.2916666666666667,0.6666666666666666,60d35f9fd9f20070a306736a1e3b1866a24846d525b8d2cbfa2f079daacd7267
1,synthetic-cpu-one-round-fidelity-model,SYNTHETIC CPU MODEL / NOT A GPU MEASUREMENT,one-round-fidelity,fidelity/network-jitter/upper,seed-0003,3,48,,,,,,,0.8333333333333334,1.2294023580823066,0.0,8.668771314334336,0.875,1.1875,0.6666666666666666,b912dbde51c680762ccdf0583400a7a0932eb4e9afdb592fe3d3303dd7be97f9
1,synthetic-cpu-one-round-fidelity-model,SYNTHETIC CPU MODEL / NOT A GPU MEASUREMENT,one-round-fidelity,fidelity/network-jitter/upper,seed-0004,4,48,,,,,,,0.8541666666666666,1.2503306970392736,0.0,9.198609299609616,0.875,1.1666666666666667,0.6666666666666666,89b89770b6d727740c58720e4d9c40541b8d294ed2bda516a9a8cd2eb465ce80
1,synthetic-cpu-one-round-fidelity-model,SYNTHETIC CPU MODEL / NOT A GPU MEASUREMENT,one-round-fidelity,fidelity/network-jitter/upper,seed-0005,5,48,,,,,,,0.8958333333333334,0.8555110781865077,0.0,8.87102338701841,0.9375,1.1041666666666667,0.6666666666666666,ce51491c4ddad3869396d9032d1be7f1cded04ac4aaa50f2ed319f84b5715676
1,synthetic-cpu-one-round-fidelity-model,SYNTHETIC CPU MODEL / NOT A GPU MEASUREMENT,one-round-fidelity,fidelity/network-jitter/upper,seed-0006,6,48,,,,,,,0.8958333333333334,0.7991011114346566,0.0,9.15311533897445,0.9375,1.1458333333333333,0.6666666666666666,e17c4d4d443c988ea72541ce5724cb97f69f3c60e4d59b515f2f1fcd7e513744
1,synthetic-cpu-one-round-fidelity-model,SYNTHETIC CPU MODEL / NOT A GPU MEASUREMENT,one-round-fidelity,fidelity/network-jitter/upper,seed-0007,7,48,,,,,,,0.7916666666666666,1.559809988161683,0.0,9.237811494315544,0.8125,1.2291666666666667,0.6666666666666666,f28a7f6a6ddfb2c842dd28d85cdd84bc93f332701068ac1ef8336d8f80b38359
1,synthetic-cpu-one-round-fidelity-model,SYNTHETIC CPU MODEL / NOT A GPU MEASUREMENT,one-round-fidelity,fidelity/network-jitter/upper,seed-0008,8,48,,,,,,,0.875,0.6304265850886868,0.0,9.225140851134507,0.9375,1.125,0.6666666666666666,53aefe3f163779e0c7792d6d894dbdf4b698712666fb9c3b280b39e33ef2ef92
1,synthetic-cpu-one-round-fidelity-model,SYNTHETIC CPU MODEL / NOT A GPU MEASUREMENT,one-round-fidelity,fidelity/network-jitter/upper,seed-0009,9,48,,,,,,,0.8333333333333334,1.2750176146915242,0.0,9.188677181953578,0.8958333333333334,1.2083333333333333,0.6666666666666666,9c22defcc86af01c249a44f67201ce70715e46383013ffc71cb8ebbc4e73c72e
1,synthetic-cpu-one-round-fidelity-model,SYNTHETIC CPU MODEL / NOT A GPU MEASUREMENT,one-round-fidelity,fidelity/network-jitter/upper,seed-0010,10,48,,,,,,,0.8125,1.6041485625352572,0.0,8.623619026644965,0.875,1.2083333333333333,0.6666666666666666,fcdc7f1b65f18bc18dc11f84f9832a63c76dc361557bb2631a3cafbe1026dae4
1,synthetic-cpu-one-round-fidelity-model,SYNTHETIC CPU MODEL / NOT A GPU MEASUREMENT,one-round-fidelity,fidelity/network-jitter/upper,seed-0011,11,48,,,,,,,0.8333333333333334,1.0251579027511404,0.0,9.581238600430533,0.9166666666666666,1.1875,0.625,eb9f399885ab47a7ab20f64f5286c0b89ed2e0a091a92ceabdb6b41536b2b264
1,synthetic-cpu-one-round-fidelity-model,SYNTHETIC CPU MODEL / NOT A GPU MEASUREMENT,one-round-fidelity,fidelity/network-jitter/upper,seed-0012,12,48,,,,,,,0.8958333333333334,0.7661660543314285,0.0,8.630693944706909,0.9166666666666666,1.1041666666666667,0.6666666666666666,66d43713e41077329806acf3f57ed51f6f814ad0c2c4ea28c5ce1ff0e7fdc73e
1,synthetic-cpu-one-round-fidelity-model,SYNTHETIC CPU MODEL / NOT A GPU MEASUREMENT,one-round-fidelity,fidelity/network-jitter/upper,seed-0013,13,48,,,,,,,0.8125,1.246920010442827,0.0,9.20905891722873,0.875,1.25,0.6666666666666666,39459e85acbdf761f01c907af103b35d37cb1bc0e55c5d97ed21ee9c19cec9e4
1,synthetic-cpu-one-round-fidelity-model,SYNTHETIC CPU MODEL / NOT A GPU MEASUREMENT,one-round-fidelity,fidelity/network-jitter/upper,seed-0014,14,48,,,,,,,0.9166666666666666,0.7646381468893781,0.0,8.820431752617885,0.9375,1.0833333333333333,0.6666666666666666,6889986a1a0a6abcf2848c3f7c34ef9a123cc4cfe73d1a556a3ec6df5e6b29d8
1,synthetic-cpu-one-round-fidelity-model,SYNTHETIC CPU MODEL / NOT A GPU MEASUREMENT,one-round-fidelity,fidelity/network-jitter/upper,seed-0015,15,48,,,,,,,0.7916666666666666,1.7263290251472536,0.0,9.25575939357612,0.8333333333333334,1.2083333333333333,0.6666666666666666,7b44831e470e5acd58c0d6ea22e534904c0a33ff729dff0ba0cc31f991df9ff7
1,synthetic-cpu-one-round-fidelity-model,SYNTHETIC CPU MODEL / NOT A GPU MEASUREMENT,one-round-fidelity,fidelity/network-jitter/upper,seed-0016,16,48,,,,,,,0.8958333333333334,0.24474998518771415,0.0,9.042064880579977,1.0,1.1041666666666667,0.6666666666666666,80f24b21c9f61262b4f4d26edf2e336def647ab94bbbe0031f22a5be692bc571
1,synthetic-cpu-one-round-fidelity-model,SYNTHETIC CPU MODEL / NOT A GPU MEASUREMENT,one-round-fidelity,fidelity/network-jitter/upper,seed-0017,17,48,,,,,,,0.9166666666666666,0.6813028379702545,0.0,8.885575457768363,0.9375,1.0833333333333333,0.6666666666666666,4e1245f7b55d874a64711ff98871420c1e4101905478772b796c638634ccd705
1,synthetic-cpu-one-round-fidelity-model,SYNTHETIC CPU MODEL / NOT A GPU MEASUREMENT,one-round-fidelity,fidelity/network-jitter/upper,seed-0018,18,48,,,,,,,0.8541666666666666,1.2643146923201922,0.0,9.11196552231133,0.8958333333333334,1.1875,0.6666666666666666,5cffedda8ffa4f019b28dc279e5994214511e26abdb3866e55e9f176abef69d5
1,synthetic-cpu-one-round-fidelity-model,SYNTHETIC CPU MODEL / NOT A GPU MEASUREMENT,one-round-fidelity,fidelity/network-jitter/upper,seed-0019,19,48,,,,,,,0.8125,1.4227316094328488,0.0,8.340376243692189,0.875,1.2083333333333333,0.6666666666666666,3a43ca432a2eb54fd9906fae47b9b6a624ea84dc7f6684e46e1fdfcf5400f1e3
1,synthetic-cpu-one-round-fidelity-model,SYNTHETIC CPU MODEL / NOT A GPU MEASUREMENT,one-round-fidelity,fidelity/network-jitter/upper,seed-0020,20,48,,,,,,,0.8333333333333334,1.3143011529037738,0.0,9.277420455727805,0.875,1.1666666666666667,0.6666666666666666,5e1e3788bded4893cb7f3e08f00677d20ec5dc939078414ed8a0f0a5c20dbdd0
1,synthetic-cpu-one-round-fidelity-model,SYNTHETIC CPU MODEL / NOT A GPU MEASUREMENT,one-round-fidelity,fidelity/network-jitter/upper,seed-0021,21,48,,,,,,,0.7708333333333334,2.120669717505245,0.0,9.08945557362184,0.8125,1.25,0.6666666666666666,9722c3c1314b9868df5bf76b00597901222ac89f4f0f4ea56e38de7513774f9f
1,synthetic-cpu-one-round-fidelity-model,SYNTHETIC CPU MODEL / NOT A GPU MEASUREMENT,one-round-fidelity,fidelity/network-jitter/upper,seed-0022,22,48,,,,,,,0.875,0.7219229361313927,0.0,9.284653947149604,0.9375,1.125,0.6666666666666666,9840fd62fbd653ca433c8ee6542b0bdb22efbd70204b78be23b59d6f8b3f0784
1,synthetic-cpu-one-round-fidelity-model,SYNTHETIC CPU MODEL / NOT A GPU MEASUREMENT,one-round-fidelity,fidelity/network-jitter/upper,seed-0023,23,48,,,,,,,0.8958333333333334,0.8582952801450864,0.0,8.669750459189126,0.9375,1.125,0.6666666666666666,f55f0e65f61c73d49aeb464d646a6c26272309009a23487891dca5f8b09d6280
1,synthetic-cpu-one-round-fidelity-model,SYNTHETIC CPU MODEL / NOT A GPU MEASUREMENT,one-round-fidelity,fidelity/network-jitter/upper,seed-0024,24,48,,,,,,,0.8958333333333334,0.88311922159816,0.0,8.859965193531677,0.9375,1.1041666666666667,0.6666666666666666,3bde42e1bf039d739d303a5c87575b1ee0b7152d29a31d58e515098318e7b7af
1,synthetic-cpu-one-round-fidelity-model,SYNTHETIC CPU MODEL / NOT A GPU MEASUREMENT,one-round-fidelity,fidelity/network-jitter/upper,seed-0025,25,48,,,,,,,0.8541666666666666,1.0381209931700008,0.0,9.050004489382731,0.9375,1.1875,0.6666666666666666,4720b8e1773317bf5564a93d370215390df0783e24951da831d0aa73c5d63e2e
1,synthetic-cpu-one-round-fidelity-model,SYNTHETIC CPU MODEL / NOT A GPU MEASUREMENT,one-round-fidelity,fidelity/network-jitter/upper,seed-0026,26,48,,,,,,,0.875,0.9968778541158763,0.0,9.035664972277665,0.9166666666666666,1.1458333333333333,0.6666666666666666,740ee15a561376b8d3dcd69d44f519b042db0b7be7193f759396ba22edd1c16e
1,synthetic-cpu-one-round-fidelity-model,SYNTHETIC CPU MODEL / NOT A GPU MEASUREMENT,one-round-fidelity,fidelity/network-jitter/upper,seed-0027,27,48,,,,,,,0.9166666666666666,0.7695727084346565,0.0,8.471277351012324,0.9166666666666666,1.1458333333333333,0.625,f007b385e7d922544c369691a2e4720d4d75596a16a586c3907b051d9ba17bb9
1,synthetic-cpu-one-round-fidelity-model,SYNTHETIC CPU MODEL / NOT A GPU MEASUREMENT,one-round-fidelity,fidelity/network-jitter/upper,seed-0028,28,48,,,,,,,0.875,1.4380869580238915,0.0,9.251326113062275,0.8958333333333334,1.125,0.6666666666666666,c86fa8899027f0f21f778227853f4370d4c464a7030f4de18ff8300fe589811a
1,synthetic-cpu-one-round-fidelity-model,SYNTHETIC CPU MODEL / NOT A GPU MEASUREMENT,one-round-fidelity,fidelity/network-jitter/upper,seed-0029,29,48,,,,,,,0.9375,0.5152384354121914,0.0,8.86463936559532,0.9375,1.125,0.6666666666666666,5dbfd9a00d519b78b74d47d25921bc7093d49fc73ba952c0f7dd1a8d8bdbd6e4
1,synthetic-cpu-one-round-fidelity-model,SYNTHETIC CPU MODEL / NOT A GPU MEASUREMENT,one-round-fidelity,fidelity/reference,seed-0000,0,48,,,,,,,0.6875,2.0156631083298806,0.0,9.088360011211671,0.8333333333333334,1.3125,0.6666666666666666,ed16f8a5cbd430077d0ce3544e0455dca9677dd4c9c88fbd6a408bdb0e816b0c
1,synthetic-cpu-one-round-fidelity-model,SYNTHETIC CPU MODEL / NOT A GPU MEASUREMENT,one-round-fidelity,fidelity/reference,seed-0001,1,48,,,,,,,0.8333333333333334,1.0502684593902538,0.0,9.061250869468942,0.9166666666666666,1.1666666666666667,0.6666666666666666,ddb7112610205988c27887d3d2b2caa4847cf2f1afc49e50af4e2e013ba507f9
1,synthetic-cpu-one-round-fidelity-model,SYNTHETIC CPU MODEL / NOT A GPU MEASUREMENT,one-round-fidelity,fidelity/reference,seed-0002,2,48,,,,,,,0.7291666666666666,2.1152585005776077,0.0,8.834853165175483,0.7916666666666666,1.2916666666666667,0.6666666666666666,385dd358fa789ceb7a655924430df71c801062b865977dc67d49e8748012ef7d
1,synthetic-cpu-one-round-fidelity-model,SYNTHETIC CPU MODEL / NOT A GPU MEASUREMENT,one-round-fidelity,fidelity/reference,seed-0003,3,48,,,,,,,0.8333333333333334,1.1899195537123453,0.0,8.668771314334336,0.875,1.1875,0.6666666666666666,1d1365b3fb6c2d4509b64c0ef7ee76274d257f4962bb81efdd64b3a1ef44e42b
1,synthetic-cpu-one-round-fidelity-model,SYNTHETIC CPU MODEL / NOT A GPU MEASUREMENT,one-round-fidelity,fidelity/reference,seed-0004,4,48,,,,,,,0.8541666666666666,1.2356362962225578,0.0,9.198609299609616,0.875,1.1666666666666667,0.6666666666666666,0b67e0eac63529ff55752a0e9784b6172fdc82fb3d92ac90271166ebc765e8e3
1,synthetic-cpu-one-round-fidelity-model,SYNTHETIC CPU MODEL / NOT A GPU MEASUREMENT,one-round-fidelity,fidelity/reference,seed-0005,5,48,,,,,,,0.8958333333333334,0.8329853033946426,0.0,8.87102338701841,0.9375,1.1041666666666667,0.6666666666666666,1ca2caa0d2a096486c708fa83ea1ff4f2a5e0b047fad35f04dee63ef70304660
1,synthetic-cpu-one-round-fidelity-model,SYNTHETIC CPU MODEL / NOT A GPU MEASUREMENT,one-round-fidelity,fidelity/reference,seed-0006,6,48,,,,,,,0.8958333333333334,0.7743568083818652,0.0,9.15311533897445,0.9375,1.1458333333333333,0.6666666666666666,7d6233c0a031957fa76c2e169bbe04bb4d84a96a8b3de82b0917791464aeb4a2
1,synthetic-cpu-one-round-fidelity-model,SYNTHETIC CPU MODEL / NOT A GPU MEASUREMENT,one-round-fidelity,fidelity/reference,seed-0007,7,48,,,,,,,0.7916666666666666,1.5369053315575856,0.0,9.237811494315544,0.8125,1.2291666666666667,0.6666666666666666,ca3bdbd2c0e1bd54456a474baaf47717f79577cafac06a7605b707f55384288d
1,synthetic-cpu-one-round-fidelity-model,SYNTHETIC CPU MODEL / NOT A GPU MEASUREMENT,one-round-fidelity,fidelity/reference,seed-0008,8,48,,,,,,,0.875,0.6026251377633031,0.0,9.225140851134507,0.9375,1.125,0.6666666666666666,b220b7c8e7dcb6cadcdd35aaea9b5a894cf83b70bbe9aeb6ab1e32d86017f0a1
1,synthetic-cpu-one-round-fidelity-model,SYNTHETIC CPU MODEL / NOT A GPU MEASUREMENT,one-round-fidelity,fidelity/reference,seed-0009,9,48,,,,,,,0.8333333333333334,1.3219591344423198,0.0,9.188677181953578,0.8958333333333334,1.2083333333333333,0.6666666666666666,e70c2836de12b75bef82afd51a6c649330bc9ccf007c597cdf50d4c48c6f9481
1,synthetic-cpu-one-round-fidelity-model,SYNTHETIC CPU MODEL / NOT A GPU MEASUREMENT,one-round-fidelity,fidelity/reference,seed-0010,10,48,,,,,,,0.8125,1.5660945236926278,0.0,8.623619026644965,0.875,1.2083333333333333,0.6666666666666666,48538e0b52845624cad71ddad71bf337e27f142b80774e616f4cb62b95a1363d
1,synthetic-cpu-one-round-fidelity-model,SYNTHETIC CPU MODEL / NOT A GPU MEASUREMENT,one-round-fidelity,fidelity/reference,seed-0011,11,48,,,,,,,0.8333333333333334,1.003515285412671,0.0,9.581238600430533,0.9166666666666666,1.1875,0.625,cbc2014c2bc45b7d836db22f5b21acf74f6ab23f8d9731b3aeb4d61a42c57b9a
1,synthetic-cpu-one-round-fidelity-model,SYNTHETIC CPU MODEL / NOT A GPU MEASUREMENT,one-round-fidelity,fidelity/reference,seed-0012,12,48,,,,,,,0.8958333333333334,0.7452615331497139,0.0,8.630693944706909,0.9166666666666666,1.1041666666666667,0.6666666666666666,b9645a608bfa57101bd1dbfd1e7e01a43da047796abd00bfc8238b849a649841
1,synthetic-cpu-one-round-fidelity-model,SYNTHETIC CPU MODEL / NOT A GPU MEASUREMENT,one-round-fidelity,fidelity/reference,seed-0013,13,48,,,,,,,0.8125,1.2036429598997571,0.0,9.20905891722873,0.875,1.25,0.6666666666666666,ab553dea78a0f7a2a6239292c51660638bbc57d844599d56638508036db12b83
1,synthetic-cpu-one-round-fidelity-model,SYNTHETIC CPU MODEL / NOT A GPU MEASUREMENT,one-round-fidelity,fidelity/reference,seed-0014,14,48,,,,,,,0.9166666666666666,0.7543558553667399,0.0,8.820431752617885,0.9375,1.0833333333333333,0.6666666666666666,f4aa3c0fd4d2518f75dc80b73def917b8ad1a32b22d4cfd9ffe31c46762a8fde
1,synthetic-cpu-one-round-fidelity-model,SYNTHETIC CPU MODEL / NOT A GPU MEASUREMENT,one-round-fidelity,fidelity/reference,seed-0015,15,48,,,,,,,0.7916666666666666,1.6865322871054211,0.0,9.25575939357612,0.8333333333333334,1.2083333333333333,0.6666666666666666,a2fb457afd6d7df09d6e821c7fdd59ca022179944305920ea52f4f8581928278
1,synthetic-cpu-one-round-fidelity-model,SYNTHETIC CPU MODEL / NOT A GPU MEASUREMENT,one-round-fidelity,fidelity/reference,seed-0016,16,48,,,,,,,0.8958333333333334,0.23763017776584847,0.0,9.042064880579977,0.9791666666666666,1.1041666666666667,0.6666666666666666,f4db2b054592c24d3c3d2687c982706f766b9ae2361087273a020160ee1eed06
1,synthetic-cpu-one-round-fidelity-model,SYNTHETIC CPU MODEL / NOT A GPU MEASUREMENT,one-round-fidelity,fidelity/reference,seed-0017,17,48,,,,,,,0.9166666666666666,0.6572408923622047,0.0,8.885575457768363,0.9375,1.0833333333333333,0.6666666666666666,86eb55b5d69c8b9efe7bb43374f8f35faadc9ea130652b4d3ef884e9604ab4c2
1,synthetic-cpu-one-round-fidelity-model,SYNTHETIC CPU MODEL / NOT A GPU MEASUREMENT,one-round-fidelity,fidelity/reference,seed-0018,18,48,,,,,,,0.8541666666666666,1.2247912288480285,0.0,9.11196552231133,0.8958333333333334,1.1875,0.6666666666666666,d18bff09815c1f2d88d98617a6c6b92bc284f97d439051e6e8c0c90880125ccb
1,synthetic-cpu-one-round-fidelity-model,SYNTHETIC CPU MODEL / NOT A GPU MEASUREMENT,one-round-fidelity,fidelity/reference,seed-0019,19,48,,,,,,,0.8125,1.337347250683738,0.0,8.340376243692189,0.875,1.2083333333333333,0.6666666666666666,4e86a47fdbf78f0777365f53bd81ce56121a1df838cc21de31a7aa7dc3ff56f1
1,synthetic-cpu-one-round-fidelity-model,SYNTHETIC CPU MODEL / NOT A GPU MEASUREMENT,one-round-fidelity,fidelity/reference,seed-0020,20,48,,,,,,,0.8333333333333334,1.3173739860835767,0.0,9.277420455727805,0.875,1.1666666666666667,0.6666666666666666,667a54f5d921eb9347d50351d0f082852f5372ee330b75fe9c3edcf96abfe501
1,synthetic-cpu-one-round-fidelity-model,SYNTHETIC CPU MODEL / NOT A GPU MEASUREMENT,one-round-fidelity,fidelity/reference,seed-0021,21,48,,,,,,,0.7708333333333334,2.0804378992924533,0.0,9.08945557362184,0.8125,1.25,0.6666666666666666,b180c0bb85c5bc95abedfd72e394853f79cb003b14902c1d18c6d3122335307b
1,synthetic-cpu-one-round-fidelity-model,SYNTHETIC CPU MODEL / NOT A GPU MEASUREMENT,one-round-fidelity,fidelity/reference,seed-0022,22,48,,,,,,,0.875,0.6962095545810123,0.0,9.284653947149604,0.9375,1.125,0.6666666666666666,2d0083dc123890a7c43b8aa70ba6f289ab68a93cbd49d989ecca110f67e0ca5a
1,synthetic-cpu-one-round-fidelity-model,SYNTHETIC CPU MODEL / NOT A GPU MEASUREMENT,one-round-fidelity,fidelity/reference,seed-0023,23,48,,,,,,,0.8958333333333334,0.8432701211683136,0.0,8.669750459189126,0.9375,1.125,0.6666666666666666,c42cce8db9e1e86ac8fe1abbf3b81dded2b178f2d53a802ed4b2f06777abc050
1,synthetic-cpu-one-round-fidelity-model,SYNTHETIC CPU MODEL / NOT A GPU MEASUREMENT,one-round-fidelity,fidelity/reference,seed-0024,24,48,,,,,,,0.8958333333333334,0.893273779846461,0.0,8.859965193531677,0.9375,1.1041666666666667,0.6666666666666666,3f4b7e2fcfb8f1c358d2ac4e97a4f845b22ea86fbb04999980c5e924e57d2459
1,synthetic-cpu-one-round-fidelity-model,SYNTHETIC CPU MODEL / NOT A GPU MEASUREMENT,one-round-fidelity,fidelity/reference,seed-0025,25,48,,,,,,,0.8541666666666666,1.016368365642167,0.0,9.050004489382731,0.9375,1.1875,0.6666666666666666,04ce12441be0c38f3c50e249df9c7440a46b83165ef3e1ae3cc789921f9fb729
1,synthetic-cpu-one-round-fidelity-model,SYNTHETIC CPU MODEL / NOT A GPU MEASUREMENT,one-round-fidelity,fidelity/reference,seed-0026,26,48,,,,,,,0.875,0.9738113864507145,0.0,9.035664972277665,0.9166666666666666,1.1458333333333333,0.6666666666666666,20e25a12a164b828e6697049b847407e5e97a4e131d180c58cb148f2ffca544f
1,synthetic-cpu-one-round-fidelity-model,SYNTHETIC CPU MODEL / NOT A GPU MEASUREMENT,one-round-fidelity,fidelity/reference,seed-0027,27,48,,,,,,,0.9375,0.4184312493065236,0.0,8.471277351012324,0.9375,1.125,0.6666666666666666,a1bc5b550b5842cf273960a7dd290226f3e6b9756f5cebb7d2cfcdaa12a9706c
1,synthetic-cpu-one-round-fidelity-model,SYNTHETIC CPU MODEL / NOT A GPU MEASUREMENT,one-round-fidelity,fidelity/reference,seed-0028,28,48,,,,,,,0.875,1.4373340820361538,0.0,9.251326113062275,0.8958333333333334,1.125,0.6666666666666666,0ea8c2e0ce02d6cec8c261650a01c2d099d6b664064cc0ab325428ab92a12072
1,synthetic-cpu-one-round-fidelity-model,SYNTHETIC CPU MODEL / NOT A GPU MEASUREMENT,one-round-fidelity,fidelity/reference,seed-0029,29,48,,,,,,,0.9375,0.5061066569784954,0.0,8.86463936559532,0.9375,1.125,0.6666666666666666,da10b6600cb7e2e0beb976204d57e5160e2f36aec7c369aa617d2abbc20085ae
