schema_version,evidence_class,measurement_warning,claim_boundary,mode,split,workload_kind,cell_id,cluster_id,seed,harness,requests,cache_hits,cache_hit_rate,mean_ttft_ms,p95_ttft_ms,cache_evictions,cache_allocated_pages,cache_peak_allocated_pages,stale_precompute_jobs,precompute_retries,recovery_retries,backpressured_attempts,terminal_failed_jobs,trace_payload_sha256
1,cpu-simulation-model,SIMULATION MODEL OUTPUT — NOT A GPU MEASUREMENT.,"All values are deterministic CPU simulation/model outputs. They do not measure GPU kernels, CUDA graphs, accelerator memory, power, or production throughput.",full,train,synchronized,pb12-01-synchronized-train,pb12-01-synchronized-train/seed-0000,0,one-round-fidelity-model,16,16,1.0,16.177319999999998,28.24901999999999,0,48,48,0,0,0,0,0,1fc19fae5b92552936d03fcacc0eeeba5c31c26a3f43f47e26af19a409fbc6f7
1,cpu-simulation-model,SIMULATION MODEL OUTPUT — NOT A GPU MEASUREMENT.,"All values are deterministic CPU simulation/model outputs. They do not measure GPU kernels, CUDA graphs, accelerator memory, power, or production throughput.",full,train,synchronized,pb12-01-synchronized-train,pb12-01-synchronized-train/seed-0001,1,one-round-fidelity-model,16,16,1.0,16.177319999999998,28.24901999999999,0,48,48,0,0,0,0,0,70252cbd5305c41e7b163d062f5111944e329948a7e15fa3154df8700b448c10
1,cpu-simulation-model,SIMULATION MODEL OUTPUT — NOT A GPU MEASUREMENT.,"All values are deterministic CPU simulation/model outputs. They do not measure GPU kernels, CUDA graphs, accelerator memory, power, or production throughput.",full,train,synchronized,pb12-01-synchronized-train,pb12-01-synchronized-train/seed-0002,2,one-round-fidelity-model,16,16,1.0,16.177319999999998,28.24901999999999,0,48,48,0,0,0,0,0,03fa2bc6d413f619a18c5f43a7ab7e2f1f9cf25bd701315812335255af4db631
1,cpu-simulation-model,SIMULATION MODEL OUTPUT — NOT A GPU MEASUREMENT.,"All values are deterministic CPU simulation/model outputs. They do not measure GPU kernels, CUDA graphs, accelerator memory, power, or production throughput.",full,train,synchronized,pb12-01-synchronized-train,pb12-01-synchronized-train/seed-0003,3,one-round-fidelity-model,16,16,1.0,16.177319999999998,28.24901999999999,0,48,48,0,0,0,0,0,6a3f4fbea4c10c3c0869926455c40c0bd6c0e4d9a22c35ce18a3f641d31f8cd4
1,cpu-simulation-model,SIMULATION MODEL OUTPUT — NOT A GPU MEASUREMENT.,"All values are deterministic CPU simulation/model outputs. They do not measure GPU kernels, CUDA graphs, accelerator memory, power, or production throughput.",full,train,synchronized,pb12-01-synchronized-train,pb12-01-synchronized-train/seed-0004,4,one-round-fidelity-model,16,16,1.0,16.177319999999998,28.24901999999999,0,48,48,0,0,0,0,0,60713d6b0eb35efa19c0d393cb180ac6db8cdc74de987810cac1686bf0102e35
1,cpu-simulation-model,SIMULATION MODEL OUTPUT — NOT A GPU MEASUREMENT.,"All values are deterministic CPU simulation/model outputs. They do not measure GPU kernels, CUDA graphs, accelerator memory, power, or production throughput.",full,train,synchronized,pb12-01-synchronized-train,pb12-01-synchronized-train/seed-0005,5,one-round-fidelity-model,16,16,1.0,16.177319999999998,28.24901999999999,0,48,48,0,0,0,0,0,c245eadfa09a49deb886fdf00eb69c1a9fb0a466e420ae66ee593db468b8dfe6
1,cpu-simulation-model,SIMULATION MODEL OUTPUT — NOT A GPU MEASUREMENT.,"All values are deterministic CPU simulation/model outputs. They do not measure GPU kernels, CUDA graphs, accelerator memory, power, or production throughput.",full,train,synchronized,pb12-01-synchronized-train,pb12-01-synchronized-train/seed-0006,6,one-round-fidelity-model,16,16,1.0,16.177319999999998,28.24901999999999,0,48,48,0,0,0,0,0,ce288ac27d99ec82bb44bd664d56ba4681e438d06c48ce02d1dc0b7e70e0d329
1,cpu-simulation-model,SIMULATION MODEL OUTPUT — NOT A GPU MEASUREMENT.,"All values are deterministic CPU simulation/model outputs. They do not measure GPU kernels, CUDA graphs, accelerator memory, power, or production throughput.",full,train,synchronized,pb12-01-synchronized-train,pb12-01-synchronized-train/seed-0007,7,one-round-fidelity-model,16,16,1.0,16.177319999999998,28.24901999999999,0,48,48,0,0,0,0,0,c0e6a29ae57ee1cfb62c3a8b55420bbcfdf5a8cb4a7078cc8d1fa981798f3825
1,cpu-simulation-model,SIMULATION MODEL OUTPUT — NOT A GPU MEASUREMENT.,"All values are deterministic CPU simulation/model outputs. They do not measure GPU kernels, CUDA graphs, accelerator memory, power, or production throughput.",full,train,synchronized,pb12-01-synchronized-train,pb12-01-synchronized-train/seed-0008,8,one-round-fidelity-model,16,16,1.0,16.177319999999998,28.24901999999999,0,48,48,0,0,0,0,0,4ecfc1debc76ff3a88b1eb6b7fa762a5dc1a0d73266709a89c03f5046ce6c594
1,cpu-simulation-model,SIMULATION MODEL OUTPUT — NOT A GPU MEASUREMENT.,"All values are deterministic CPU simulation/model outputs. They do not measure GPU kernels, CUDA graphs, accelerator memory, power, or production throughput.",full,train,synchronized,pb12-01-synchronized-train,pb12-01-synchronized-train/seed-0009,9,one-round-fidelity-model,16,16,1.0,16.177319999999998,28.24901999999999,0,48,48,0,0,0,0,0,fd1c2bd2679d30e8b2ad79da20c578136db1f4fe5fbe1bbd42067f621c0abcf2
1,cpu-simulation-model,SIMULATION MODEL OUTPUT — NOT A GPU MEASUREMENT.,"All values are deterministic CPU simulation/model outputs. They do not measure GPU kernels, CUDA graphs, accelerator memory, power, or production throughput.",full,train,synchronized,pb12-01-synchronized-train,pb12-01-synchronized-train/seed-0010,10,one-round-fidelity-model,16,16,1.0,16.177319999999998,28.24901999999999,0,48,48,0,0,0,0,0,3ffcc4b7432fb839a205eefc66324fd4ebfeb5ec92459565bec2750db14244ad
1,cpu-simulation-model,SIMULATION MODEL OUTPUT — NOT A GPU MEASUREMENT.,"All values are deterministic CPU simulation/model outputs. They do not measure GPU kernels, CUDA graphs, accelerator memory, power, or production throughput.",full,train,synchronized,pb12-01-synchronized-train,pb12-01-synchronized-train/seed-0011,11,one-round-fidelity-model,16,16,1.0,16.177319999999998,28.24901999999999,0,48,48,0,0,0,0,0,4bc3f18311c11411e1b47473dc7824e73501d378e0083ffdb65367bb2b22b45c
1,cpu-simulation-model,SIMULATION MODEL OUTPUT — NOT A GPU MEASUREMENT.,"All values are deterministic CPU simulation/model outputs. They do not measure GPU kernels, CUDA graphs, accelerator memory, power, or production throughput.",full,train,synchronized,pb12-01-synchronized-train,pb12-01-synchronized-train/seed-0012,12,one-round-fidelity-model,16,16,1.0,16.177319999999998,28.24901999999999,0,48,48,0,0,0,0,0,ce003300abe1bbd6cde5f6be6ca5303847f814c615d5ada6096a7b4b4c398f3d
1,cpu-simulation-model,SIMULATION MODEL OUTPUT — NOT A GPU MEASUREMENT.,"All values are deterministic CPU simulation/model outputs. They do not measure GPU kernels, CUDA graphs, accelerator memory, power, or production throughput.",full,train,synchronized,pb12-01-synchronized-train,pb12-01-synchronized-train/seed-0013,13,one-round-fidelity-model,16,16,1.0,16.177319999999998,28.24901999999999,0,48,48,0,0,0,0,0,2ee86f97d9d706cb5392c019aad88b0464f1b120178c85cb729f6c16fc57c5d3
1,cpu-simulation-model,SIMULATION MODEL OUTPUT — NOT A GPU MEASUREMENT.,"All values are deterministic CPU simulation/model outputs. They do not measure GPU kernels, CUDA graphs, accelerator memory, power, or production throughput.",full,train,synchronized,pb12-01-synchronized-train,pb12-01-synchronized-train/seed-0014,14,one-round-fidelity-model,16,16,1.0,16.177319999999998,28.24901999999999,0,48,48,0,0,0,0,0,5e173aa14ed5d2f42ea8536de0d5f831d09ab55a4cb92a5b7eb3de731ef6f738
1,cpu-simulation-model,SIMULATION MODEL OUTPUT — NOT A GPU MEASUREMENT.,"All values are deterministic CPU simulation/model outputs. They do not measure GPU kernels, CUDA graphs, accelerator memory, power, or production throughput.",full,train,synchronized,pb12-01-synchronized-train,pb12-01-synchronized-train/seed-0015,15,one-round-fidelity-model,16,16,1.0,16.177319999999998,28.24901999999999,0,48,48,0,0,0,0,0,15973629a12a4a89c5c2d476b27dc886f4925f7e867194fde4b95a022cf39af3
1,cpu-simulation-model,SIMULATION MODEL OUTPUT — NOT A GPU MEASUREMENT.,"All values are deterministic CPU simulation/model outputs. They do not measure GPU kernels, CUDA graphs, accelerator memory, power, or production throughput.",full,train,synchronized,pb12-01-synchronized-train,pb12-01-synchronized-train/seed-0016,16,one-round-fidelity-model,16,16,1.0,16.177319999999998,28.24901999999999,0,48,48,0,0,0,0,0,f2ee8fb032e85b0f263b587a01545bcd3a718ccf9c1fd3d36c9840a4abec4ce4
1,cpu-simulation-model,SIMULATION MODEL OUTPUT — NOT A GPU MEASUREMENT.,"All values are deterministic CPU simulation/model outputs. They do not measure GPU kernels, CUDA graphs, accelerator memory, power, or production throughput.",full,train,synchronized,pb12-01-synchronized-train,pb12-01-synchronized-train/seed-0017,17,one-round-fidelity-model,16,16,1.0,16.177319999999998,28.24901999999999,0,48,48,0,0,0,0,0,18801be203c6839fb673a23fdacb44017a663b31e028a2a0c04b2172cb0b2fb4
1,cpu-simulation-model,SIMULATION MODEL OUTPUT — NOT A GPU MEASUREMENT.,"All values are deterministic CPU simulation/model outputs. They do not measure GPU kernels, CUDA graphs, accelerator memory, power, or production throughput.",full,train,synchronized,pb12-01-synchronized-train,pb12-01-synchronized-train/seed-0018,18,one-round-fidelity-model,16,16,1.0,16.177319999999998,28.24901999999999,0,48,48,0,0,0,0,0,e61705a0e474d5c9cd081703bcf9894a2386fcdb436fcffd8f511ff8034d46ac
1,cpu-simulation-model,SIMULATION MODEL OUTPUT — NOT A GPU MEASUREMENT.,"All values are deterministic CPU simulation/model outputs. They do not measure GPU kernels, CUDA graphs, accelerator memory, power, or production throughput.",full,train,synchronized,pb12-01-synchronized-train,pb12-01-synchronized-train/seed-0019,19,one-round-fidelity-model,16,16,1.0,16.177319999999998,28.24901999999999,0,48,48,0,0,0,0,0,0b6d71c18ed01889b0cb21ef0f15c521598ee8bc4d216995504291d117cd3fb0
1,cpu-simulation-model,SIMULATION MODEL OUTPUT — NOT A GPU MEASUREMENT.,"All values are deterministic CPU simulation/model outputs. They do not measure GPU kernels, CUDA graphs, accelerator memory, power, or production throughput.",full,train,synchronized,pb12-01-synchronized-train,pb12-01-synchronized-train/seed-0020,20,one-round-fidelity-model,16,16,1.0,16.177319999999998,28.24901999999999,0,48,48,0,0,0,0,0,f82756fa2837d0ee4af2a00212e7a6d70d18560005d2a23b050d093781b7abce
1,cpu-simulation-model,SIMULATION MODEL OUTPUT — NOT A GPU MEASUREMENT.,"All values are deterministic CPU simulation/model outputs. They do not measure GPU kernels, CUDA graphs, accelerator memory, power, or production throughput.",full,train,synchronized,pb12-01-synchronized-train,pb12-01-synchronized-train/seed-0021,21,one-round-fidelity-model,16,16,1.0,16.177319999999998,28.24901999999999,0,48,48,0,0,0,0,0,6a6dfea0135ecf4baacc96e2ead719f0f60d3456e7123811b972cc29bf70cba7
1,cpu-simulation-model,SIMULATION MODEL OUTPUT — NOT A GPU MEASUREMENT.,"All values are deterministic CPU simulation/model outputs. They do not measure GPU kernels, CUDA graphs, accelerator memory, power, or production throughput.",full,train,synchronized,pb12-01-synchronized-train,pb12-01-synchronized-train/seed-0022,22,one-round-fidelity-model,16,16,1.0,16.177319999999998,28.24901999999999,0,48,48,0,0,0,0,0,235e1a4351e94e7f264f17faa1d769a0aefd23bad36a7c1ea2f4e6f44e140d28
1,cpu-simulation-model,SIMULATION MODEL OUTPUT — NOT A GPU MEASUREMENT.,"All values are deterministic CPU simulation/model outputs. They do not measure GPU kernels, CUDA graphs, accelerator memory, power, or production throughput.",full,train,synchronized,pb12-01-synchronized-train,pb12-01-synchronized-train/seed-0023,23,one-round-fidelity-model,16,16,1.0,16.177319999999998,28.24901999999999,0,48,48,0,0,0,0,0,4644da4a638b613646d9fca8df26c4436309fd504e3693d1eaa3f7224a27073d
1,cpu-simulation-model,SIMULATION MODEL OUTPUT — NOT A GPU MEASUREMENT.,"All values are deterministic CPU simulation/model outputs. They do not measure GPU kernels, CUDA graphs, accelerator memory, power, or production throughput.",full,train,synchronized,pb12-01-synchronized-train,pb12-01-synchronized-train/seed-0024,24,one-round-fidelity-model,16,16,1.0,16.177319999999998,28.24901999999999,0,48,48,0,0,0,0,0,9f2c426c204d62d6b0140aa907f289022926cd1b988ca525bc4dba51ceb9b883
1,cpu-simulation-model,SIMULATION MODEL OUTPUT — NOT A GPU MEASUREMENT.,"All values are deterministic CPU simulation/model outputs. They do not measure GPU kernels, CUDA graphs, accelerator memory, power, or production throughput.",full,train,synchronized,pb12-01-synchronized-train,pb12-01-synchronized-train/seed-0025,25,one-round-fidelity-model,16,16,1.0,16.177319999999998,28.24901999999999,0,48,48,0,0,0,0,0,5e451d43d22d0ebfe39320126bbb3cd98548dde33cb4fae9ea891e5ea128fbfd
1,cpu-simulation-model,SIMULATION MODEL OUTPUT — NOT A GPU MEASUREMENT.,"All values are deterministic CPU simulation/model outputs. They do not measure GPU kernels, CUDA graphs, accelerator memory, power, or production throughput.",full,train,synchronized,pb12-01-synchronized-train,pb12-01-synchronized-train/seed-0026,26,one-round-fidelity-model,16,16,1.0,16.177319999999998,28.24901999999999,0,48,48,0,0,0,0,0,a5acd821ff7fc27fcfb995ff6cfa1e6044e6f20c076e728cb2c7aa8f20cd7042
1,cpu-simulation-model,SIMULATION MODEL OUTPUT — NOT A GPU MEASUREMENT.,"All values are deterministic CPU simulation/model outputs. They do not measure GPU kernels, CUDA graphs, accelerator memory, power, or production throughput.",full,train,synchronized,pb12-01-synchronized-train,pb12-01-synchronized-train/seed-0027,27,one-round-fidelity-model,16,16,1.0,16.177319999999998,28.24901999999999,0,48,48,0,0,0,0,0,b2e008d90ad17cf1062b5779de6a6b66e50e19496f461353b0c8def1123adb33
1,cpu-simulation-model,SIMULATION MODEL OUTPUT — NOT A GPU MEASUREMENT.,"All values are deterministic CPU simulation/model outputs. They do not measure GPU kernels, CUDA graphs, accelerator memory, power, or production throughput.",full,train,synchronized,pb12-01-synchronized-train,pb12-01-synchronized-train/seed-0028,28,one-round-fidelity-model,16,16,1.0,16.177319999999998,28.24901999999999,0,48,48,0,0,0,0,0,e8d0309a3b81a5683fc17a96d2e661b97f74f2caa76b498bd8297f71e58c6ef6
1,cpu-simulation-model,SIMULATION MODEL OUTPUT — NOT A GPU MEASUREMENT.,"All values are deterministic CPU simulation/model outputs. They do not measure GPU kernels, CUDA graphs, accelerator memory, power, or production throughput.",full,train,synchronized,pb12-01-synchronized-train,pb12-01-synchronized-train/seed-0029,29,one-round-fidelity-model,16,16,1.0,16.177319999999998,28.24901999999999,0,48,48,0,0,0,0,0,803a0644f8fcb32e64dfe751b01cef481f7d17fdad8500a9146ae4ad7058577d
1,cpu-simulation-model,SIMULATION MODEL OUTPUT — NOT A GPU MEASUREMENT.,"All values are deterministic CPU simulation/model outputs. They do not measure GPU kernels, CUDA graphs, accelerator memory, power, or production throughput.",full,validation,synchronized,pb12-02-synchronized-validation,pb12-02-synchronized-validation/seed-0000,0,one-round-fidelity-model,16,9,0.5625,16.43332,28.50501999999999,0,32,32,0,0,0,0,0,9956c69237214b3c35d16450cc2b444d705d1259b7ebecc72e4165773b734d86
1,cpu-simulation-model,SIMULATION MODEL OUTPUT — NOT A GPU MEASUREMENT.,"All values are deterministic CPU simulation/model outputs. They do not measure GPU kernels, CUDA graphs, accelerator memory, power, or production throughput.",full,validation,synchronized,pb12-02-synchronized-validation,pb12-02-synchronized-validation/seed-0001,1,one-round-fidelity-model,16,13,0.8125,16.43332,28.50501999999999,0,32,32,0,0,1,0,0,6eca8e940e78940f263bb3d99ba84dfdda2692cefee6ce9c7e99fc1761667b05
1,cpu-simulation-model,SIMULATION MODEL OUTPUT — NOT A GPU MEASUREMENT.,"All values are deterministic CPU simulation/model outputs. They do not measure GPU kernels, CUDA graphs, accelerator memory, power, or production throughput.",full,validation,synchronized,pb12-02-synchronized-validation,pb12-02-synchronized-validation/seed-0002,2,one-round-fidelity-model,16,10,0.625,16.43332,28.50501999999999,0,32,32,0,0,0,0,0,61a3f0076d17cdc85ce81891d91bbb48be9596b13208c1ba95cde0e97452549c
1,cpu-simulation-model,SIMULATION MODEL OUTPUT — NOT A GPU MEASUREMENT.,"All values are deterministic CPU simulation/model outputs. They do not measure GPU kernels, CUDA graphs, accelerator memory, power, or production throughput.",full,validation,synchronized,pb12-02-synchronized-validation,pb12-02-synchronized-validation/seed-0003,3,one-round-fidelity-model,16,9,0.5625,16.43332,28.50501999999999,0,32,32,0,0,0,0,0,4977712e51376247ac1f49c4a1c2ef8e9d68b2e20139d0d34e737945d815f1d5
1,cpu-simulation-model,SIMULATION MODEL OUTPUT — NOT A GPU MEASUREMENT.,"All values are deterministic CPU simulation/model outputs. They do not measure GPU kernels, CUDA graphs, accelerator memory, power, or production throughput.",full,validation,synchronized,pb12-02-synchronized-validation,pb12-02-synchronized-validation/seed-0004,4,one-round-fidelity-model,16,9,0.5625,16.43332,28.50501999999999,0,32,32,0,1,0,0,0,fe45fd60f4f65bcef7d0717aee4eee7264f370870dc82d1190fffce4616849b0
1,cpu-simulation-model,SIMULATION MODEL OUTPUT — NOT A GPU MEASUREMENT.,"All values are deterministic CPU simulation/model outputs. They do not measure GPU kernels, CUDA graphs, accelerator memory, power, or production throughput.",full,validation,synchronized,pb12-02-synchronized-validation,pb12-02-synchronized-validation/seed-0005,5,one-round-fidelity-model,16,10,0.625,16.43332,28.50501999999999,0,32,32,0,0,0,0,0,8a9e6ccbf1ea473888699bd6998864c50dc1e9acbfee9a3ed70e5b5e3162ae2b
1,cpu-simulation-model,SIMULATION MODEL OUTPUT — NOT A GPU MEASUREMENT.,"All values are deterministic CPU simulation/model outputs. They do not measure GPU kernels, CUDA graphs, accelerator memory, power, or production throughput.",full,validation,synchronized,pb12-02-synchronized-validation,pb12-02-synchronized-validation/seed-0006,6,one-round-fidelity-model,16,11,0.6875,16.43332,28.50501999999999,0,32,32,0,0,0,0,0,f80d268482af2b525e7aed599749f42192a2c3edd9464f68d79d86a0e002c5f2
1,cpu-simulation-model,SIMULATION MODEL OUTPUT — NOT A GPU MEASUREMENT.,"All values are deterministic CPU simulation/model outputs. They do not measure GPU kernels, CUDA graphs, accelerator memory, power, or production throughput.",full,validation,synchronized,pb12-02-synchronized-validation,pb12-02-synchronized-validation/seed-0007,7,one-round-fidelity-model,16,13,0.8125,16.43332,28.50501999999999,0,32,32,0,0,0,0,0,22afa60cdf9a004956fc19bb92cf67d5a32652f09dfab80669dc17c3a3a7adfa
1,cpu-simulation-model,SIMULATION MODEL OUTPUT — NOT A GPU MEASUREMENT.,"All values are deterministic CPU simulation/model outputs. They do not measure GPU kernels, CUDA graphs, accelerator memory, power, or production throughput.",full,validation,synchronized,pb12-02-synchronized-validation,pb12-02-synchronized-validation/seed-0008,8,one-round-fidelity-model,16,5,0.3125,16.43332,28.50501999999999,0,32,32,0,1,0,0,0,862d6d8e07c49c4fbf3308acab0fa502222fdc464faed096b9b9b72c4c87a734
1,cpu-simulation-model,SIMULATION MODEL OUTPUT — NOT A GPU MEASUREMENT.,"All values are deterministic CPU simulation/model outputs. They do not measure GPU kernels, CUDA graphs, accelerator memory, power, or production throughput.",full,validation,synchronized,pb12-02-synchronized-validation,pb12-02-synchronized-validation/seed-0009,9,one-round-fidelity-model,16,7,0.4375,16.43332,28.50501999999999,0,32,32,0,0,0,0,0,94f3ab023fbba3b3d599f8b7b226be518da630c5bec1e3c09bb67951c6a00356
1,cpu-simulation-model,SIMULATION MODEL OUTPUT — NOT A GPU MEASUREMENT.,"All values are deterministic CPU simulation/model outputs. They do not measure GPU kernels, CUDA graphs, accelerator memory, power, or production throughput.",full,validation,synchronized,pb12-02-synchronized-validation,pb12-02-synchronized-validation/seed-0010,10,one-round-fidelity-model,16,9,0.5625,16.43332,28.50501999999999,0,32,32,0,1,0,0,0,1561264bb4ff33dc286d0049914abe4345575d0e9dcc6565a1b08347ee3b5c2e
1,cpu-simulation-model,SIMULATION MODEL OUTPUT — NOT A GPU MEASUREMENT.,"All values are deterministic CPU simulation/model outputs. They do not measure GPU kernels, CUDA graphs, accelerator memory, power, or production throughput.",full,validation,synchronized,pb12-02-synchronized-validation,pb12-02-synchronized-validation/seed-0011,11,one-round-fidelity-model,16,9,0.5625,16.43332,28.50501999999999,0,32,32,0,1,0,0,0,be087e78b19ca8f0500985d733f7822d004d504516c2bfd109f541beb4dc127a
1,cpu-simulation-model,SIMULATION MODEL OUTPUT — NOT A GPU MEASUREMENT.,"All values are deterministic CPU simulation/model outputs. They do not measure GPU kernels, CUDA graphs, accelerator memory, power, or production throughput.",full,validation,synchronized,pb12-02-synchronized-validation,pb12-02-synchronized-validation/seed-0012,12,one-round-fidelity-model,16,10,0.625,16.43332,28.50501999999999,0,32,32,0,0,0,0,0,e20076515ef1990d01732ce62a044c4618b1dcd30badaf75a114cd0dd29d6edb
1,cpu-simulation-model,SIMULATION MODEL OUTPUT — NOT A GPU MEASUREMENT.,"All values are deterministic CPU simulation/model outputs. They do not measure GPU kernels, CUDA graphs, accelerator memory, power, or production throughput.",full,validation,synchronized,pb12-02-synchronized-validation,pb12-02-synchronized-validation/seed-0013,13,one-round-fidelity-model,16,9,0.5625,16.43332,28.50501999999999,0,32,32,0,0,0,0,0,836ac320a87c15e6192f5dd3d1dfe781618dc3da31c54d49e61ffee70e1517fa
1,cpu-simulation-model,SIMULATION MODEL OUTPUT — NOT A GPU MEASUREMENT.,"All values are deterministic CPU simulation/model outputs. They do not measure GPU kernels, CUDA graphs, accelerator memory, power, or production throughput.",full,validation,synchronized,pb12-02-synchronized-validation,pb12-02-synchronized-validation/seed-0014,14,one-round-fidelity-model,16,8,0.5,16.43332,28.50501999999999,0,32,32,0,0,0,0,0,39139b7d6d017f9c64f223e321d9b044bafbeb1c864782cdfdc8e0000ec5f378
1,cpu-simulation-model,SIMULATION MODEL OUTPUT — NOT A GPU MEASUREMENT.,"All values are deterministic CPU simulation/model outputs. They do not measure GPU kernels, CUDA graphs, accelerator memory, power, or production throughput.",full,validation,synchronized,pb12-02-synchronized-validation,pb12-02-synchronized-validation/seed-0015,15,one-round-fidelity-model,16,12,0.75,16.43332,28.50501999999999,0,32,32,0,0,0,0,0,607eedb2a2df736cba40532877025305022d117407da26d4f2f94acf2fa65a52
1,cpu-simulation-model,SIMULATION MODEL OUTPUT — NOT A GPU MEASUREMENT.,"All values are deterministic CPU simulation/model outputs. They do not measure GPU kernels, CUDA graphs, accelerator memory, power, or production throughput.",full,validation,synchronized,pb12-02-synchronized-validation,pb12-02-synchronized-validation/seed-0016,16,one-round-fidelity-model,16,9,0.5625,16.43332,28.50501999999999,0,32,32,0,0,0,0,0,f3969455708d1e1cc116166f353d6e7caddc5753759f9a7fe4c1bdc208e2e3f9
1,cpu-simulation-model,SIMULATION MODEL OUTPUT — NOT A GPU MEASUREMENT.,"All values are deterministic CPU simulation/model outputs. They do not measure GPU kernels, CUDA graphs, accelerator memory, power, or production throughput.",full,validation,synchronized,pb12-02-synchronized-validation,pb12-02-synchronized-validation/seed-0017,17,one-round-fidelity-model,16,12,0.75,16.43332,28.50501999999999,0,32,32,0,0,0,0,0,7166cd0b3d0694b51c17b34409f83711a38d9b469faef3dfdbda70adf4ecddbe
1,cpu-simulation-model,SIMULATION MODEL OUTPUT — NOT A GPU MEASUREMENT.,"All values are deterministic CPU simulation/model outputs. They do not measure GPU kernels, CUDA graphs, accelerator memory, power, or production throughput.",full,validation,synchronized,pb12-02-synchronized-validation,pb12-02-synchronized-validation/seed-0018,18,one-round-fidelity-model,16,10,0.625,16.43332,28.50501999999999,0,32,32,0,0,0,0,0,9aa1d4e61d939c9a89325577aa9b46eb86c5f2506cfa1722e439682a55c8951b
1,cpu-simulation-model,SIMULATION MODEL OUTPUT — NOT A GPU MEASUREMENT.,"All values are deterministic CPU simulation/model outputs. They do not measure GPU kernels, CUDA graphs, accelerator memory, power, or production throughput.",full,validation,synchronized,pb12-02-synchronized-validation,pb12-02-synchronized-validation/seed-0019,19,one-round-fidelity-model,16,8,0.5,16.43332,28.50501999999999,0,32,32,0,0,0,0,0,3dbc02df134182c57a44137020d2ef9a9cef47633d4a1e2a2d5b2ca8b5cdbd93
1,cpu-simulation-model,SIMULATION MODEL OUTPUT — NOT A GPU MEASUREMENT.,"All values are deterministic CPU simulation/model outputs. They do not measure GPU kernels, CUDA graphs, accelerator memory, power, or production throughput.",full,validation,synchronized,pb12-02-synchronized-validation,pb12-02-synchronized-validation/seed-0020,20,one-round-fidelity-model,16,10,0.625,16.43332,28.50501999999999,0,32,32,0,1,0,0,0,1ba9aaee192398a8145ae861d5731d1bd757eb007f44e95b5ef37caba1731ac6
1,cpu-simulation-model,SIMULATION MODEL OUTPUT — NOT A GPU MEASUREMENT.,"All values are deterministic CPU simulation/model outputs. They do not measure GPU kernels, CUDA graphs, accelerator memory, power, or production throughput.",full,validation,synchronized,pb12-02-synchronized-validation,pb12-02-synchronized-validation/seed-0021,21,one-round-fidelity-model,16,10,0.625,16.43332,28.50501999999999,0,32,32,0,0,0,0,0,f51b41e760b74da9056bb39e167e89457168dbe231da20b3980f1293ae1a72d4
1,cpu-simulation-model,SIMULATION MODEL OUTPUT — NOT A GPU MEASUREMENT.,"All values are deterministic CPU simulation/model outputs. They do not measure GPU kernels, CUDA graphs, accelerator memory, power, or production throughput.",full,validation,synchronized,pb12-02-synchronized-validation,pb12-02-synchronized-validation/seed-0022,22,one-round-fidelity-model,16,12,0.75,16.43332,28.50501999999999,0,32,32,0,1,0,0,0,7f1981cace8ae5a9d582587cacd81b870a531f4ef54cd32998608a0ced82b63c
1,cpu-simulation-model,SIMULATION MODEL OUTPUT — NOT A GPU MEASUREMENT.,"All values are deterministic CPU simulation/model outputs. They do not measure GPU kernels, CUDA graphs, accelerator memory, power, or production throughput.",full,validation,synchronized,pb12-02-synchronized-validation,pb12-02-synchronized-validation/seed-0023,23,one-round-fidelity-model,16,10,0.625,16.43332,28.50501999999999,0,32,32,0,0,1,0,0,b9d2eac21a882d709ee0bf448dfceac5020c4644241a02d1a129889032104e33
1,cpu-simulation-model,SIMULATION MODEL OUTPUT — NOT A GPU MEASUREMENT.,"All values are deterministic CPU simulation/model outputs. They do not measure GPU kernels, CUDA graphs, accelerator memory, power, or production throughput.",full,validation,synchronized,pb12-02-synchronized-validation,pb12-02-synchronized-validation/seed-0024,24,one-round-fidelity-model,16,8,0.5,16.43332,28.50501999999999,0,32,32,0,1,1,0,0,6e303ecba6d9f472760e4f62a9242dee29dd647051a17dc1ac4730cd0a47501d
1,cpu-simulation-model,SIMULATION MODEL OUTPUT — NOT A GPU MEASUREMENT.,"All values are deterministic CPU simulation/model outputs. They do not measure GPU kernels, CUDA graphs, accelerator memory, power, or production throughput.",full,validation,synchronized,pb12-02-synchronized-validation,pb12-02-synchronized-validation/seed-0025,25,one-round-fidelity-model,16,7,0.4375,16.43332,28.50501999999999,0,32,32,0,0,0,0,0,38ee9834c3bab4b6bbbbe532425146ebf8c9f487ecd863922ba7f8df70e00593
1,cpu-simulation-model,SIMULATION MODEL OUTPUT — NOT A GPU MEASUREMENT.,"All values are deterministic CPU simulation/model outputs. They do not measure GPU kernels, CUDA graphs, accelerator memory, power, or production throughput.",full,validation,synchronized,pb12-02-synchronized-validation,pb12-02-synchronized-validation/seed-0026,26,one-round-fidelity-model,16,5,0.3125,16.43332,28.50501999999999,0,32,32,0,1,0,0,0,b6fdb58600b5701e3cea8ca8b9c1ea8fee7914c84a3d67c92babcc807e597742
1,cpu-simulation-model,SIMULATION MODEL OUTPUT — NOT A GPU MEASUREMENT.,"All values are deterministic CPU simulation/model outputs. They do not measure GPU kernels, CUDA graphs, accelerator memory, power, or production throughput.",full,validation,synchronized,pb12-02-synchronized-validation,pb12-02-synchronized-validation/seed-0027,27,one-round-fidelity-model,16,11,0.6875,16.43332,28.50501999999999,0,32,32,0,0,0,0,0,c44724eef82ed33e06b8f06a776a667e5d4a1791ca9ddb010fc1994954edaf98
1,cpu-simulation-model,SIMULATION MODEL OUTPUT — NOT A GPU MEASUREMENT.,"All values are deterministic CPU simulation/model outputs. They do not measure GPU kernels, CUDA graphs, accelerator memory, power, or production throughput.",full,validation,synchronized,pb12-02-synchronized-validation,pb12-02-synchronized-validation/seed-0028,28,one-round-fidelity-model,16,9,0.5625,16.43332,28.50501999999999,0,30,30,0,2,0,0,1,debf7890942a106f601a6698d1ccbde6ef4c62046884c3ac9e48c94d64728c37
1,cpu-simulation-model,SIMULATION MODEL OUTPUT — NOT A GPU MEASUREMENT.,"All values are deterministic CPU simulation/model outputs. They do not measure GPU kernels, CUDA graphs, accelerator memory, power, or production throughput.",full,validation,synchronized,pb12-02-synchronized-validation,pb12-02-synchronized-validation/seed-0029,29,one-round-fidelity-model,16,12,0.75,16.43332,28.50501999999999,0,32,32,0,0,1,0,0,47ee2430a51ee738b2e4022548525a994c6553e1573fbc153deab0ada5acdbd8
1,cpu-simulation-model,SIMULATION MODEL OUTPUT — NOT A GPU MEASUREMENT.,"All values are deterministic CPU simulation/model outputs. They do not measure GPU kernels, CUDA graphs, accelerator memory, power, or production throughput.",full,train,poisson,pb12-03-poisson-train,pb12-03-poisson-train/seed-0000,0,one-round-fidelity-model,16,8,0.5,2.1039933355267744,3.1562619801713447,0,32,32,0,1,0,1,0,95522215174cd457dc46a069933a744ee4a601ddc558ab7b80b305aa2b5a2691
1,cpu-simulation-model,SIMULATION MODEL OUTPUT — NOT A GPU MEASUREMENT.,"All values are deterministic CPU simulation/model outputs. They do not measure GPU kernels, CUDA graphs, accelerator memory, power, or production throughput.",full,train,poisson,pb12-03-poisson-train,pb12-03-poisson-train/seed-0001,1,one-round-fidelity-model,16,9,0.5625,2.090455948854874,2.7048475082987493,0,32,32,0,0,0,4,0,95448f4690da2875d12e585f8343e738d13aa14379d5bc29c0e153a2945a236a
1,cpu-simulation-model,SIMULATION MODEL OUTPUT — NOT A GPU MEASUREMENT.,"All values are deterministic CPU simulation/model outputs. They do not measure GPU kernels, CUDA graphs, accelerator memory, power, or production throughput.",full,train,poisson,pb12-03-poisson-train,pb12-03-poisson-train/seed-0002,2,one-round-fidelity-model,16,11,0.6875,2.0364487458979945,2.641069502438489,0,32,32,0,0,0,1,0,6272dbb6589a3293263f1e3927ecadbf7b471cf4d2535b09cc446632219ca42d
1,cpu-simulation-model,SIMULATION MODEL OUTPUT — NOT A GPU MEASUREMENT.,"All values are deterministic CPU simulation/model outputs. They do not measure GPU kernels, CUDA graphs, accelerator memory, power, or production throughput.",full,train,poisson,pb12-03-poisson-train,pb12-03-poisson-train/seed-0003,3,one-round-fidelity-model,16,12,0.75,2.031112749117358,2.7847696252354694,0,32,32,0,0,0,0,0,e377f70b97f4097b40b147780393fafa2a664c911331126c22b95627e7290f48
1,cpu-simulation-model,SIMULATION MODEL OUTPUT — NOT A GPU MEASUREMENT.,"All values are deterministic CPU simulation/model outputs. They do not measure GPU kernels, CUDA graphs, accelerator memory, power, or production throughput.",full,train,poisson,pb12-03-poisson-train,pb12-03-poisson-train/seed-0004,4,one-round-fidelity-model,16,7,0.4375,2.3212014860886767,3.177885862443195,0,32,32,0,1,2,6,0,bc0184715c0717bd02512862d21b7d4817ec08e26f85e162c0116e18a30a8f9f
1,cpu-simulation-model,SIMULATION MODEL OUTPUT — NOT A GPU MEASUREMENT.,"All values are deterministic CPU simulation/model outputs. They do not measure GPU kernels, CUDA graphs, accelerator memory, power, or production throughput.",full,train,poisson,pb12-03-poisson-train,pb12-03-poisson-train/seed-0005,5,one-round-fidelity-model,16,8,0.5,2.4905618975146826,3.391066429094847,0,32,32,0,0,1,5,0,b58e94eee96d77aa92a5a1d59c7a5483373c981ade1128df8ab08d7f37db1be3
1,cpu-simulation-model,SIMULATION MODEL OUTPUT — NOT A GPU MEASUREMENT.,"All values are deterministic CPU simulation/model outputs. They do not measure GPU kernels, CUDA graphs, accelerator memory, power, or production throughput.",full,train,poisson,pb12-03-poisson-train,pb12-03-poisson-train/seed-0006,6,one-round-fidelity-model,16,12,0.75,2.2845490236056003,2.8845723318792995,0,32,32,0,0,0,0,0,f24256a51856abd02d7e5267b09cd71a9d022cd851b1801df6c8dd47ef98a423
1,cpu-simulation-model,SIMULATION MODEL OUTPUT — NOT A GPU MEASUREMENT.,"All values are deterministic CPU simulation/model outputs. They do not measure GPU kernels, CUDA graphs, accelerator memory, power, or production throughput.",full,train,poisson,pb12-03-poisson-train,pb12-03-poisson-train/seed-0007,7,one-round-fidelity-model,16,12,0.75,2.1319552550784566,2.818322135156444,0,32,32,0,0,1,0,0,feb31b12212e10a390e761027b21486b8fa3c975361b05f2ec593296f4a24289
1,cpu-simulation-model,SIMULATION MODEL OUTPUT — NOT A GPU MEASUREMENT.,"All values are deterministic CPU simulation/model outputs. They do not measure GPU kernels, CUDA graphs, accelerator memory, power, or production throughput.",full,train,poisson,pb12-03-poisson-train,pb12-03-poisson-train/seed-0008,8,one-round-fidelity-model,16,9,0.5625,2.602807348769145,3.514298831176395,0,32,32,0,0,0,3,0,2062f8ce1c6996d0a46a5cfdc7d845a47a29f62039d1a543499a8d75a18036b9
1,cpu-simulation-model,SIMULATION MODEL OUTPUT — NOT A GPU MEASUREMENT.,"All values are deterministic CPU simulation/model outputs. They do not measure GPU kernels, CUDA graphs, accelerator memory, power, or production throughput.",full,train,poisson,pb12-03-poisson-train,pb12-03-poisson-train/seed-0009,9,one-round-fidelity-model,16,7,0.4375,1.929163163954229,2.443867021048802,0,32,32,0,0,0,7,0,3c6897a4cebac0b3dd73093c384135abee07a488a2b90d245447d3de6ff6d58e
1,cpu-simulation-model,SIMULATION MODEL OUTPUT — NOT A GPU MEASUREMENT.,"All values are deterministic CPU simulation/model outputs. They do not measure GPU kernels, CUDA graphs, accelerator memory, power, or production throughput.",full,train,poisson,pb12-03-poisson-train,pb12-03-poisson-train/seed-0010,10,one-round-fidelity-model,16,8,0.5,2.557281573571771,3.399934287339276,0,32,32,0,0,0,4,0,7d961d74e2bf51e5d60de2e060129993bcf2ad8c856d8da2adf3e2560b8600f6
1,cpu-simulation-model,SIMULATION MODEL OUTPUT — NOT A GPU MEASUREMENT.,"All values are deterministic CPU simulation/model outputs. They do not measure GPU kernels, CUDA graphs, accelerator memory, power, or production throughput.",full,train,poisson,pb12-03-poisson-train,pb12-03-poisson-train/seed-0011,11,one-round-fidelity-model,16,11,0.6875,2.423204089358883,3.3692230581023845,0,32,32,0,0,0,1,0,dfe6c98c839e8697a4ab3314f9db7aba9583d4eed3f71a622bd680c41dac7b7f
1,cpu-simulation-model,SIMULATION MODEL OUTPUT — NOT A GPU MEASUREMENT.,"All values are deterministic CPU simulation/model outputs. They do not measure GPU kernels, CUDA graphs, accelerator memory, power, or production throughput.",full,train,poisson,pb12-03-poisson-train,pb12-03-poisson-train/seed-0012,12,one-round-fidelity-model,16,10,0.625,2.0389423184021433,2.7503736609395695,0,32,32,0,0,0,2,0,9f10bae93d4466858c7c912e99f7d7988071add650436961dc4114fdae3125f0
1,cpu-simulation-model,SIMULATION MODEL OUTPUT — NOT A GPU MEASUREMENT.,"All values are deterministic CPU simulation/model outputs. They do not measure GPU kernels, CUDA graphs, accelerator memory, power, or production throughput.",full,train,poisson,pb12-03-poisson-train,pb12-03-poisson-train/seed-0013,13,one-round-fidelity-model,16,8,0.5,2.0270609131331563,2.499202898257331,0,32,32,0,0,1,6,0,061d45f86978d7d4b519f131794a122818e96fff049a1ddb1bf2581c91450740
1,cpu-simulation-model,SIMULATION MODEL OUTPUT — NOT A GPU MEASUREMENT.,"All values are deterministic CPU simulation/model outputs. They do not measure GPU kernels, CUDA graphs, accelerator memory, power, or production throughput.",full,train,poisson,pb12-03-poisson-train,pb12-03-poisson-train/seed-0014,14,one-round-fidelity-model,16,9,0.5625,2.359525488938166,3.186017304121718,0,30,30,1,1,0,4,0,58e425f76f49e0fcb95a8fc124178fe0df5501bc5cbf6969982eeb9cde4a65b9
1,cpu-simulation-model,SIMULATION MODEL OUTPUT — NOT A GPU MEASUREMENT.,"All values are deterministic CPU simulation/model outputs. They do not measure GPU kernels, CUDA graphs, accelerator memory, power, or production throughput.",full,train,poisson,pb12-03-poisson-train,pb12-03-poisson-train/seed-0015,15,one-round-fidelity-model,16,10,0.625,2.4737050168412735,3.2063862874966786,0,32,32,0,0,0,3,0,3eb4a0482e1fd92c0fc3a240f7dd739692ed3f69e642fe650c859a0442e604c5
1,cpu-simulation-model,SIMULATION MODEL OUTPUT — NOT A GPU MEASUREMENT.,"All values are deterministic CPU simulation/model outputs. They do not measure GPU kernels, CUDA graphs, accelerator memory, power, or production throughput.",full,train,poisson,pb12-03-poisson-train,pb12-03-poisson-train/seed-0016,16,one-round-fidelity-model,16,11,0.6875,2.1131183170709043,2.76304772714049,0,32,32,0,0,0,1,0,2a84bf92d3d9ca6cc16eaa62024d979179716bd8162ca29db571cb495483c8f9
1,cpu-simulation-model,SIMULATION MODEL OUTPUT — NOT A GPU MEASUREMENT.,"All values are deterministic CPU simulation/model outputs. They do not measure GPU kernels, CUDA graphs, accelerator memory, power, or production throughput.",full,train,poisson,pb12-03-poisson-train,pb12-03-poisson-train/seed-0017,17,one-round-fidelity-model,16,12,0.75,2.346259186869696,3.2250803910859873,0,32,32,0,0,0,1,0,6aaefc1c5f01dbe282a55a75b8c781d0126d1e6d947a540e2bc0b397924447eb
1,cpu-simulation-model,SIMULATION MODEL OUTPUT — NOT A GPU MEASUREMENT.,"All values are deterministic CPU simulation/model outputs. They do not measure GPU kernels, CUDA graphs, accelerator memory, power, or production throughput.",full,train,poisson,pb12-03-poisson-train,pb12-03-poisson-train/seed-0018,18,one-round-fidelity-model,16,8,0.5,1.9347720892082596,2.7303818950053795,0,32,32,0,0,0,5,0,644ec08c978b12cc7d91227391217f9f525a1a7817f16e49d6c00bd3243789bd
1,cpu-simulation-model,SIMULATION MODEL OUTPUT — NOT A GPU MEASUREMENT.,"All values are deterministic CPU simulation/model outputs. They do not measure GPU kernels, CUDA graphs, accelerator memory, power, or production throughput.",full,train,poisson,pb12-03-poisson-train,pb12-03-poisson-train/seed-0019,19,one-round-fidelity-model,16,7,0.4375,2.3909430874225284,3.157572424881818,0,32,32,0,0,1,3,0,1ff7adef81189bf76fbb002c3a89013398deacc3e66758c7b3f466d1aefc1292
1,cpu-simulation-model,SIMULATION MODEL OUTPUT — NOT A GPU MEASUREMENT.,"All values are deterministic CPU simulation/model outputs. They do not measure GPU kernels, CUDA graphs, accelerator memory, power, or production throughput.",full,train,poisson,pb12-03-poisson-train,pb12-03-poisson-train/seed-0020,20,one-round-fidelity-model,16,8,0.5,2.2713414389704396,3.338997103174418,0,32,32,0,1,0,5,0,9e7fb299fa4d0f6b49618fa951f874a7a24385ad16b1be4d101a5aaeda9d16c6
1,cpu-simulation-model,SIMULATION MODEL OUTPUT — NOT A GPU MEASUREMENT.,"All values are deterministic CPU simulation/model outputs. They do not measure GPU kernels, CUDA graphs, accelerator memory, power, or production throughput.",full,train,poisson,pb12-03-poisson-train,pb12-03-poisson-train/seed-0021,21,one-round-fidelity-model,16,11,0.6875,2.2098229588444536,2.9694352969807696,0,32,32,0,0,0,2,0,77797064458720861279b5dfa135b4915b7ef31c76563bbe71074677a2995ea7
1,cpu-simulation-model,SIMULATION MODEL OUTPUT — NOT A GPU MEASUREMENT.,"All values are deterministic CPU simulation/model outputs. They do not measure GPU kernels, CUDA graphs, accelerator memory, power, or production throughput.",full,train,poisson,pb12-03-poisson-train,pb12-03-poisson-train/seed-0022,22,one-round-fidelity-model,16,10,0.625,1.7985201721440396,2.443574174876465,0,30,30,1,1,0,4,0,fb5b781dfaa1710d51689a4ba30483444f75af1de3e116e7ac839c65eaa8dd29
1,cpu-simulation-model,SIMULATION MODEL OUTPUT — NOT A GPU MEASUREMENT.,"All values are deterministic CPU simulation/model outputs. They do not measure GPU kernels, CUDA graphs, accelerator memory, power, or production throughput.",full,train,poisson,pb12-03-poisson-train,pb12-03-poisson-train/seed-0023,23,one-round-fidelity-model,16,10,0.625,1.8656677957141394,2.575651428280267,0,32,32,0,0,0,4,0,b79e3767460d913680131f259602b531191c4a5650b908d08b5dcf4862564c38
1,cpu-simulation-model,SIMULATION MODEL OUTPUT — NOT A GPU MEASUREMENT.,"All values are deterministic CPU simulation/model outputs. They do not measure GPU kernels, CUDA graphs, accelerator memory, power, or production throughput.",full,train,poisson,pb12-03-poisson-train,pb12-03-poisson-train/seed-0024,24,one-round-fidelity-model,16,10,0.625,2.0192985892849262,2.428385504451704,0,32,32,0,0,1,2,0,7a6526d130653b10d4347c28d5fb294e9033b55ba243afa20c74fb6231d725a4
1,cpu-simulation-model,SIMULATION MODEL OUTPUT — NOT A GPU MEASUREMENT.,"All values are deterministic CPU simulation/model outputs. They do not measure GPU kernels, CUDA graphs, accelerator memory, power, or production throughput.",full,train,poisson,pb12-03-poisson-train,pb12-03-poisson-train/seed-0025,25,one-round-fidelity-model,16,10,0.625,2.5867978337707664,3.5891240022353212,0,32,32,0,1,0,2,0,f0e91ff805d0965ad818b9519ffe7fd1c8e61fbaacd247f8a8de1ddb084b6584
1,cpu-simulation-model,SIMULATION MODEL OUTPUT — NOT A GPU MEASUREMENT.,"All values are deterministic CPU simulation/model outputs. They do not measure GPU kernels, CUDA graphs, accelerator memory, power, or production throughput.",full,train,poisson,pb12-03-poisson-train,pb12-03-poisson-train/seed-0026,26,one-round-fidelity-model,16,9,0.5625,2.4560468481252626,3.150543841243671,0,30,30,1,2,1,4,0,e38ea05d5a0ce5b2f7f28a3e66fbd66c8663de1dffc2ed0726ae69ff9258f60b
1,cpu-simulation-model,SIMULATION MODEL OUTPUT — NOT A GPU MEASUREMENT.,"All values are deterministic CPU simulation/model outputs. They do not measure GPU kernels, CUDA graphs, accelerator memory, power, or production throughput.",full,train,poisson,pb12-03-poisson-train,pb12-03-poisson-train/seed-0027,27,one-round-fidelity-model,16,7,0.4375,1.8624048232618353,2.4773535907771165,0,32,32,0,0,0,7,0,d2f9f4582ed1b2ca75a2cf02024006cebb6a5501e5b03ba9a397a76e36741ec2
1,cpu-simulation-model,SIMULATION MODEL OUTPUT — NOT A GPU MEASUREMENT.,"All values are deterministic CPU simulation/model outputs. They do not measure GPU kernels, CUDA graphs, accelerator memory, power, or production throughput.",full,train,poisson,pb12-03-poisson-train,pb12-03-poisson-train/seed-0028,28,one-round-fidelity-model,16,9,0.5625,2.1910143002639972,2.862441442346152,0,32,32,0,0,0,4,0,6421a449cdee3e57f3a5fc70b0661797c9943d79a882536dfb4e048e7aa7b9af
1,cpu-simulation-model,SIMULATION MODEL OUTPUT — NOT A GPU MEASUREMENT.,"All values are deterministic CPU simulation/model outputs. They do not measure GPU kernels, CUDA graphs, accelerator memory, power, or production throughput.",full,train,poisson,pb12-03-poisson-train,pb12-03-poisson-train/seed-0029,29,one-round-fidelity-model,16,6,0.375,2.0123604410130445,2.624591889224843,0,32,32,0,0,0,7,0,e862b379e0c33b116ffb675178ae881cb310741a163217c6a4976d115bbe283a
1,cpu-simulation-model,SIMULATION MODEL OUTPUT — NOT A GPU MEASUREMENT.,"All values are deterministic CPU simulation/model outputs. They do not measure GPU kernels, CUDA graphs, accelerator memory, power, or production throughput.",full,validation,poisson,pb12-04-poisson-validation,pb12-04-poisson-validation/seed-0000,0,one-round-fidelity-model,16,10,0.625,3.6407120324937443,5.559005664007735,0,15,15,1,1,0,0,0,53cb1dc3fe9f2a5d916a4fc0de3006b5ea8d05cc4634bb8b76826f4f172a3f16
1,cpu-simulation-model,SIMULATION MODEL OUTPUT — NOT A GPU MEASUREMENT.,"All values are deterministic CPU simulation/model outputs. They do not measure GPU kernels, CUDA graphs, accelerator memory, power, or production throughput.",full,validation,poisson,pb12-04-poisson-validation,pb12-04-poisson-validation/seed-0001,1,one-round-fidelity-model,16,8,0.5,6.268808414722635,8.875087422559062,0,16,16,0,0,0,0,0,7342d2c0bea8070f51493e1f73b48ef7728f63ecd85dc6b8cac8c34002159adb
1,cpu-simulation-model,SIMULATION MODEL OUTPUT — NOT A GPU MEASUREMENT.,"All values are deterministic CPU simulation/model outputs. They do not measure GPU kernels, CUDA graphs, accelerator memory, power, or production throughput.",full,validation,poisson,pb12-04-poisson-validation,pb12-04-poisson-validation/seed-0002,2,one-round-fidelity-model,16,9,0.5625,3.6560065748369475,5.025558302765706,0,15,15,1,1,0,0,0,514fe0f152697d9a0a6ee98ee2b90cbb45210b87bf82eb0b8fedd79f664a0faa
1,cpu-simulation-model,SIMULATION MODEL OUTPUT — NOT A GPU MEASUREMENT.,"All values are deterministic CPU simulation/model outputs. They do not measure GPU kernels, CUDA graphs, accelerator memory, power, or production throughput.",full,validation,poisson,pb12-04-poisson-validation,pb12-04-poisson-validation/seed-0003,3,one-round-fidelity-model,16,10,0.625,4.392237515957625,6.528491322907861,0,16,16,0,0,1,0,0,798d67d3b46a2d1fbd16273e427990b57c1fa92b4d2a0e2cba34579cc3547696
1,cpu-simulation-model,SIMULATION MODEL OUTPUT — NOT A GPU MEASUREMENT.,"All values are deterministic CPU simulation/model outputs. They do not measure GPU kernels, CUDA graphs, accelerator memory, power, or production throughput.",full,validation,poisson,pb12-04-poisson-validation,pb12-04-poisson-validation/seed-0004,4,one-round-fidelity-model,16,6,0.375,4.497086280145881,8.559771845569546,0,16,16,0,0,1,0,0,9900aa7c8ddf7c44a938c96d0db8869d69c290561a8a19343c195f00714cb619
1,cpu-simulation-model,SIMULATION MODEL OUTPUT — NOT A GPU MEASUREMENT.,"All values are deterministic CPU simulation/model outputs. They do not measure GPU kernels, CUDA graphs, accelerator memory, power, or production throughput.",full,validation,poisson,pb12-04-poisson-validation,pb12-04-poisson-validation/seed-0005,5,one-round-fidelity-model,16,6,0.375,7.862185708144998,13.817128992335157,0,16,16,0,0,0,0,0,c547c0df990b02358df39ee8ecfc394efe577adbf5bb7d6e254f2f00a6d64f26
1,cpu-simulation-model,SIMULATION MODEL OUTPUT — NOT A GPU MEASUREMENT.,"All values are deterministic CPU simulation/model outputs. They do not measure GPU kernels, CUDA graphs, accelerator memory, power, or production throughput.",full,validation,poisson,pb12-04-poisson-validation,pb12-04-poisson-validation/seed-0006,6,one-round-fidelity-model,16,8,0.5,7.476776101575507,12.820640070716928,0,16,16,0,0,0,0,0,95986f9d3310b48094b9e41468256e7b54fadb6cb50a491e907563d5ea7027e2
1,cpu-simulation-model,SIMULATION MODEL OUTPUT — NOT A GPU MEASUREMENT.,"All values are deterministic CPU simulation/model outputs. They do not measure GPU kernels, CUDA graphs, accelerator memory, power, or production throughput.",full,validation,poisson,pb12-04-poisson-validation,pb12-04-poisson-validation/seed-0007,7,one-round-fidelity-model,16,9,0.5625,6.30803458810167,10.015336012972043,0,16,16,0,0,1,0,0,5f30d7896957ea4cff291acff93f3ac1d7143cf30c64562df3b994e7bfa923f6
1,cpu-simulation-model,SIMULATION MODEL OUTPUT — NOT A GPU MEASUREMENT.,"All values are deterministic CPU simulation/model outputs. They do not measure GPU kernels, CUDA graphs, accelerator memory, power, or production throughput.",full,validation,poisson,pb12-04-poisson-validation,pb12-04-poisson-validation/seed-0008,8,one-round-fidelity-model,16,9,0.5625,4.988965492652721,7.540645078986056,0,16,16,0,0,0,0,0,b7fc789241c5a9bc36265ac84d45a669107026efe11f69452bb795b0d861631f
1,cpu-simulation-model,SIMULATION MODEL OUTPUT — NOT A GPU MEASUREMENT.,"All values are deterministic CPU simulation/model outputs. They do not measure GPU kernels, CUDA graphs, accelerator memory, power, or production throughput.",full,validation,poisson,pb12-04-poisson-validation,pb12-04-poisson-validation/seed-0009,9,one-round-fidelity-model,16,12,0.75,7.430151294929087,13.103065830809406,0,16,16,0,0,0,0,0,cfac73f481cf4610d44c0296b4e545901f9896820ca7369f285683b24592ac82
1,cpu-simulation-model,SIMULATION MODEL OUTPUT — NOT A GPU MEASUREMENT.,"All values are deterministic CPU simulation/model outputs. They do not measure GPU kernels, CUDA graphs, accelerator memory, power, or production throughput.",full,validation,poisson,pb12-04-poisson-validation,pb12-04-poisson-validation/seed-0010,10,one-round-fidelity-model,16,7,0.4375,3.45854201233361,4.873643426229224,0,14,14,1,2,0,0,1,36582033f57045f71fc72586ad9ee5e70b761758d7d0720cedbdb8932fb771d7
1,cpu-simulation-model,SIMULATION MODEL OUTPUT — NOT A GPU MEASUREMENT.,"All values are deterministic CPU simulation/model outputs. They do not measure GPU kernels, CUDA graphs, accelerator memory, power, or production throughput.",full,validation,poisson,pb12-04-poisson-validation,pb12-04-poisson-validation/seed-0011,11,one-round-fidelity-model,16,9,0.5625,5.2820740385058045,9.434423751903203,0,16,16,0,0,0,0,0,26472b7d3155f3f37b3920935278ec7d237b2c6ce6158e32d28b64ef2fb8641f
1,cpu-simulation-model,SIMULATION MODEL OUTPUT — NOT A GPU MEASUREMENT.,"All values are deterministic CPU simulation/model outputs. They do not measure GPU kernels, CUDA graphs, accelerator memory, power, or production throughput.",full,validation,poisson,pb12-04-poisson-validation,pb12-04-poisson-validation/seed-0012,12,one-round-fidelity-model,16,14,0.875,4.070606713840341,5.434025584685935,0,16,16,0,0,0,0,0,bbe23c52ccfefa5bebde6a1188dae47ed4bfd0ca57b15a8d11fb3922ca555138
1,cpu-simulation-model,SIMULATION MODEL OUTPUT — NOT A GPU MEASUREMENT.,"All values are deterministic CPU simulation/model outputs. They do not measure GPU kernels, CUDA graphs, accelerator memory, power, or production throughput.",full,validation,poisson,pb12-04-poisson-validation,pb12-04-poisson-validation/seed-0013,13,one-round-fidelity-model,16,13,0.8125,5.116600874770156,7.790655499293323,0,16,16,0,0,0,0,0,92bda6b60d6c8b7ef4db3c5a13381647b810fcbbf24454170979116158c42dff
1,cpu-simulation-model,SIMULATION MODEL OUTPUT — NOT A GPU MEASUREMENT.,"All values are deterministic CPU simulation/model outputs. They do not measure GPU kernels, CUDA graphs, accelerator memory, power, or production throughput.",full,validation,poisson,pb12-04-poisson-validation,pb12-04-poisson-validation/seed-0014,14,one-round-fidelity-model,16,8,0.5,4.957593101627851,6.640575044429708,0,14,14,2,2,0,0,0,dc166ebfa2930faefedd558e64d3146ebf68dbf7c6df899a305caf661db80666
1,cpu-simulation-model,SIMULATION MODEL OUTPUT — NOT A GPU MEASUREMENT.,"All values are deterministic CPU simulation/model outputs. They do not measure GPU kernels, CUDA graphs, accelerator memory, power, or production throughput.",full,validation,poisson,pb12-04-poisson-validation,pb12-04-poisson-validation/seed-0015,15,one-round-fidelity-model,16,8,0.5,7.885195876471186,11.844145179937273,0,15,15,1,1,0,0,0,e2a4f897fb30d61b5024bf271fb76e86150a7f0718cc5ad4ccb77382cc5e199e
1,cpu-simulation-model,SIMULATION MODEL OUTPUT — NOT A GPU MEASUREMENT.,"All values are deterministic CPU simulation/model outputs. They do not measure GPU kernels, CUDA graphs, accelerator memory, power, or production throughput.",full,validation,poisson,pb12-04-poisson-validation,pb12-04-poisson-validation/seed-0016,16,one-round-fidelity-model,16,10,0.625,3.3661252424294053,4.732357916614157,0,16,16,0,0,0,0,0,741d97f58adbe2237f95a4cc3d8640bb2cde083d2f7e29a141341dcf2c1fbff1
1,cpu-simulation-model,SIMULATION MODEL OUTPUT — NOT A GPU MEASUREMENT.,"All values are deterministic CPU simulation/model outputs. They do not measure GPU kernels, CUDA graphs, accelerator memory, power, or production throughput.",full,validation,poisson,pb12-04-poisson-validation,pb12-04-poisson-validation/seed-0017,17,one-round-fidelity-model,16,11,0.6875,4.037159439364573,5.910898237881864,0,16,16,0,0,0,0,0,621fa146bd20f0309a455704f836b9f927d61efed45c15d3b2c579078f5ce174
1,cpu-simulation-model,SIMULATION MODEL OUTPUT — NOT A GPU MEASUREMENT.,"All values are deterministic CPU simulation/model outputs. They do not measure GPU kernels, CUDA graphs, accelerator memory, power, or production throughput.",full,validation,poisson,pb12-04-poisson-validation,pb12-04-poisson-validation/seed-0018,18,one-round-fidelity-model,16,12,0.75,7.094851083266181,11.308638246747286,0,16,16,0,0,1,0,0,2ad0aa7365d149a79c16f8ba525154c20164b75c309f00fb971c036578791a4d
1,cpu-simulation-model,SIMULATION MODEL OUTPUT — NOT A GPU MEASUREMENT.,"All values are deterministic CPU simulation/model outputs. They do not measure GPU kernels, CUDA graphs, accelerator memory, power, or production throughput.",full,validation,poisson,pb12-04-poisson-validation,pb12-04-poisson-validation/seed-0019,19,one-round-fidelity-model,16,11,0.6875,8.955245496610543,13.780780113499608,0,16,16,0,0,1,0,0,31ecc1b657ca8099ae784dd24473f3ba8e0dfedc4ccd3408bb15ecca4ea20102
1,cpu-simulation-model,SIMULATION MODEL OUTPUT — NOT A GPU MEASUREMENT.,"All values are deterministic CPU simulation/model outputs. They do not measure GPU kernels, CUDA graphs, accelerator memory, power, or production throughput.",full,validation,poisson,pb12-04-poisson-validation,pb12-04-poisson-validation/seed-0020,20,one-round-fidelity-model,16,10,0.625,5.790373400479305,11.84283560398191,0,16,16,0,0,0,0,0,eede8cfe0cef4578cf3863628fd3a345c025c38d435fdddeb77392142af56e4b
1,cpu-simulation-model,SIMULATION MODEL OUTPUT — NOT A GPU MEASUREMENT.,"All values are deterministic CPU simulation/model outputs. They do not measure GPU kernels, CUDA graphs, accelerator memory, power, or production throughput.",full,validation,poisson,pb12-04-poisson-validation,pb12-04-poisson-validation/seed-0021,21,one-round-fidelity-model,16,8,0.5,5.432821055475503,9.051426880894477,0,15,15,1,1,0,0,0,961b60fff72638c4e678c7330432b4d90b0fc9fadf1c3e2beda471809d287e5d
1,cpu-simulation-model,SIMULATION MODEL OUTPUT — NOT A GPU MEASUREMENT.,"All values are deterministic CPU simulation/model outputs. They do not measure GPU kernels, CUDA graphs, accelerator memory, power, or production throughput.",full,validation,poisson,pb12-04-poisson-validation,pb12-04-poisson-validation/seed-0022,22,one-round-fidelity-model,16,9,0.5625,3.6102286341399052,5.017235469192487,0,16,16,0,0,0,0,0,e85f3f2198821be7ec9b283dfba70e409d3456fcc06968df84998843a6d49d9b
1,cpu-simulation-model,SIMULATION MODEL OUTPUT — NOT A GPU MEASUREMENT.,"All values are deterministic CPU simulation/model outputs. They do not measure GPU kernels, CUDA graphs, accelerator memory, power, or production throughput.",full,validation,poisson,pb12-04-poisson-validation,pb12-04-poisson-validation/seed-0023,23,one-round-fidelity-model,16,10,0.625,3.3783836137607492,4.602399835191477,0,16,16,0,0,0,0,0,5077159c273d90b4d6e220094d8d4768b39f93a90bb19e53bb83277f32b66665
1,cpu-simulation-model,SIMULATION MODEL OUTPUT — NOT A GPU MEASUREMENT.,"All values are deterministic CPU simulation/model outputs. They do not measure GPU kernels, CUDA graphs, accelerator memory, power, or production throughput.",full,validation,poisson,pb12-04-poisson-validation,pb12-04-poisson-validation/seed-0024,24,one-round-fidelity-model,16,7,0.4375,5.90427833895904,9.412341733161975,0,15,15,1,1,0,0,0,31c1748a65f889e823bb084f057b268dcac0c1a69c250d0819024365193969b0
1,cpu-simulation-model,SIMULATION MODEL OUTPUT — NOT A GPU MEASUREMENT.,"All values are deterministic CPU simulation/model outputs. They do not measure GPU kernels, CUDA graphs, accelerator memory, power, or production throughput.",full,validation,poisson,pb12-04-poisson-validation,pb12-04-poisson-validation/seed-0025,25,one-round-fidelity-model,16,13,0.8125,9.707593234519074,15.323552314873208,0,16,16,0,0,0,0,0,2922f29850f866dc21e017bf3b6fcbeafbdc88a32ff256a36c5169c1684c182a
1,cpu-simulation-model,SIMULATION MODEL OUTPUT — NOT A GPU MEASUREMENT.,"All values are deterministic CPU simulation/model outputs. They do not measure GPU kernels, CUDA graphs, accelerator memory, power, or production throughput.",full,validation,poisson,pb12-04-poisson-validation,pb12-04-poisson-validation/seed-0026,26,one-round-fidelity-model,16,7,0.4375,4.233678090519342,5.591525940811866,0,16,16,0,0,0,0,0,ec164379c54aa3d26dfafd7941ea70c492e14f20b5a07a0218be0d65ebed3f7d
1,cpu-simulation-model,SIMULATION MODEL OUTPUT — NOT A GPU MEASUREMENT.,"All values are deterministic CPU simulation/model outputs. They do not measure GPU kernels, CUDA graphs, accelerator memory, power, or production throughput.",full,validation,poisson,pb12-04-poisson-validation,pb12-04-poisson-validation/seed-0027,27,one-round-fidelity-model,16,14,0.875,3.944940176130848,5.067640590476612,0,16,16,0,0,0,0,0,fa0f4a72f4ddfae03cb9d87f88d762cd10469e150bab6c8222a40c13c57d5ca5
1,cpu-simulation-model,SIMULATION MODEL OUTPUT — NOT A GPU MEASUREMENT.,"All values are deterministic CPU simulation/model outputs. They do not measure GPU kernels, CUDA graphs, accelerator memory, power, or production throughput.",full,validation,poisson,pb12-04-poisson-validation,pb12-04-poisson-validation/seed-0028,28,one-round-fidelity-model,16,10,0.625,6.075962804921043,9.231895341317601,0,16,16,0,0,0,0,0,2c4ec6deeb96820fdc8c06ad4dc1cb2e7be2e98bbb0c3844282b8b0dd227cc28
1,cpu-simulation-model,SIMULATION MODEL OUTPUT — NOT A GPU MEASUREMENT.,"All values are deterministic CPU simulation/model outputs. They do not measure GPU kernels, CUDA graphs, accelerator memory, power, or production throughput.",full,validation,poisson,pb12-04-poisson-validation,pb12-04-poisson-validation/seed-0029,29,one-round-fidelity-model,16,9,0.5625,7.949251164921199,11.587974604338738,0,16,16,0,0,0,0,0,c133687d668299f09c16d1ce1470ad4495d4ea0b17cc6cc04d7af802722860a4
1,cpu-simulation-model,SIMULATION MODEL OUTPUT — NOT A GPU MEASUREMENT.,"All values are deterministic CPU simulation/model outputs. They do not measure GPU kernels, CUDA graphs, accelerator memory, power, or production throughput.",full,train,mmpp-exact,pb12-05-mmpp-exact-train,pb12-05-mmpp-exact-train/seed-0000,0,one-round-fidelity-model,16,16,1.0,3.168565367904424,4.449835294763023,40,16,16,0,0,0,0,0,c05c660fea1927208820fb9d42de8cc0b027b4d9d17e74605e51fd00224166e0
1,cpu-simulation-model,SIMULATION MODEL OUTPUT — NOT A GPU MEASUREMENT.,"All values are deterministic CPU simulation/model outputs. They do not measure GPU kernels, CUDA graphs, accelerator memory, power, or production throughput.",full,train,mmpp-exact,pb12-05-mmpp-exact-train,pb12-05-mmpp-exact-train/seed-0001,1,one-round-fidelity-model,16,16,1.0,3.0997852224564917,4.211465850745025,40,16,16,0,0,0,0,0,304e2e9c78619872001668852861303481c868dbd260768ce22e1622ae6586d4
1,cpu-simulation-model,SIMULATION MODEL OUTPUT — NOT A GPU MEASUREMENT.,"All values are deterministic CPU simulation/model outputs. They do not measure GPU kernels, CUDA graphs, accelerator memory, power, or production throughput.",full,train,mmpp-exact,pb12-05-mmpp-exact-train,pb12-05-mmpp-exact-train/seed-0002,2,one-round-fidelity-model,16,16,1.0,8.376158739221049,13.022980939627542,40,16,16,0,0,0,0,0,c0a6b9778bd0b975111e649bb50d2c35d555edceb66629850fe0af0f5a2988b0
1,cpu-simulation-model,SIMULATION MODEL OUTPUT — NOT A GPU MEASUREMENT.,"All values are deterministic CPU simulation/model outputs. They do not measure GPU kernels, CUDA graphs, accelerator memory, power, or production throughput.",full,train,mmpp-exact,pb12-05-mmpp-exact-train,pb12-05-mmpp-exact-train/seed-0003,3,one-round-fidelity-model,16,16,1.0,8.32960428122831,12.441995777023276,40,16,16,0,0,0,0,0,9227e01ccfd1baf415b0b6ba891ff9e138fe24a4cf74da65b0b8920b02e2b3c6
1,cpu-simulation-model,SIMULATION MODEL OUTPUT — NOT A GPU MEASUREMENT.,"All values are deterministic CPU simulation/model outputs. They do not measure GPU kernels, CUDA graphs, accelerator memory, power, or production throughput.",full,train,mmpp-exact,pb12-05-mmpp-exact-train,pb12-05-mmpp-exact-train/seed-0004,4,one-round-fidelity-model,16,16,1.0,6.913107538884192,11.38888483665037,40,16,16,0,0,0,0,0,ae6e2903ca38a2df01ce2eebb45ea7ddad4b0349588eb22d3606f8beaec749f1
1,cpu-simulation-model,SIMULATION MODEL OUTPUT — NOT A GPU MEASUREMENT.,"All values are deterministic CPU simulation/model outputs. They do not measure GPU kernels, CUDA graphs, accelerator memory, power, or production throughput.",full,train,mmpp-exact,pb12-05-mmpp-exact-train,pb12-05-mmpp-exact-train/seed-0005,5,one-round-fidelity-model,16,16,1.0,4.0180108530700736,6.398859145253864,40,16,16,0,0,0,0,0,1625b9cdef61b22bd102122ed4f98ab348dafc70b98b7989b65e0a0d6ed42b9c
1,cpu-simulation-model,SIMULATION MODEL OUTPUT — NOT A GPU MEASUREMENT.,"All values are deterministic CPU simulation/model outputs. They do not measure GPU kernels, CUDA graphs, accelerator memory, power, or production throughput.",full,train,mmpp-exact,pb12-05-mmpp-exact-train,pb12-05-mmpp-exact-train/seed-0006,6,one-round-fidelity-model,16,16,1.0,4.20292569459542,6.745225169787435,40,16,16,0,0,0,0,0,4ac387004f35fcc88b50dd3b14b23d64dd3173a7dc2aafa6fc368f6bf36e8974
1,cpu-simulation-model,SIMULATION MODEL OUTPUT — NOT A GPU MEASUREMENT.,"All values are deterministic CPU simulation/model outputs. They do not measure GPU kernels, CUDA graphs, accelerator memory, power, or production throughput.",full,train,mmpp-exact,pb12-05-mmpp-exact-train,pb12-05-mmpp-exact-train/seed-0007,7,one-round-fidelity-model,16,16,1.0,3.881511316098043,6.336768032791979,40,16,16,0,0,0,0,0,eb3d19f6492c0f81191331bf9ad7965ae98ed7bb8bc07c32a1e90cbe0121cf3d
1,cpu-simulation-model,SIMULATION MODEL OUTPUT — NOT A GPU MEASUREMENT.,"All values are deterministic CPU simulation/model outputs. They do not measure GPU kernels, CUDA graphs, accelerator memory, power, or production throughput.",full,train,mmpp-exact,pb12-05-mmpp-exact-train,pb12-05-mmpp-exact-train/seed-0008,8,one-round-fidelity-model,16,16,1.0,4.388971190634397,7.8601937139184805,40,16,16,0,0,0,0,0,1f4774ffffc4277ddb7dd8eea7229f67d35d08110a17398d695a0aa129ca3be6
1,cpu-simulation-model,SIMULATION MODEL OUTPUT — NOT A GPU MEASUREMENT.,"All values are deterministic CPU simulation/model outputs. They do not measure GPU kernels, CUDA graphs, accelerator memory, power, or production throughput.",full,train,mmpp-exact,pb12-05-mmpp-exact-train,pb12-05-mmpp-exact-train/seed-0009,9,one-round-fidelity-model,16,16,1.0,3.6459286426163033,4.937501300112324,40,16,16,0,0,0,0,0,e7733b13454e4d2cc7fecda1830d97c42e9a6f157e4be451fd236c370f4f27a1
1,cpu-simulation-model,SIMULATION MODEL OUTPUT — NOT A GPU MEASUREMENT.,"All values are deterministic CPU simulation/model outputs. They do not measure GPU kernels, CUDA graphs, accelerator memory, power, or production throughput.",full,train,mmpp-exact,pb12-05-mmpp-exact-train,pb12-05-mmpp-exact-train/seed-0010,10,one-round-fidelity-model,16,16,1.0,6.2939311546126255,9.92120177086419,40,16,16,0,0,0,0,0,3cf82d79331d2cb86db39c9a747ae2e834ab98566b2262990d743211334f623b
1,cpu-simulation-model,SIMULATION MODEL OUTPUT — NOT A GPU MEASUREMENT.,"All values are deterministic CPU simulation/model outputs. They do not measure GPU kernels, CUDA graphs, accelerator memory, power, or production throughput.",full,train,mmpp-exact,pb12-05-mmpp-exact-train,pb12-05-mmpp-exact-train/seed-0011,11,one-round-fidelity-model,16,16,1.0,6.718928129782229,9.743748425074461,40,16,16,0,0,0,0,0,2f41fca71ee18e30ecd8a2a1e729e593bc4e8cb222db02c1d17f05b65452c5a8
1,cpu-simulation-model,SIMULATION MODEL OUTPUT — NOT A GPU MEASUREMENT.,"All values are deterministic CPU simulation/model outputs. They do not measure GPU kernels, CUDA graphs, accelerator memory, power, or production throughput.",full,train,mmpp-exact,pb12-05-mmpp-exact-train,pb12-05-mmpp-exact-train/seed-0012,12,one-round-fidelity-model,16,16,1.0,3.8122903346419705,6.169573545581606,40,16,16,0,0,0,0,0,462fded60b1cd5f8407c5c04aa11e94e8940613b3d47bf7d766a06dfb7fe5f7c
1,cpu-simulation-model,SIMULATION MODEL OUTPUT — NOT A GPU MEASUREMENT.,"All values are deterministic CPU simulation/model outputs. They do not measure GPU kernels, CUDA graphs, accelerator memory, power, or production throughput.",full,train,mmpp-exact,pb12-05-mmpp-exact-train,pb12-05-mmpp-exact-train/seed-0013,13,one-round-fidelity-model,16,16,1.0,3.5165121332795644,5.066662251103704,40,16,16,0,0,0,0,0,c46a4b9933ba7b6de742b5f784474dac2351028b009f80fa5ec21e8b50af1ea7
1,cpu-simulation-model,SIMULATION MODEL OUTPUT — NOT A GPU MEASUREMENT.,"All values are deterministic CPU simulation/model outputs. They do not measure GPU kernels, CUDA graphs, accelerator memory, power, or production throughput.",full,train,mmpp-exact,pb12-05-mmpp-exact-train,pb12-05-mmpp-exact-train/seed-0014,14,one-round-fidelity-model,16,16,1.0,7.516885030200562,12.94756042200466,40,16,16,0,0,0,0,0,6144339cefa2decd69316308b7b84913d911daefd6c5e4b3d135cfd0131f3a05
1,cpu-simulation-model,SIMULATION MODEL OUTPUT — NOT A GPU MEASUREMENT.,"All values are deterministic CPU simulation/model outputs. They do not measure GPU kernels, CUDA graphs, accelerator memory, power, or production throughput.",full,train,mmpp-exact,pb12-05-mmpp-exact-train,pb12-05-mmpp-exact-train/seed-0015,15,one-round-fidelity-model,16,16,1.0,11.28231263046447,19.060669438927423,40,16,16,0,0,0,0,0,f61d9d4a2f8505a1d3763210cabb7e29668c5cefce167b8b01ebd7486fdbc665
1,cpu-simulation-model,SIMULATION MODEL OUTPUT — NOT A GPU MEASUREMENT.,"All values are deterministic CPU simulation/model outputs. They do not measure GPU kernels, CUDA graphs, accelerator memory, power, or production throughput.",full,train,mmpp-exact,pb12-05-mmpp-exact-train,pb12-05-mmpp-exact-train/seed-0016,16,one-round-fidelity-model,16,16,1.0,8.00700477797979,13.372196987851165,40,16,16,0,0,0,0,0,61ac6e9b4be15376fb62ad2fa61eb98df1003877e3cfcc1278b289eace8d4c56
1,cpu-simulation-model,SIMULATION MODEL OUTPUT — NOT A GPU MEASUREMENT.,"All values are deterministic CPU simulation/model outputs. They do not measure GPU kernels, CUDA graphs, accelerator memory, power, or production throughput.",full,train,mmpp-exact,pb12-05-mmpp-exact-train,pb12-05-mmpp-exact-train/seed-0017,17,one-round-fidelity-model,16,16,1.0,3.9825844943763324,6.0698652043316,40,16,16,0,0,0,0,0,ff378142b2f18dc8b3385baf032a46760c263a66f30a14a024be431bf64a1b0b
1,cpu-simulation-model,SIMULATION MODEL OUTPUT — NOT A GPU MEASUREMENT.,"All values are deterministic CPU simulation/model outputs. They do not measure GPU kernels, CUDA graphs, accelerator memory, power, or production throughput.",full,train,mmpp-exact,pb12-05-mmpp-exact-train,pb12-05-mmpp-exact-train/seed-0018,18,one-round-fidelity-model,16,16,1.0,3.370805974311451,4.6238717728879735,40,16,16,0,0,0,0,0,a16341377c7ee9746babf3eeb1d0eec7e6313f7211cca3460c142831c861c933
1,cpu-simulation-model,SIMULATION MODEL OUTPUT — NOT A GPU MEASUREMENT.,"All values are deterministic CPU simulation/model outputs. They do not measure GPU kernels, CUDA graphs, accelerator memory, power, or production throughput.",full,train,mmpp-exact,pb12-05-mmpp-exact-train,pb12-05-mmpp-exact-train/seed-0019,19,one-round-fidelity-model,16,16,1.0,4.703813141048517,7.608174139434895,40,16,16,0,0,0,0,0,bf2551ba55bd3c7ed17795ac7ee4d449f03741094547bec5d0f3bdf057414628
1,cpu-simulation-model,SIMULATION MODEL OUTPUT — NOT A GPU MEASUREMENT.,"All values are deterministic CPU simulation/model outputs. They do not measure GPU kernels, CUDA graphs, accelerator memory, power, or production throughput.",full,train,mmpp-exact,pb12-05-mmpp-exact-train,pb12-05-mmpp-exact-train/seed-0020,20,one-round-fidelity-model,16,16,1.0,4.504231742408386,7.024106975780954,40,16,16,0,0,0,0,0,70fb2a5d7b92031f339d77b14f877b47d00d17829adaa732173a93ff6ce612e6
1,cpu-simulation-model,SIMULATION MODEL OUTPUT — NOT A GPU MEASUREMENT.,"All values are deterministic CPU simulation/model outputs. They do not measure GPU kernels, CUDA graphs, accelerator memory, power, or production throughput.",full,train,mmpp-exact,pb12-05-mmpp-exact-train,pb12-05-mmpp-exact-train/seed-0021,21,one-round-fidelity-model,16,16,1.0,7.782501976682811,12.192137462050544,40,16,16,0,0,0,0,0,0e4ecf9682002ab54a0bfd2618beb874e78e04c562ebb51e7e223bd4fc0c1889
1,cpu-simulation-model,SIMULATION MODEL OUTPUT — NOT A GPU MEASUREMENT.,"All values are deterministic CPU simulation/model outputs. They do not measure GPU kernels, CUDA graphs, accelerator memory, power, or production throughput.",full,train,mmpp-exact,pb12-05-mmpp-exact-train,pb12-05-mmpp-exact-train/seed-0022,22,one-round-fidelity-model,16,16,1.0,3.947365728150972,6.4799192569448945,40,16,16,0,0,0,0,0,b5ff791293799fff6ef3becaa1d5758631cdaa4f9723248c7f3e06f1935e9dc8
1,cpu-simulation-model,SIMULATION MODEL OUTPUT — NOT A GPU MEASUREMENT.,"All values are deterministic CPU simulation/model outputs. They do not measure GPU kernels, CUDA graphs, accelerator memory, power, or production throughput.",full,train,mmpp-exact,pb12-05-mmpp-exact-train,pb12-05-mmpp-exact-train/seed-0023,23,one-round-fidelity-model,16,16,1.0,13.09686906505061,21.51020836855231,40,16,16,0,0,0,0,0,7fa866c411a17b3d2d022ba770e6cd694f01b121b9e4848066c0eec03bec9296
1,cpu-simulation-model,SIMULATION MODEL OUTPUT — NOT A GPU MEASUREMENT.,"All values are deterministic CPU simulation/model outputs. They do not measure GPU kernels, CUDA graphs, accelerator memory, power, or production throughput.",full,train,mmpp-exact,pb12-05-mmpp-exact-train,pb12-05-mmpp-exact-train/seed-0024,24,one-round-fidelity-model,16,16,1.0,5.281466377729004,10.572107793014139,40,16,16,0,0,0,0,0,b3f514a8ce33c9a65127d5391b8e19cb98c9fc0368e6d6aa035f1d911dbfebb7
1,cpu-simulation-model,SIMULATION MODEL OUTPUT — NOT A GPU MEASUREMENT.,"All values are deterministic CPU simulation/model outputs. They do not measure GPU kernels, CUDA graphs, accelerator memory, power, or production throughput.",full,train,mmpp-exact,pb12-05-mmpp-exact-train,pb12-05-mmpp-exact-train/seed-0025,25,one-round-fidelity-model,16,16,1.0,4.068256980645051,6.157951398013488,40,16,16,0,0,0,0,0,611b57ce25d08a7c6dc317a7e53fdd28f561fef11cfdb3ee6358a264f8b695e1
1,cpu-simulation-model,SIMULATION MODEL OUTPUT — NOT A GPU MEASUREMENT.,"All values are deterministic CPU simulation/model outputs. They do not measure GPU kernels, CUDA graphs, accelerator memory, power, or production throughput.",full,train,mmpp-exact,pb12-05-mmpp-exact-train,pb12-05-mmpp-exact-train/seed-0026,26,one-round-fidelity-model,16,16,1.0,4.400259034804678,7.820802413831572,40,16,16,0,0,0,0,0,6556386408f20088add07dc06cac9550ed5e256dad258d467145138140f50492
1,cpu-simulation-model,SIMULATION MODEL OUTPUT — NOT A GPU MEASUREMENT.,"All values are deterministic CPU simulation/model outputs. They do not measure GPU kernels, CUDA graphs, accelerator memory, power, or production throughput.",full,train,mmpp-exact,pb12-05-mmpp-exact-train,pb12-05-mmpp-exact-train/seed-0027,27,one-round-fidelity-model,16,16,1.0,8.285029721397178,16.19039536391428,40,16,16,0,0,0,0,0,42f804189469825d7024ae286240257a202fc5cfc2eb8b760a3573428ac98e1c
1,cpu-simulation-model,SIMULATION MODEL OUTPUT — NOT A GPU MEASUREMENT.,"All values are deterministic CPU simulation/model outputs. They do not measure GPU kernels, CUDA graphs, accelerator memory, power, or production throughput.",full,train,mmpp-exact,pb12-05-mmpp-exact-train,pb12-05-mmpp-exact-train/seed-0028,28,one-round-fidelity-model,16,16,1.0,3.879774374333469,6.078328697768393,40,16,16,0,0,0,0,0,afd489cbcb543827c6df158ef10703d9b5471d27375cbea3df1f2b54b9a8c734
1,cpu-simulation-model,SIMULATION MODEL OUTPUT — NOT A GPU MEASUREMENT.,"All values are deterministic CPU simulation/model outputs. They do not measure GPU kernels, CUDA graphs, accelerator memory, power, or production throughput.",full,train,mmpp-exact,pb12-05-mmpp-exact-train,pb12-05-mmpp-exact-train/seed-0029,29,one-round-fidelity-model,16,16,1.0,8.102579067654428,12.714970608885938,40,16,16,0,0,0,0,0,c717804fc80da2afc52eedca63c52d29c6e0fa9962585fa2a2bb1f4febe75f9d
1,cpu-simulation-model,SIMULATION MODEL OUTPUT — NOT A GPU MEASUREMENT.,"All values are deterministic CPU simulation/model outputs. They do not measure GPU kernels, CUDA graphs, accelerator memory, power, or production throughput.",full,validation,mmpp-exact,pb12-06-mmpp-exact-validation,pb12-06-mmpp-exact-validation/seed-0000,0,one-round-fidelity-model,16,16,1.0,1.5290500387805628,2.033606428149215,32,16,16,0,1,0,0,0,e1370fd33eb77e13cc600ae4f26db6420c3599d2735afc734393e0d017813625
1,cpu-simulation-model,SIMULATION MODEL OUTPUT — NOT A GPU MEASUREMENT.,"All values are deterministic CPU simulation/model outputs. They do not measure GPU kernels, CUDA graphs, accelerator memory, power, or production throughput.",full,validation,mmpp-exact,pb12-06-mmpp-exact-validation,pb12-06-mmpp-exact-validation/seed-0001,1,one-round-fidelity-model,16,16,1.0,1.7827442356180088,2.630665909290122,32,16,16,0,1,0,0,0,d81e0624e6e3bb0bc95568b57930d6315426b2ee706296cc5bf5ef29eaff585f
1,cpu-simulation-model,SIMULATION MODEL OUTPUT — NOT A GPU MEASUREMENT.,"All values are deterministic CPU simulation/model outputs. They do not measure GPU kernels, CUDA graphs, accelerator memory, power, or production throughput.",full,validation,mmpp-exact,pb12-06-mmpp-exact-validation,pb12-06-mmpp-exact-validation/seed-0002,2,one-round-fidelity-model,16,16,1.0,1.6660721650431216,2.3778395048098977,32,16,16,0,0,0,0,0,4b66da6712dff94a895d87e2c7df77ed544d650b59df4ebfc506dc363dc3582c
1,cpu-simulation-model,SIMULATION MODEL OUTPUT — NOT A GPU MEASUREMENT.,"All values are deterministic CPU simulation/model outputs. They do not measure GPU kernels, CUDA graphs, accelerator memory, power, or production throughput.",full,validation,mmpp-exact,pb12-06-mmpp-exact-validation,pb12-06-mmpp-exact-validation/seed-0003,3,one-round-fidelity-model,16,16,1.0,1.837419403521477,2.6253997623499843,32,16,16,0,0,0,0,0,176fce5a566ceb32d182261bc2456d6f716acf14f30a4118f33e7748023fed91
1,cpu-simulation-model,SIMULATION MODEL OUTPUT — NOT A GPU MEASUREMENT.,"All values are deterministic CPU simulation/model outputs. They do not measure GPU kernels, CUDA graphs, accelerator memory, power, or production throughput.",full,validation,mmpp-exact,pb12-06-mmpp-exact-validation,pb12-06-mmpp-exact-validation/seed-0004,4,one-round-fidelity-model,16,16,1.0,1.7077347617909706,2.4862243614148327,32,16,16,0,0,0,0,0,3dbd5c1e9646c9f2e78c60d8eef78d82f38632367a13cf090b444efdd2651633
1,cpu-simulation-model,SIMULATION MODEL OUTPUT — NOT A GPU MEASUREMENT.,"All values are deterministic CPU simulation/model outputs. They do not measure GPU kernels, CUDA graphs, accelerator memory, power, or production throughput.",full,validation,mmpp-exact,pb12-06-mmpp-exact-validation,pb12-06-mmpp-exact-validation/seed-0005,5,one-round-fidelity-model,16,16,1.0,1.8107900733974074,2.7906994408932686,32,16,16,0,0,0,0,0,5b9a2cb7fccba2e19d6b09cdd91bc212c74026f027c51b373f237b3c0bf4b95c
1,cpu-simulation-model,SIMULATION MODEL OUTPUT — NOT A GPU MEASUREMENT.,"All values are deterministic CPU simulation/model outputs. They do not measure GPU kernels, CUDA graphs, accelerator memory, power, or production throughput.",full,validation,mmpp-exact,pb12-06-mmpp-exact-validation,pb12-06-mmpp-exact-validation/seed-0006,6,one-round-fidelity-model,16,16,1.0,1.5844075776652586,2.3364731264682095,32,16,16,0,0,0,0,0,c70054a915e22edaaac78018f6ec3bd71d07bb890988a7bb6dd421a77f9588d6
1,cpu-simulation-model,SIMULATION MODEL OUTPUT — NOT A GPU MEASUREMENT.,"All values are deterministic CPU simulation/model outputs. They do not measure GPU kernels, CUDA graphs, accelerator memory, power, or production throughput.",full,validation,mmpp-exact,pb12-06-mmpp-exact-validation,pb12-06-mmpp-exact-validation/seed-0007,7,one-round-fidelity-model,16,16,1.0,1.5718432253397139,2.1725167197524957,32,16,16,0,0,0,0,0,c2f71ed58b8fcb2002ab5249d3b3a9ae0333e1ef96d2e71815aa8db435bbbd38
1,cpu-simulation-model,SIMULATION MODEL OUTPUT — NOT A GPU MEASUREMENT.,"All values are deterministic CPU simulation/model outputs. They do not measure GPU kernels, CUDA graphs, accelerator memory, power, or production throughput.",full,validation,mmpp-exact,pb12-06-mmpp-exact-validation,pb12-06-mmpp-exact-validation/seed-0008,8,one-round-fidelity-model,16,16,1.0,1.4924659723416516,2.2704792842250088,32,16,16,0,0,0,0,0,7879a2a528f1e351bfdb3ac8dc79b46cdc6d59fb3aaf098b57a4da3cef6e9eae
1,cpu-simulation-model,SIMULATION MODEL OUTPUT — NOT A GPU MEASUREMENT.,"All values are deterministic CPU simulation/model outputs. They do not measure GPU kernels, CUDA graphs, accelerator memory, power, or production throughput.",full,validation,mmpp-exact,pb12-06-mmpp-exact-validation,pb12-06-mmpp-exact-validation/seed-0009,9,one-round-fidelity-model,16,16,1.0,1.4790700532849785,2.0990290221480272,32,16,16,0,1,0,0,0,78c952c6f4b99065b9228e4200d2e2653bffc8ecfe032c80647f6bea996a3b5b
1,cpu-simulation-model,SIMULATION MODEL OUTPUT — NOT A GPU MEASUREMENT.,"All values are deterministic CPU simulation/model outputs. They do not measure GPU kernels, CUDA graphs, accelerator memory, power, or production throughput.",full,validation,mmpp-exact,pb12-06-mmpp-exact-validation,pb12-06-mmpp-exact-validation/seed-0010,10,one-round-fidelity-model,16,15,0.9375,1.7584868016505273,2.477991470713595,29,16,16,1,1,0,0,0,b1edf6eb35cff81e3dd8b65483f3d187958842a4c085f3988656315bfc213133
1,cpu-simulation-model,SIMULATION MODEL OUTPUT — NOT A GPU MEASUREMENT.,"All values are deterministic CPU simulation/model outputs. They do not measure GPU kernels, CUDA graphs, accelerator memory, power, or production throughput.",full,validation,mmpp-exact,pb12-06-mmpp-exact-validation,pb12-06-mmpp-exact-validation/seed-0011,11,one-round-fidelity-model,16,16,1.0,1.376373864589271,1.8957778698254217,32,16,16,0,0,0,0,0,c21d73f2867df161c250ed6b5bc2d8687232570ad587d6c53fc98ff1a21535ee
1,cpu-simulation-model,SIMULATION MODEL OUTPUT — NOT A GPU MEASUREMENT.,"All values are deterministic CPU simulation/model outputs. They do not measure GPU kernels, CUDA graphs, accelerator memory, power, or production throughput.",full,validation,mmpp-exact,pb12-06-mmpp-exact-validation,pb12-06-mmpp-exact-validation/seed-0012,12,one-round-fidelity-model,16,16,1.0,1.8745871299987034,2.818562564063837,32,16,16,0,0,0,0,0,0d5e2fdc232fe624be242823412e4939fe6b0950d74dd7b6930b807565767221
1,cpu-simulation-model,SIMULATION MODEL OUTPUT — NOT A GPU MEASUREMENT.,"All values are deterministic CPU simulation/model outputs. They do not measure GPU kernels, CUDA graphs, accelerator memory, power, or production throughput.",full,validation,mmpp-exact,pb12-06-mmpp-exact-validation,pb12-06-mmpp-exact-validation/seed-0013,13,one-round-fidelity-model,16,16,1.0,1.726932013948243,2.422494025017185,32,16,16,0,0,0,0,0,8b80a6290a65809934fa22b4e6a869747f397f7f5f0a3f4f2f5d92ac2ec28477
1,cpu-simulation-model,SIMULATION MODEL OUTPUT — NOT A GPU MEASUREMENT.,"All values are deterministic CPU simulation/model outputs. They do not measure GPU kernels, CUDA graphs, accelerator memory, power, or production throughput.",full,validation,mmpp-exact,pb12-06-mmpp-exact-validation,pb12-06-mmpp-exact-validation/seed-0014,14,one-round-fidelity-model,16,16,1.0,1.4639787524937269,2.1042035736118,32,16,16,0,0,0,0,0,cfceca1abee235c7bde0ffebbdc286566469d9fb326bc7aaad75589ed3f7315b
1,cpu-simulation-model,SIMULATION MODEL OUTPUT — NOT A GPU MEASUREMENT.,"All values are deterministic CPU simulation/model outputs. They do not measure GPU kernels, CUDA graphs, accelerator memory, power, or production throughput.",full,validation,mmpp-exact,pb12-06-mmpp-exact-validation,pb12-06-mmpp-exact-validation/seed-0015,15,one-round-fidelity-model,16,16,1.0,1.501495909818776,2.1472573647831106,32,16,16,0,0,0,0,0,ebe500e0c55b7b2288ac54694ce1711cd18bfd680e3e04ea742926a3819e0531
1,cpu-simulation-model,SIMULATION MODEL OUTPUT — NOT A GPU MEASUREMENT.,"All values are deterministic CPU simulation/model outputs. They do not measure GPU kernels, CUDA graphs, accelerator memory, power, or production throughput.",full,validation,mmpp-exact,pb12-06-mmpp-exact-validation,pb12-06-mmpp-exact-validation/seed-0016,16,one-round-fidelity-model,16,16,1.0,1.4243346598087705,1.925503445011918,32,16,16,0,0,0,0,0,7ede06a1b9184556b12a5554f60fcd2f4f9719d6c4a693482f2c3839a40cb475
1,cpu-simulation-model,SIMULATION MODEL OUTPUT — NOT A GPU MEASUREMENT.,"All values are deterministic CPU simulation/model outputs. They do not measure GPU kernels, CUDA graphs, accelerator memory, power, or production throughput.",full,validation,mmpp-exact,pb12-06-mmpp-exact-validation,pb12-06-mmpp-exact-validation/seed-0017,17,one-round-fidelity-model,16,16,1.0,1.6537197525764757,2.514910119037026,32,16,16,0,0,0,0,0,cbe920cbb6d2a06864534764c7911a3c070c76776995e3fb0355b7dcb530494f
1,cpu-simulation-model,SIMULATION MODEL OUTPUT — NOT A GPU MEASUREMENT.,"All values are deterministic CPU simulation/model outputs. They do not measure GPU kernels, CUDA graphs, accelerator memory, power, or production throughput.",full,validation,mmpp-exact,pb12-06-mmpp-exact-validation,pb12-06-mmpp-exact-validation/seed-0018,18,one-round-fidelity-model,16,15,0.9375,1.7650136517847563,2.568811300593503,29,16,16,1,1,0,0,0,947b47d2725a5c43f659a6c1e8e4c1b16981911101b534c6f181ac901be671ad
1,cpu-simulation-model,SIMULATION MODEL OUTPUT — NOT A GPU MEASUREMENT.,"All values are deterministic CPU simulation/model outputs. They do not measure GPU kernels, CUDA graphs, accelerator memory, power, or production throughput.",full,validation,mmpp-exact,pb12-06-mmpp-exact-validation,pb12-06-mmpp-exact-validation/seed-0019,19,one-round-fidelity-model,16,16,1.0,1.6695124068691531,2.243801569844883,32,16,16,0,1,0,0,0,c29dd0c81caa43e9c907f89756d74c43cf07b7a2ec2d26e402138e4d0bd6ecb2
1,cpu-simulation-model,SIMULATION MODEL OUTPUT — NOT A GPU MEASUREMENT.,"All values are deterministic CPU simulation/model outputs. They do not measure GPU kernels, CUDA graphs, accelerator memory, power, or production throughput.",full,validation,mmpp-exact,pb12-06-mmpp-exact-validation,pb12-06-mmpp-exact-validation/seed-0020,20,one-round-fidelity-model,16,16,1.0,1.6064550704308393,2.721837068154496,32,16,16,0,0,0,0,0,03ffafabe5b820701619bacf42d694de96839b3c797f98024556b0aac4ebab05
1,cpu-simulation-model,SIMULATION MODEL OUTPUT — NOT A GPU MEASUREMENT.,"All values are deterministic CPU simulation/model outputs. They do not measure GPU kernels, CUDA graphs, accelerator memory, power, or production throughput.",full,validation,mmpp-exact,pb12-06-mmpp-exact-validation,pb12-06-mmpp-exact-validation/seed-0021,21,one-round-fidelity-model,16,15,0.9375,1.6710921363344484,2.3730467257916317,29,16,16,1,1,0,0,0,141a12296628fd93b82eac2afa5df1e613324142de39fc83eee9ff321831ce57
1,cpu-simulation-model,SIMULATION MODEL OUTPUT — NOT A GPU MEASUREMENT.,"All values are deterministic CPU simulation/model outputs. They do not measure GPU kernels, CUDA graphs, accelerator memory, power, or production throughput.",full,validation,mmpp-exact,pb12-06-mmpp-exact-validation,pb12-06-mmpp-exact-validation/seed-0022,22,one-round-fidelity-model,16,16,1.0,1.5847427858154859,2.3274484414948517,32,16,16,0,0,0,0,0,ae01b8a96d61d3458b2d4168511be9c1c69013250a8bf2fb2a5e91619419cfcd
1,cpu-simulation-model,SIMULATION MODEL OUTPUT — NOT A GPU MEASUREMENT.,"All values are deterministic CPU simulation/model outputs. They do not measure GPU kernels, CUDA graphs, accelerator memory, power, or production throughput.",full,validation,mmpp-exact,pb12-06-mmpp-exact-validation,pb12-06-mmpp-exact-validation/seed-0023,23,one-round-fidelity-model,16,16,1.0,1.7244132116271316,2.5662217426206357,32,16,16,0,0,0,0,0,a65ddb1b35f106b1618ea79f03dc52772e4f752d8f237c02d57c203480cf204a
1,cpu-simulation-model,SIMULATION MODEL OUTPUT — NOT A GPU MEASUREMENT.,"All values are deterministic CPU simulation/model outputs. They do not measure GPU kernels, CUDA graphs, accelerator memory, power, or production throughput.",full,validation,mmpp-exact,pb12-06-mmpp-exact-validation,pb12-06-mmpp-exact-validation/seed-0024,24,one-round-fidelity-model,16,16,1.0,1.5256880938171242,2.192930308380874,32,16,16,0,0,0,0,0,0d63f1fb044f315403b8cc069c16d1a845b5595ff7052a26fcad3ca42d22f9e6
1,cpu-simulation-model,SIMULATION MODEL OUTPUT — NOT A GPU MEASUREMENT.,"All values are deterministic CPU simulation/model outputs. They do not measure GPU kernels, CUDA graphs, accelerator memory, power, or production throughput.",full,validation,mmpp-exact,pb12-06-mmpp-exact-validation,pb12-06-mmpp-exact-validation/seed-0025,25,one-round-fidelity-model,16,16,1.0,1.6267563160800782,2.3839520449547775,32,16,16,0,0,0,0,0,d127c8026c1327d7567b8973e1bd4ae2e70919dc74329f0fdb705e741c825a89
1,cpu-simulation-model,SIMULATION MODEL OUTPUT — NOT A GPU MEASUREMENT.,"All values are deterministic CPU simulation/model outputs. They do not measure GPU kernels, CUDA graphs, accelerator memory, power, or production throughput.",full,validation,mmpp-exact,pb12-06-mmpp-exact-validation,pb12-06-mmpp-exact-validation/seed-0026,26,one-round-fidelity-model,16,16,1.0,1.736579197398354,2.8400820039804433,32,16,16,0,1,0,0,0,3cd210567034b0feffe7ed2f3ecaf2950ec813613040450e98658328d27f48a6
1,cpu-simulation-model,SIMULATION MODEL OUTPUT — NOT A GPU MEASUREMENT.,"All values are deterministic CPU simulation/model outputs. They do not measure GPU kernels, CUDA graphs, accelerator memory, power, or production throughput.",full,validation,mmpp-exact,pb12-06-mmpp-exact-validation,pb12-06-mmpp-exact-validation/seed-0027,27,one-round-fidelity-model,16,15,0.9375,1.5002480123440263,2.218023222314804,29,16,16,1,1,0,0,0,589e635aae21fb683c80cc0986c41036f859f28b93019e6f84f791189b46f0b8
1,cpu-simulation-model,SIMULATION MODEL OUTPUT — NOT A GPU MEASUREMENT.,"All values are deterministic CPU simulation/model outputs. They do not measure GPU kernels, CUDA graphs, accelerator memory, power, or production throughput.",full,validation,mmpp-exact,pb12-06-mmpp-exact-validation,pb12-06-mmpp-exact-validation/seed-0028,28,one-round-fidelity-model,16,16,1.0,1.6965702004538328,2.2701126108365006,32,16,16,0,0,0,0,0,ae667ee26e02e3dabc46e1517a409408b58db4424a2163997c74ae1ba2778cd6
1,cpu-simulation-model,SIMULATION MODEL OUTPUT — NOT A GPU MEASUREMENT.,"All values are deterministic CPU simulation/model outputs. They do not measure GPU kernels, CUDA graphs, accelerator memory, power, or production throughput.",full,validation,mmpp-exact,pb12-06-mmpp-exact-validation,pb12-06-mmpp-exact-validation/seed-0029,29,one-round-fidelity-model,16,16,1.0,1.5059821429381768,2.2214296410763104,32,16,16,0,0,0,0,0,89c8fa21ab41556d08522516d762467a911e977e37a907054bd730c796ec4409
1,cpu-simulation-model,SIMULATION MODEL OUTPUT — NOT A GPU MEASUREMENT.,"All values are deterministic CPU simulation/model outputs. They do not measure GPU kernels, CUDA graphs, accelerator memory, power, or production throughput.",full,train,pareto-heavy-tail,pb12-07-pareto-heavy-tail-train,pb12-07-pareto-heavy-tail-train/seed-0000,0,one-round-fidelity-model,16,16,1.0,14.984962324298904,25.188872778754412,0,48,48,0,0,0,0,0,71b37f66c7cff83b9bc5476b2c65b05a6033129da817f400e988a2387f740d90
1,cpu-simulation-model,SIMULATION MODEL OUTPUT — NOT A GPU MEASUREMENT.,"All values are deterministic CPU simulation/model outputs. They do not measure GPU kernels, CUDA graphs, accelerator memory, power, or production throughput.",full,train,pareto-heavy-tail,pb12-07-pareto-heavy-tail-train,pb12-07-pareto-heavy-tail-train/seed-0001,1,one-round-fidelity-model,16,16,1.0,14.615984368274875,25.125785056073354,0,48,48,0,0,0,0,0,f7fdaf8a2007cf2a6e820113377be8a5f4db45a83f2ff1bd0c84b24c70e259ad
1,cpu-simulation-model,SIMULATION MODEL OUTPUT — NOT A GPU MEASUREMENT.,"All values are deterministic CPU simulation/model outputs. They do not measure GPU kernels, CUDA graphs, accelerator memory, power, or production throughput.",full,train,pareto-heavy-tail,pb12-07-pareto-heavy-tail-train,pb12-07-pareto-heavy-tail-train/seed-0002,2,one-round-fidelity-model,16,16,1.0,14.610507346663484,25.459299466957543,0,48,48,0,0,0,0,0,4d6db9bb79bd4eaddb08a1e101cd1895917d86b861f58c806651989d1e47d72d
1,cpu-simulation-model,SIMULATION MODEL OUTPUT — NOT A GPU MEASUREMENT.,"All values are deterministic CPU simulation/model outputs. They do not measure GPU kernels, CUDA graphs, accelerator memory, power, or production throughput.",full,train,pareto-heavy-tail,pb12-07-pareto-heavy-tail-train,pb12-07-pareto-heavy-tail-train/seed-0003,3,one-round-fidelity-model,16,14,0.875,14.992085283876452,26.076941418760406,0,42,42,2,2,0,0,0,b0ec302ac4ec6295c1cedd43a3e0c9483be88d266c258c5493de7114498254e9
1,cpu-simulation-model,SIMULATION MODEL OUTPUT — NOT A GPU MEASUREMENT.,"All values are deterministic CPU simulation/model outputs. They do not measure GPU kernels, CUDA graphs, accelerator memory, power, or production throughput.",full,train,pareto-heavy-tail,pb12-07-pareto-heavy-tail-train,pb12-07-pareto-heavy-tail-train/seed-0004,4,one-round-fidelity-model,16,16,1.0,15.190143599089515,25.507550283810726,0,48,48,0,0,0,0,0,686b0799586a473714b54f7daf9f80b5c2b7b5aac486fbfc61ced828a343cd03
1,cpu-simulation-model,SIMULATION MODEL OUTPUT — NOT A GPU MEASUREMENT.,"All values are deterministic CPU simulation/model outputs. They do not measure GPU kernels, CUDA graphs, accelerator memory, power, or production throughput.",full,train,pareto-heavy-tail,pb12-07-pareto-heavy-tail-train,pb12-07-pareto-heavy-tail-train/seed-0005,5,one-round-fidelity-model,16,16,1.0,14.97794319692498,25.926340737162164,0,48,48,0,0,0,0,0,3fb4decfb21821215fdc0bbd7a221a7bc835cdaba04d50fe6304fd0228861ae4
1,cpu-simulation-model,SIMULATION MODEL OUTPUT — NOT A GPU MEASUREMENT.,"All values are deterministic CPU simulation/model outputs. They do not measure GPU kernels, CUDA graphs, accelerator memory, power, or production throughput.",full,train,pareto-heavy-tail,pb12-07-pareto-heavy-tail-train,pb12-07-pareto-heavy-tail-train/seed-0006,6,one-round-fidelity-model,16,16,1.0,14.551958492767238,25.325173084886725,0,48,48,0,0,0,0,0,18b9061c48a40d0eacaff778ee9be4b77ca040b540062e8e7fa43e2105fc6388
1,cpu-simulation-model,SIMULATION MODEL OUTPUT — NOT A GPU MEASUREMENT.,"All values are deterministic CPU simulation/model outputs. They do not measure GPU kernels, CUDA graphs, accelerator memory, power, or production throughput.",full,train,pareto-heavy-tail,pb12-07-pareto-heavy-tail-train,pb12-07-pareto-heavy-tail-train/seed-0007,7,one-round-fidelity-model,16,16,1.0,9.808527531322602,17.17846567989946,0,48,48,0,0,0,0,0,1a0f9cd06b5c52e44adcfb0868bbdd0e18960a90aa5f61360e08dbfa8ab94ba1
1,cpu-simulation-model,SIMULATION MODEL OUTPUT — NOT A GPU MEASUREMENT.,"All values are deterministic CPU simulation/model outputs. They do not measure GPU kernels, CUDA graphs, accelerator memory, power, or production throughput.",full,train,pareto-heavy-tail,pb12-07-pareto-heavy-tail-train,pb12-07-pareto-heavy-tail-train/seed-0008,8,one-round-fidelity-model,16,15,0.9375,14.373982232501483,25.022961994310258,0,45,45,1,1,0,0,0,c1cb18164ea4025b2eaf28898b1628f53f6fab9be51854b5dee207df660d0831
1,cpu-simulation-model,SIMULATION MODEL OUTPUT — NOT A GPU MEASUREMENT.,"All values are deterministic CPU simulation/model outputs. They do not measure GPU kernels, CUDA graphs, accelerator memory, power, or production throughput.",full,train,pareto-heavy-tail,pb12-07-pareto-heavy-tail-train,pb12-07-pareto-heavy-tail-train/seed-0009,9,one-round-fidelity-model,16,16,1.0,14.736613444155035,25.5291977068373,0,48,48,0,0,0,0,0,b73ec1299c8408204cb17fe55574760738bed6a6b16a83b0f399fff357b08647
1,cpu-simulation-model,SIMULATION MODEL OUTPUT — NOT A GPU MEASUREMENT.,"All values are deterministic CPU simulation/model outputs. They do not measure GPU kernels, CUDA graphs, accelerator memory, power, or production throughput.",full,train,pareto-heavy-tail,pb12-07-pareto-heavy-tail-train,pb12-07-pareto-heavy-tail-train/seed-0010,10,one-round-fidelity-model,16,16,1.0,14.037886104653552,24.324643358839435,0,48,48,0,0,0,0,0,a2fc8c6e0888aad997bf5ce124d6d1d8973d001c083c1a13ea09ae8682cdfc42
1,cpu-simulation-model,SIMULATION MODEL OUTPUT — NOT A GPU MEASUREMENT.,"All values are deterministic CPU simulation/model outputs. They do not measure GPU kernels, CUDA graphs, accelerator memory, power, or production throughput.",full,train,pareto-heavy-tail,pb12-07-pareto-heavy-tail-train,pb12-07-pareto-heavy-tail-train/seed-0011,11,one-round-fidelity-model,16,16,1.0,13.625338825069866,24.401933319063033,0,48,48,0,0,0,0,0,b79d0a241450899f25f02e339bdf9e653c1944901842a580acddea02eacabf38
1,cpu-simulation-model,SIMULATION MODEL OUTPUT — NOT A GPU MEASUREMENT.,"All values are deterministic CPU simulation/model outputs. They do not measure GPU kernels, CUDA graphs, accelerator memory, power, or production throughput.",full,train,pareto-heavy-tail,pb12-07-pareto-heavy-tail-train,pb12-07-pareto-heavy-tail-train/seed-0012,12,one-round-fidelity-model,16,16,1.0,14.792410363858744,25.288387212805805,0,48,48,0,0,0,0,0,cf9028c89a33e8ee6e408eaea39f21be3ea72349272f915acd8ff49c20d2c4f6
1,cpu-simulation-model,SIMULATION MODEL OUTPUT — NOT A GPU MEASUREMENT.,"All values are deterministic CPU simulation/model outputs. They do not measure GPU kernels, CUDA graphs, accelerator memory, power, or production throughput.",full,train,pareto-heavy-tail,pb12-07-pareto-heavy-tail-train,pb12-07-pareto-heavy-tail-train/seed-0013,13,one-round-fidelity-model,16,16,1.0,14.67664659847413,24.563550474607972,0,48,48,0,0,0,0,0,308cd565b65219d2e7a29d821861df2cbe51a530a07e6d875ab2a79efd919d5f
1,cpu-simulation-model,SIMULATION MODEL OUTPUT — NOT A GPU MEASUREMENT.,"All values are deterministic CPU simulation/model outputs. They do not measure GPU kernels, CUDA graphs, accelerator memory, power, or production throughput.",full,train,pareto-heavy-tail,pb12-07-pareto-heavy-tail-train,pb12-07-pareto-heavy-tail-train/seed-0014,14,one-round-fidelity-model,16,15,0.9375,14.558516733328874,25.52511490125588,0,45,45,1,1,0,0,0,6af92555fdef88922dbc5cd020de8943f3f7bdaeae2449c37b507146f3df584b
1,cpu-simulation-model,SIMULATION MODEL OUTPUT — NOT A GPU MEASUREMENT.,"All values are deterministic CPU simulation/model outputs. They do not measure GPU kernels, CUDA graphs, accelerator memory, power, or production throughput.",full,train,pareto-heavy-tail,pb12-07-pareto-heavy-tail-train,pb12-07-pareto-heavy-tail-train/seed-0015,15,one-round-fidelity-model,16,16,1.0,14.866023692607106,24.581843973906047,0,48,48,0,0,0,0,0,ef715a0a39a6b3ee0d2324bd3a02f4db1db48cc18b0fc2de878a5a5da22d8b83
1,cpu-simulation-model,SIMULATION MODEL OUTPUT — NOT A GPU MEASUREMENT.,"All values are deterministic CPU simulation/model outputs. They do not measure GPU kernels, CUDA graphs, accelerator memory, power, or production throughput.",full,train,pareto-heavy-tail,pb12-07-pareto-heavy-tail-train,pb12-07-pareto-heavy-tail-train/seed-0016,16,one-round-fidelity-model,16,16,1.0,14.890879079707888,25.51031923261858,0,48,48,0,0,0,0,0,61a0e20f6b2fac3662aeeefa5c5c64937e5ece2e1f7508852def4cf605c09897
1,cpu-simulation-model,SIMULATION MODEL OUTPUT — NOT A GPU MEASUREMENT.,"All values are deterministic CPU simulation/model outputs. They do not measure GPU kernels, CUDA graphs, accelerator memory, power, or production throughput.",full,train,pareto-heavy-tail,pb12-07-pareto-heavy-tail-train,pb12-07-pareto-heavy-tail-train/seed-0017,17,one-round-fidelity-model,16,15,0.9375,14.869108227846175,25.528666390415736,0,45,45,1,1,0,0,0,9800a34b70d02251e592e50359a9fe934d34c5e1ec026508314ecdf996694270
1,cpu-simulation-model,SIMULATION MODEL OUTPUT — NOT A GPU MEASUREMENT.,"All values are deterministic CPU simulation/model outputs. They do not measure GPU kernels, CUDA graphs, accelerator memory, power, or production throughput.",full,train,pareto-heavy-tail,pb12-07-pareto-heavy-tail-train,pb12-07-pareto-heavy-tail-train/seed-0018,18,one-round-fidelity-model,16,16,1.0,14.809398403033086,25.496430489418906,0,48,48,0,0,0,0,0,fc1bd726533714fd72149d85fc4828207c7d502c78013a0593747900306c8b99
1,cpu-simulation-model,SIMULATION MODEL OUTPUT — NOT A GPU MEASUREMENT.,"All values are deterministic CPU simulation/model outputs. They do not measure GPU kernels, CUDA graphs, accelerator memory, power, or production throughput.",full,train,pareto-heavy-tail,pb12-07-pareto-heavy-tail-train,pb12-07-pareto-heavy-tail-train/seed-0019,19,one-round-fidelity-model,16,16,1.0,15.10763398050803,25.992618767487983,0,48,48,0,0,0,0,0,e7e9c94ec118040ed991c5525e0ae556d46324682f6bb577cd25948057fcae29
1,cpu-simulation-model,SIMULATION MODEL OUTPUT — NOT A GPU MEASUREMENT.,"All values are deterministic CPU simulation/model outputs. They do not measure GPU kernels, CUDA graphs, accelerator memory, power, or production throughput.",full,train,pareto-heavy-tail,pb12-07-pareto-heavy-tail-train,pb12-07-pareto-heavy-tail-train/seed-0020,20,one-round-fidelity-model,16,16,1.0,14.197159751260369,24.490588406073442,0,48,48,0,0,0,0,0,49a1157089d87a608a56586fab6d89b68b0d7ca96e36a986a63430feff8ee715
1,cpu-simulation-model,SIMULATION MODEL OUTPUT — NOT A GPU MEASUREMENT.,"All values are deterministic CPU simulation/model outputs. They do not measure GPU kernels, CUDA graphs, accelerator memory, power, or production throughput.",full,train,pareto-heavy-tail,pb12-07-pareto-heavy-tail-train,pb12-07-pareto-heavy-tail-train/seed-0021,21,one-round-fidelity-model,16,16,1.0,15.158729899027168,26.008354561895175,0,48,48,0,0,0,0,0,ce985b5fa0d6150ee6842a9dc21c64778d8ae5ac64cd706943e160f6996f0a87
1,cpu-simulation-model,SIMULATION MODEL OUTPUT — NOT A GPU MEASUREMENT.,"All values are deterministic CPU simulation/model outputs. They do not measure GPU kernels, CUDA graphs, accelerator memory, power, or production throughput.",full,train,pareto-heavy-tail,pb12-07-pareto-heavy-tail-train,pb12-07-pareto-heavy-tail-train/seed-0022,22,one-round-fidelity-model,16,16,1.0,13.813432304103292,24.936227513270737,0,48,48,0,0,0,0,0,bc2e5b24671af5a2605f2636d30547180429ba398499f72630864b7d86578451
1,cpu-simulation-model,SIMULATION MODEL OUTPUT — NOT A GPU MEASUREMENT.,"All values are deterministic CPU simulation/model outputs. They do not measure GPU kernels, CUDA graphs, accelerator memory, power, or production throughput.",full,train,pareto-heavy-tail,pb12-07-pareto-heavy-tail-train,pb12-07-pareto-heavy-tail-train/seed-0023,23,one-round-fidelity-model,16,15,0.9375,9.578532815223559,17.582578127957632,0,45,45,1,1,0,0,0,abc8928ad95ba6feda77e7ee16c84010bfc1fa03371cd8afa6d09b5d05028cc7
1,cpu-simulation-model,SIMULATION MODEL OUTPUT — NOT A GPU MEASUREMENT.,"All values are deterministic CPU simulation/model outputs. They do not measure GPU kernels, CUDA graphs, accelerator memory, power, or production throughput.",full,train,pareto-heavy-tail,pb12-07-pareto-heavy-tail-train,pb12-07-pareto-heavy-tail-train/seed-0024,24,one-round-fidelity-model,16,16,1.0,15.049755937084926,25.67428497460471,0,48,48,0,0,0,0,0,49ad6a3e14a66ad76baf5a4b6b36efd88d1c6ca70acf549f2a168a30f4f1acec
1,cpu-simulation-model,SIMULATION MODEL OUTPUT — NOT A GPU MEASUREMENT.,"All values are deterministic CPU simulation/model outputs. They do not measure GPU kernels, CUDA graphs, accelerator memory, power, or production throughput.",full,train,pareto-heavy-tail,pb12-07-pareto-heavy-tail-train,pb12-07-pareto-heavy-tail-train/seed-0025,25,one-round-fidelity-model,16,16,1.0,12.31488982047967,22.737002083185377,0,48,48,0,0,0,0,0,c01a9572cffe028d3a06d47649e075d29e6e4e7859ec6a36c73ffa75b511fda8
1,cpu-simulation-model,SIMULATION MODEL OUTPUT — NOT A GPU MEASUREMENT.,"All values are deterministic CPU simulation/model outputs. They do not measure GPU kernels, CUDA graphs, accelerator memory, power, or production throughput.",full,train,pareto-heavy-tail,pb12-07-pareto-heavy-tail-train,pb12-07-pareto-heavy-tail-train/seed-0026,26,one-round-fidelity-model,16,16,1.0,9.245058071630254,14.095024438742513,0,48,48,0,0,0,0,0,69b4ad0d8f6dbf65d9b59808e25fd815b7041de2500111f28a132be669c78c72
1,cpu-simulation-model,SIMULATION MODEL OUTPUT — NOT A GPU MEASUREMENT.,"All values are deterministic CPU simulation/model outputs. They do not measure GPU kernels, CUDA graphs, accelerator memory, power, or production throughput.",full,train,pareto-heavy-tail,pb12-07-pareto-heavy-tail-train,pb12-07-pareto-heavy-tail-train/seed-0027,27,one-round-fidelity-model,16,15,0.9375,14.603396551750494,24.986278149425015,0,45,45,1,1,0,0,0,63b0c42f429a78565feab8b598f009a5bdcc0148d424072039a7dec37dabb471
1,cpu-simulation-model,SIMULATION MODEL OUTPUT — NOT A GPU MEASUREMENT.,"All values are deterministic CPU simulation/model outputs. They do not measure GPU kernels, CUDA graphs, accelerator memory, power, or production throughput.",full,train,pareto-heavy-tail,pb12-07-pareto-heavy-tail-train,pb12-07-pareto-heavy-tail-train/seed-0028,28,one-round-fidelity-model,16,16,1.0,14.571623121348075,25.605039397395856,0,48,48,0,0,0,0,0,5d4e80f9d2d29763a07d7c44cf0f5f638f557f37c5c71e6d5e58ef840cc732d8
1,cpu-simulation-model,SIMULATION MODEL OUTPUT — NOT A GPU MEASUREMENT.,"All values are deterministic CPU simulation/model outputs. They do not measure GPU kernels, CUDA graphs, accelerator memory, power, or production throughput.",full,train,pareto-heavy-tail,pb12-07-pareto-heavy-tail-train,pb12-07-pareto-heavy-tail-train/seed-0029,29,one-round-fidelity-model,16,15,0.9375,14.884809859280915,26.0007280155099,0,45,45,0,1,0,0,1,9bd0074747bd64441d35b0c11f870423b942b69feeb60261b3ca4c33cfe28373
1,cpu-simulation-model,SIMULATION MODEL OUTPUT — NOT A GPU MEASUREMENT.,"All values are deterministic CPU simulation/model outputs. They do not measure GPU kernels, CUDA graphs, accelerator memory, power, or production throughput.",full,validation,pareto-heavy-tail,pb12-08-pareto-heavy-tail-validation,pb12-08-pareto-heavy-tail-validation/seed-0000,0,one-round-fidelity-model,16,6,0.375,3.631657999621956,4.950181721396227,0,16,16,0,0,0,0,0,f34910047ec225835fdb57a0f0e6317d9d8076d915100e15f51c6b5d7ea10397
1,cpu-simulation-model,SIMULATION MODEL OUTPUT — NOT A GPU MEASUREMENT.,"All values are deterministic CPU simulation/model outputs. They do not measure GPU kernels, CUDA graphs, accelerator memory, power, or production throughput.",full,validation,pareto-heavy-tail,pb12-08-pareto-heavy-tail-validation,pb12-08-pareto-heavy-tail-validation/seed-0001,1,one-round-fidelity-model,16,11,0.6875,3.389547222270436,4.437588887326349,0,16,16,0,0,0,0,0,ef7bbbf6bbb846a679d1e96342f07acdce78a366897f32e81e62145575551a13
1,cpu-simulation-model,SIMULATION MODEL OUTPUT — NOT A GPU MEASUREMENT.,"All values are deterministic CPU simulation/model outputs. They do not measure GPU kernels, CUDA graphs, accelerator memory, power, or production throughput.",full,validation,pareto-heavy-tail,pb12-08-pareto-heavy-tail-validation,pb12-08-pareto-heavy-tail-validation/seed-0002,2,one-round-fidelity-model,16,9,0.5625,3.331000337101251,4.5685378854027725,0,16,16,0,0,0,2,0,306a3fa20873d7a146f30293763bc02929d6936f9eaf6f4914c8ff59e4dc64f1
1,cpu-simulation-model,SIMULATION MODEL OUTPUT — NOT A GPU MEASUREMENT.,"All values are deterministic CPU simulation/model outputs. They do not measure GPU kernels, CUDA graphs, accelerator memory, power, or production throughput.",full,validation,pareto-heavy-tail,pb12-08-pareto-heavy-tail-validation,pb12-08-pareto-heavy-tail-validation/seed-0003,3,one-round-fidelity-model,16,7,0.4375,3.488556275880834,4.82646275291785,0,16,16,0,0,0,0,0,ccbfd323ae6b3ab3d585507cdb1c9536101befd838195b847e3ed8b968a97de5
1,cpu-simulation-model,SIMULATION MODEL OUTPUT — NOT A GPU MEASUREMENT.,"All values are deterministic CPU simulation/model outputs. They do not measure GPU kernels, CUDA graphs, accelerator memory, power, or production throughput.",full,validation,pareto-heavy-tail,pb12-08-pareto-heavy-tail-validation,pb12-08-pareto-heavy-tail-validation/seed-0004,4,one-round-fidelity-model,16,12,0.75,3.2681317264738814,4.555587740892819,0,16,16,0,0,0,0,0,dbad822a6736a1f4eeeb27959affb2744df590122877b1b8cf2824ec1b346ffe
1,cpu-simulation-model,SIMULATION MODEL OUTPUT — NOT A GPU MEASUREMENT.,"All values are deterministic CPU simulation/model outputs. They do not measure GPU kernels, CUDA graphs, accelerator memory, power, or production throughput.",full,validation,pareto-heavy-tail,pb12-08-pareto-heavy-tail-validation,pb12-08-pareto-heavy-tail-validation/seed-0005,5,one-round-fidelity-model,16,11,0.6875,3.487753084972134,4.85531815002842,0,16,16,0,0,0,0,0,39b41cb1a46271094537a5e0aefddb52c2b4d8b9e7c47288a85c65a9261ac96b
1,cpu-simulation-model,SIMULATION MODEL OUTPUT — NOT A GPU MEASUREMENT.,"All values are deterministic CPU simulation/model outputs. They do not measure GPU kernels, CUDA graphs, accelerator memory, power, or production throughput.",full,validation,pareto-heavy-tail,pb12-08-pareto-heavy-tail-validation,pb12-08-pareto-heavy-tail-validation/seed-0006,6,one-round-fidelity-model,16,6,0.375,3.2558953781098534,4.046131112726876,0,16,16,0,0,0,1,0,91ea2ff3a26b43380e4b476bfda408687f6d00fdc52fd91892502773c7a17611
1,cpu-simulation-model,SIMULATION MODEL OUTPUT — NOT A GPU MEASUREMENT.,"All values are deterministic CPU simulation/model outputs. They do not measure GPU kernels, CUDA graphs, accelerator memory, power, or production throughput.",full,validation,pareto-heavy-tail,pb12-08-pareto-heavy-tail-validation,pb12-08-pareto-heavy-tail-validation/seed-0007,7,one-round-fidelity-model,16,12,0.75,3.809019772053918,5.322714063846673,0,16,16,0,0,0,0,0,39a8971b42c4d6674f1b4633f9d917bed08284a8df7e369dbc46537956696c56
1,cpu-simulation-model,SIMULATION MODEL OUTPUT — NOT A GPU MEASUREMENT.,"All values are deterministic CPU simulation/model outputs. They do not measure GPU kernels, CUDA graphs, accelerator memory, power, or production throughput.",full,validation,pareto-heavy-tail,pb12-08-pareto-heavy-tail-validation,pb12-08-pareto-heavy-tail-validation/seed-0008,8,one-round-fidelity-model,16,10,0.625,2.958129750222495,4.013487784345206,0,16,16,0,0,0,0,0,1107a0fb579e98a649a5a635d1e9bb909f3c60735f577a242c3a23e9cf3ce756
1,cpu-simulation-model,SIMULATION MODEL OUTPUT — NOT A GPU MEASUREMENT.,"All values are deterministic CPU simulation/model outputs. They do not measure GPU kernels, CUDA graphs, accelerator memory, power, or production throughput.",full,validation,pareto-heavy-tail,pb12-08-pareto-heavy-tail-validation,pb12-08-pareto-heavy-tail-validation/seed-0009,9,one-round-fidelity-model,16,12,0.75,2.9564918031352083,4.007027692780328,0,16,16,0,0,0,0,0,ddc46a752ea70a0cfff62592f4f4b33fafdb9941127e719e25fbc2d11f853821
1,cpu-simulation-model,SIMULATION MODEL OUTPUT — NOT A GPU MEASUREMENT.,"All values are deterministic CPU simulation/model outputs. They do not measure GPU kernels, CUDA graphs, accelerator memory, power, or production throughput.",full,validation,pareto-heavy-tail,pb12-08-pareto-heavy-tail-validation,pb12-08-pareto-heavy-tail-validation/seed-0010,10,one-round-fidelity-model,16,13,0.8125,3.682076766661017,5.197491822941921,0,16,16,0,0,0,0,0,b5d30d33dc4b882731802e9c1a20515516cea144a936a931f07acaeb241a4233
1,cpu-simulation-model,SIMULATION MODEL OUTPUT — NOT A GPU MEASUREMENT.,"All values are deterministic CPU simulation/model outputs. They do not measure GPU kernels, CUDA graphs, accelerator memory, power, or production throughput.",full,validation,pareto-heavy-tail,pb12-08-pareto-heavy-tail-validation,pb12-08-pareto-heavy-tail-validation/seed-0011,11,one-round-fidelity-model,16,7,0.4375,3.012646615407072,3.7908299249942075,0,16,16,0,0,0,0,0,c11b5fcd7d6a8d4f749949385deee3674c1fbe5449c2aa0db0f613f72fe30900
1,cpu-simulation-model,SIMULATION MODEL OUTPUT — NOT A GPU MEASUREMENT.,"All values are deterministic CPU simulation/model outputs. They do not measure GPU kernels, CUDA graphs, accelerator memory, power, or production throughput.",full,validation,pareto-heavy-tail,pb12-08-pareto-heavy-tail-validation,pb12-08-pareto-heavy-tail-validation/seed-0012,12,one-round-fidelity-model,16,10,0.625,3.7153294452628662,5.0544309516749815,0,16,16,0,0,0,0,0,1af6059bce9a29b48206018f00c9a6ca05cb41c6434165e17fb498b9b4182d0c
1,cpu-simulation-model,SIMULATION MODEL OUTPUT — NOT A GPU MEASUREMENT.,"All values are deterministic CPU simulation/model outputs. They do not measure GPU kernels, CUDA graphs, accelerator memory, power, or production throughput.",full,validation,pareto-heavy-tail,pb12-08-pareto-heavy-tail-validation,pb12-08-pareto-heavy-tail-validation/seed-0013,13,one-round-fidelity-model,16,10,0.625,3.00090371431719,3.914348769297126,0,16,16,0,0,0,1,0,a4cfc02c9abcf8420b143eee7e10e39fa808a429fbe049f9f81f351d0762d1c6
1,cpu-simulation-model,SIMULATION MODEL OUTPUT — NOT A GPU MEASUREMENT.,"All values are deterministic CPU simulation/model outputs. They do not measure GPU kernels, CUDA graphs, accelerator memory, power, or production throughput.",full,validation,pareto-heavy-tail,pb12-08-pareto-heavy-tail-validation,pb12-08-pareto-heavy-tail-validation/seed-0014,14,one-round-fidelity-model,16,11,0.6875,3.5107010310821183,4.809018012846417,0,16,16,0,0,0,0,0,cd3d76669b9d2a30ab2f1c1160d7874fcd615e3b8d9793eb1fd6fe377909c20f
1,cpu-simulation-model,SIMULATION MODEL OUTPUT — NOT A GPU MEASUREMENT.,"All values are deterministic CPU simulation/model outputs. They do not measure GPU kernels, CUDA graphs, accelerator memory, power, or production throughput.",full,validation,pareto-heavy-tail,pb12-08-pareto-heavy-tail-validation,pb12-08-pareto-heavy-tail-validation/seed-0015,15,one-round-fidelity-model,16,8,0.5,3.771170722472566,5.200643647999367,0,16,16,0,0,0,0,0,eaeef48e8fa4e11b492737155833e428fc50f4389496759c38ffcc36a16b23a4
1,cpu-simulation-model,SIMULATION MODEL OUTPUT — NOT A GPU MEASUREMENT.,"All values are deterministic CPU simulation/model outputs. They do not measure GPU kernels, CUDA graphs, accelerator memory, power, or production throughput.",full,validation,pareto-heavy-tail,pb12-08-pareto-heavy-tail-validation,pb12-08-pareto-heavy-tail-validation/seed-0016,16,one-round-fidelity-model,16,10,0.625,3.3328489274504602,4.540151557812427,0,16,16,0,0,0,0,0,8fb8c4330810ae0ed6013fdf26d781d48d03e499309d13607bcab36f1e981a2d
1,cpu-simulation-model,SIMULATION MODEL OUTPUT — NOT A GPU MEASUREMENT.,"All values are deterministic CPU simulation/model outputs. They do not measure GPU kernels, CUDA graphs, accelerator memory, power, or production throughput.",full,validation,pareto-heavy-tail,pb12-08-pareto-heavy-tail-validation,pb12-08-pareto-heavy-tail-validation/seed-0017,17,one-round-fidelity-model,16,7,0.4375,3.127641179652301,4.849633154902035,0,16,16,0,0,0,0,0,a6f8dd91835c8e8baaf2ac0d6d38fa15473a7d14eaac2469cce0712d06d94105
1,cpu-simulation-model,SIMULATION MODEL OUTPUT — NOT A GPU MEASUREMENT.,"All values are deterministic CPU simulation/model outputs. They do not measure GPU kernels, CUDA graphs, accelerator memory, power, or production throughput.",full,validation,pareto-heavy-tail,pb12-08-pareto-heavy-tail-validation,pb12-08-pareto-heavy-tail-validation/seed-0018,18,one-round-fidelity-model,16,8,0.5,3.6785821398630727,4.966061121676565,0,16,16,0,0,0,0,0,99066c27bdc397451fba64f25d2cc4c70dd1c933b4c2870219d49a1e74f6a2a7
1,cpu-simulation-model,SIMULATION MODEL OUTPUT — NOT A GPU MEASUREMENT.,"All values are deterministic CPU simulation/model outputs. They do not measure GPU kernels, CUDA graphs, accelerator memory, power, or production throughput.",full,validation,pareto-heavy-tail,pb12-08-pareto-heavy-tail-validation,pb12-08-pareto-heavy-tail-validation/seed-0019,19,one-round-fidelity-model,16,11,0.6875,3.4525035626933667,4.76771076924857,0,16,16,0,0,0,0,0,fb559cef20b92557ea842a7f5a3c2daf14cb12fb9a17dc274386ae58df56aad2
1,cpu-simulation-model,SIMULATION MODEL OUTPUT — NOT A GPU MEASUREMENT.,"All values are deterministic CPU simulation/model outputs. They do not measure GPU kernels, CUDA graphs, accelerator memory, power, or production throughput.",full,validation,pareto-heavy-tail,pb12-08-pareto-heavy-tail-validation,pb12-08-pareto-heavy-tail-validation/seed-0020,20,one-round-fidelity-model,16,7,0.4375,2.731292222248007,3.9388690021166166,0,16,16,0,0,0,0,0,456625eb904f3ee8d4370c3db96076d528749ee6b6ba27190a6eaa1b8915eedc
1,cpu-simulation-model,SIMULATION MODEL OUTPUT — NOT A GPU MEASUREMENT.,"All values are deterministic CPU simulation/model outputs. They do not measure GPU kernels, CUDA graphs, accelerator memory, power, or production throughput.",full,validation,pareto-heavy-tail,pb12-08-pareto-heavy-tail-validation,pb12-08-pareto-heavy-tail-validation/seed-0021,21,one-round-fidelity-model,16,12,0.75,2.9775976031684923,4.286498333334881,0,16,16,0,0,0,0,0,f517c5dbd6b876a211c892e5a403221382f1a2a7752b1b103df7f23f293536cf
1,cpu-simulation-model,SIMULATION MODEL OUTPUT — NOT A GPU MEASUREMENT.,"All values are deterministic CPU simulation/model outputs. They do not measure GPU kernels, CUDA graphs, accelerator memory, power, or production throughput.",full,validation,pareto-heavy-tail,pb12-08-pareto-heavy-tail-validation,pb12-08-pareto-heavy-tail-validation/seed-0022,22,one-round-fidelity-model,16,10,0.625,3.1608933345746353,4.400795013958552,0,16,16,0,0,0,1,0,de024ebab20a76819649fd852eb7ab0dbe40495c2c933aa75fc74ee7c831333b
1,cpu-simulation-model,SIMULATION MODEL OUTPUT — NOT A GPU MEASUREMENT.,"All values are deterministic CPU simulation/model outputs. They do not measure GPU kernels, CUDA graphs, accelerator memory, power, or production throughput.",full,validation,pareto-heavy-tail,pb12-08-pareto-heavy-tail-validation,pb12-08-pareto-heavy-tail-validation/seed-0023,23,one-round-fidelity-model,16,8,0.5,3.159292709226014,4.50911163162495,0,16,16,0,0,0,0,0,bd65f027eda994687693d1d8fa5dfbe7aa7c111d1c9c9c61c873cecfa82d5472
1,cpu-simulation-model,SIMULATION MODEL OUTPUT — NOT A GPU MEASUREMENT.,"All values are deterministic CPU simulation/model outputs. They do not measure GPU kernels, CUDA graphs, accelerator memory, power, or production throughput.",full,validation,pareto-heavy-tail,pb12-08-pareto-heavy-tail-validation,pb12-08-pareto-heavy-tail-validation/seed-0024,24,one-round-fidelity-model,16,10,0.625,2.818312045415769,3.8874809610707626,0,16,16,0,0,0,0,0,e586d58fba873f7f97bed2949ef249b1e97a85fac7c9db2f3645bd74e60860b7
1,cpu-simulation-model,SIMULATION MODEL OUTPUT — NOT A GPU MEASUREMENT.,"All values are deterministic CPU simulation/model outputs. They do not measure GPU kernels, CUDA graphs, accelerator memory, power, or production throughput.",full,validation,pareto-heavy-tail,pb12-08-pareto-heavy-tail-validation,pb12-08-pareto-heavy-tail-validation/seed-0025,25,one-round-fidelity-model,16,11,0.6875,3.291832400940596,4.253493591317728,0,16,16,0,0,0,0,0,5deb4f78b4ecf2a84e80cfb577a7078a6dfd9048f6987ebcd1d7f6e167ec19a2
1,cpu-simulation-model,SIMULATION MODEL OUTPUT — NOT A GPU MEASUREMENT.,"All values are deterministic CPU simulation/model outputs. They do not measure GPU kernels, CUDA graphs, accelerator memory, power, or production throughput.",full,validation,pareto-heavy-tail,pb12-08-pareto-heavy-tail-validation,pb12-08-pareto-heavy-tail-validation/seed-0026,26,one-round-fidelity-model,16,11,0.6875,3.014706858662309,4.338569573085277,0,16,16,0,0,0,1,0,850a772f96a0fd22148c8e4951329f4c047a23445de6f386c27ea9d01351a055
1,cpu-simulation-model,SIMULATION MODEL OUTPUT — NOT A GPU MEASUREMENT.,"All values are deterministic CPU simulation/model outputs. They do not measure GPU kernels, CUDA graphs, accelerator memory, power, or production throughput.",full,validation,pareto-heavy-tail,pb12-08-pareto-heavy-tail-validation,pb12-08-pareto-heavy-tail-validation/seed-0027,27,one-round-fidelity-model,16,9,0.5625,3.2994736118607584,4.493860465942772,0,16,16,0,0,0,0,0,d30bc7adb77dfab98b770e4cb13a674014213c7913e5b2ddc8182aa4562f8408
1,cpu-simulation-model,SIMULATION MODEL OUTPUT — NOT A GPU MEASUREMENT.,"All values are deterministic CPU simulation/model outputs. They do not measure GPU kernels, CUDA graphs, accelerator memory, power, or production throughput.",full,validation,pareto-heavy-tail,pb12-08-pareto-heavy-tail-validation,pb12-08-pareto-heavy-tail-validation/seed-0028,28,one-round-fidelity-model,16,13,0.8125,2.5050202255192633,3.29832807971238,0,16,16,0,0,0,0,0,72c6556de6b8990acc633d4beaa322b1b771a3bd14ad9a5843a133b1315bfd37
1,cpu-simulation-model,SIMULATION MODEL OUTPUT — NOT A GPU MEASUREMENT.,"All values are deterministic CPU simulation/model outputs. They do not measure GPU kernels, CUDA graphs, accelerator memory, power, or production throughput.",full,validation,pareto-heavy-tail,pb12-08-pareto-heavy-tail-validation,pb12-08-pareto-heavy-tail-validation/seed-0029,29,one-round-fidelity-model,16,10,0.625,3.3418777892209364,4.450886034725058,0,16,16,0,0,0,0,0,d25085c522d850ae088382418d7329ecf21cf59ad31fa7d8c751592f136ac59a
1,cpu-simulation-model,SIMULATION MODEL OUTPUT — NOT A GPU MEASUREMENT.,"All values are deterministic CPU simulation/model outputs. They do not measure GPU kernels, CUDA graphs, accelerator memory, power, or production throughput.",full,train,heterogeneous,pb12-09-heterogeneous-train,pb12-09-heterogeneous-train/seed-0000,0,one-round-fidelity-model,16,10,0.625,2.6755882614564674,3.6396245501072912,40,16,16,0,0,1,1,0,c201bb77e9bb2050f6756043a41e3afb4dd10ddcbe15e804efbdaf779ef1ef1c
1,cpu-simulation-model,SIMULATION MODEL OUTPUT — NOT A GPU MEASUREMENT.,"All values are deterministic CPU simulation/model outputs. They do not measure GPU kernels, CUDA graphs, accelerator memory, power, or production throughput.",full,train,heterogeneous,pb12-09-heterogeneous-train,pb12-09-heterogeneous-train/seed-0001,1,one-round-fidelity-model,16,8,0.5,2.702785486457358,3.6532887492644277,40,16,16,0,0,0,1,0,9027a680e764f4d285c4233172a2f82506384ba697bc31819acca87a6508d0d8
1,cpu-simulation-model,SIMULATION MODEL OUTPUT — NOT A GPU MEASUREMENT.,"All values are deterministic CPU simulation/model outputs. They do not measure GPU kernels, CUDA graphs, accelerator memory, power, or production throughput.",full,train,heterogeneous,pb12-09-heterogeneous-train,pb12-09-heterogeneous-train/seed-0002,2,one-round-fidelity-model,16,12,0.75,3.1144932454415586,4.247833673014405,40,16,16,0,0,0,0,0,46b11d79548e2055b00e402be84fe3943549814d7caede54dcd3caf0a687677f
1,cpu-simulation-model,SIMULATION MODEL OUTPUT — NOT A GPU MEASUREMENT.,"All values are deterministic CPU simulation/model outputs. They do not measure GPU kernels, CUDA graphs, accelerator memory, power, or production throughput.",full,train,heterogeneous,pb12-09-heterogeneous-train,pb12-09-heterogeneous-train/seed-0003,3,one-round-fidelity-model,16,13,0.8125,3.3885292665006794,4.804234246953704,40,16,16,0,0,0,0,0,86c9871dbbe06e36dd179fac2be6cd693174e1d5bd426cec09a4ce34e52861e4
1,cpu-simulation-model,SIMULATION MODEL OUTPUT — NOT A GPU MEASUREMENT.,"All values are deterministic CPU simulation/model outputs. They do not measure GPU kernels, CUDA graphs, accelerator memory, power, or production throughput.",full,train,heterogeneous,pb12-09-heterogeneous-train,pb12-09-heterogeneous-train/seed-0004,4,one-round-fidelity-model,16,12,0.75,2.3862734263646286,3.012263639353817,40,16,16,0,0,0,0,0,19cecf80b1973e48ed0fff2a18484e6604b9c7d99e6e56048342783914c7884d
1,cpu-simulation-model,SIMULATION MODEL OUTPUT — NOT A GPU MEASUREMENT.,"All values are deterministic CPU simulation/model outputs. They do not measure GPU kernels, CUDA graphs, accelerator memory, power, or production throughput.",full,train,heterogeneous,pb12-09-heterogeneous-train,pb12-09-heterogeneous-train/seed-0005,5,one-round-fidelity-model,16,13,0.8125,2.13803817611544,2.688679273561943,37,16,16,1,1,0,0,0,8ecb869061907f6129e980af2413a7a4dd916558b15a676ebfe00416519b8009
1,cpu-simulation-model,SIMULATION MODEL OUTPUT — NOT A GPU MEASUREMENT.,"All values are deterministic CPU simulation/model outputs. They do not measure GPU kernels, CUDA graphs, accelerator memory, power, or production throughput.",full,train,heterogeneous,pb12-09-heterogeneous-train,pb12-09-heterogeneous-train/seed-0006,6,one-round-fidelity-model,16,8,0.5,2.275092586098599,2.8974650915045235,40,16,16,0,0,0,2,0,60cc62234fd9e3ca7273722953468be4d3ac9511cbfe2dffb1e1a47b6f53306e
1,cpu-simulation-model,SIMULATION MODEL OUTPUT — NOT A GPU MEASUREMENT.,"All values are deterministic CPU simulation/model outputs. They do not measure GPU kernels, CUDA graphs, accelerator memory, power, or production throughput.",full,train,heterogeneous,pb12-09-heterogeneous-train,pb12-09-heterogeneous-train/seed-0007,7,one-round-fidelity-model,16,11,0.6875,4.044266777412092,5.977123499391204,40,16,16,0,0,0,0,0,80a57ec3b0edd3050fd46b131ad83ffb0724736f973f12857633a4003e9a0cb1
1,cpu-simulation-model,SIMULATION MODEL OUTPUT — NOT A GPU MEASUREMENT.,"All values are deterministic CPU simulation/model outputs. They do not measure GPU kernels, CUDA graphs, accelerator memory, power, or production throughput.",full,train,heterogeneous,pb12-09-heterogeneous-train,pb12-09-heterogeneous-train/seed-0008,8,one-round-fidelity-model,16,11,0.6875,2.948203433000271,4.475005257864138,40,16,16,0,0,0,0,0,6c2d755497d9dfab4cda5a0ec97d583cf999dc0cd10a6ec7283882a1e4a24c0a
1,cpu-simulation-model,SIMULATION MODEL OUTPUT — NOT A GPU MEASUREMENT.,"All values are deterministic CPU simulation/model outputs. They do not measure GPU kernels, CUDA graphs, accelerator memory, power, or production throughput.",full,train,heterogeneous,pb12-09-heterogeneous-train,pb12-09-heterogeneous-train/seed-0009,9,one-round-fidelity-model,16,10,0.625,2.5861025196568055,3.478191636759216,40,16,16,0,0,0,0,0,d45ef2eab4c620ae04617b8e7bb2b3d653b784a7ce5d3d937b01d75368dfaf8b
1,cpu-simulation-model,SIMULATION MODEL OUTPUT — NOT A GPU MEASUREMENT.,"All values are deterministic CPU simulation/model outputs. They do not measure GPU kernels, CUDA graphs, accelerator memory, power, or production throughput.",full,train,heterogeneous,pb12-09-heterogeneous-train,pb12-09-heterogeneous-train/seed-0010,10,one-round-fidelity-model,16,9,0.5625,2.9644426808207625,3.8849226210721968,40,16,16,0,1,0,0,0,96e02dd3fd5bb6a475381e2a9fb4d13ffe4c42729621bc938c56b16130a577dd
1,cpu-simulation-model,SIMULATION MODEL OUTPUT — NOT A GPU MEASUREMENT.,"All values are deterministic CPU simulation/model outputs. They do not measure GPU kernels, CUDA graphs, accelerator memory, power, or production throughput.",full,train,heterogeneous,pb12-09-heterogeneous-train,pb12-09-heterogeneous-train/seed-0011,11,one-round-fidelity-model,16,9,0.5625,3.606892143747868,4.975333495025209,40,16,16,0,0,0,0,0,121b9ff038d2ccc548b581cae2c843c6cb0dddcdad47b123a75df31cfef7f259
1,cpu-simulation-model,SIMULATION MODEL OUTPUT — NOT A GPU MEASUREMENT.,"All values are deterministic CPU simulation/model outputs. They do not measure GPU kernels, CUDA graphs, accelerator memory, power, or production throughput.",full,train,heterogeneous,pb12-09-heterogeneous-train,pb12-09-heterogeneous-train/seed-0012,12,one-round-fidelity-model,16,6,0.375,2.6725150065187018,3.927899504222801,40,16,16,0,0,0,4,0,7dc962a56b9ca023c45bab67b72912228b622c374fae520de69f8a7baaa738ad
1,cpu-simulation-model,SIMULATION MODEL OUTPUT — NOT A GPU MEASUREMENT.,"All values are deterministic CPU simulation/model outputs. They do not measure GPU kernels, CUDA graphs, accelerator memory, power, or production throughput.",full,train,heterogeneous,pb12-09-heterogeneous-train,pb12-09-heterogeneous-train/seed-0013,13,one-round-fidelity-model,16,10,0.625,2.7056876198939115,4.046225646687433,40,16,16,0,0,0,0,0,edc8b1cc4dc4cba414b4390a29211fc4a60819471381cf7ab4e8be486794c8f5
1,cpu-simulation-model,SIMULATION MODEL OUTPUT — NOT A GPU MEASUREMENT.,"All values are deterministic CPU simulation/model outputs. They do not measure GPU kernels, CUDA graphs, accelerator memory, power, or production throughput.",full,train,heterogeneous,pb12-09-heterogeneous-train,pb12-09-heterogeneous-train/seed-0014,14,one-round-fidelity-model,16,13,0.8125,2.222361299123393,3.049180865629468,40,16,16,0,2,0,0,0,5f7cd427ea2eb87d44bab88178f3c46a2761dd0e73b0ee044fd49c4cdedea699
1,cpu-simulation-model,SIMULATION MODEL OUTPUT — NOT A GPU MEASUREMENT.,"All values are deterministic CPU simulation/model outputs. They do not measure GPU kernels, CUDA graphs, accelerator memory, power, or production throughput.",full,train,heterogeneous,pb12-09-heterogeneous-train,pb12-09-heterogeneous-train/seed-0015,15,one-round-fidelity-model,16,12,0.75,2.317585998902982,3.245485950131047,40,16,16,0,0,0,0,0,a37f3b51fd1a3b950ecbca5481b4c27cd6fb8096c43f18c8c5801182e85e0370
1,cpu-simulation-model,SIMULATION MODEL OUTPUT — NOT A GPU MEASUREMENT.,"All values are deterministic CPU simulation/model outputs. They do not measure GPU kernels, CUDA graphs, accelerator memory, power, or production throughput.",full,train,heterogeneous,pb12-09-heterogeneous-train,pb12-09-heterogeneous-train/seed-0016,16,one-round-fidelity-model,16,10,0.625,2.391234630121207,3.4650047026292405,40,16,16,0,0,0,0,0,9abfb1f6091918b52874a7ad35fa838d71fe5e34a637b4795fe67a1c9c32365c
1,cpu-simulation-model,SIMULATION MODEL OUTPUT — NOT A GPU MEASUREMENT.,"All values are deterministic CPU simulation/model outputs. They do not measure GPU kernels, CUDA graphs, accelerator memory, power, or production throughput.",full,train,heterogeneous,pb12-09-heterogeneous-train,pb12-09-heterogeneous-train/seed-0017,17,one-round-fidelity-model,16,12,0.75,2.273311841801944,3.4282711293100423,37,16,16,1,1,0,0,0,206f6fc5e8fd38e48d7df3231494aedaf723cc2f62049a64a07bfce6b0c976c2
1,cpu-simulation-model,SIMULATION MODEL OUTPUT — NOT A GPU MEASUREMENT.,"All values are deterministic CPU simulation/model outputs. They do not measure GPU kernels, CUDA graphs, accelerator memory, power, or production throughput.",full,train,heterogeneous,pb12-09-heterogeneous-train,pb12-09-heterogeneous-train/seed-0018,18,one-round-fidelity-model,16,7,0.4375,2.840862242922071,3.800323731737775,40,16,16,0,0,0,3,0,5848c5878eab7478595599e9ce7b5c6eacb25ce1c726c20fc0eaed189409c8ae
1,cpu-simulation-model,SIMULATION MODEL OUTPUT — NOT A GPU MEASUREMENT.,"All values are deterministic CPU simulation/model outputs. They do not measure GPU kernels, CUDA graphs, accelerator memory, power, or production throughput.",full,train,heterogeneous,pb12-09-heterogeneous-train,pb12-09-heterogeneous-train/seed-0019,19,one-round-fidelity-model,16,9,0.5625,2.445487748187902,3.146081746957531,40,16,16,0,0,1,1,0,7e4d31b8854124e5551d1f7548a18044a12fcb8fb24417d52165b533f4c46ff8
1,cpu-simulation-model,SIMULATION MODEL OUTPUT — NOT A GPU MEASUREMENT.,"All values are deterministic CPU simulation/model outputs. They do not measure GPU kernels, CUDA graphs, accelerator memory, power, or production throughput.",full,train,heterogeneous,pb12-09-heterogeneous-train,pb12-09-heterogeneous-train/seed-0020,20,one-round-fidelity-model,16,9,0.5625,3.136187002107315,4.388631420659367,40,16,16,0,0,0,1,0,398ab66923ed29b53dd3e150ccd744813b8b3a2cb7f3c302cd7013585c105f67
1,cpu-simulation-model,SIMULATION MODEL OUTPUT — NOT A GPU MEASUREMENT.,"All values are deterministic CPU simulation/model outputs. They do not measure GPU kernels, CUDA graphs, accelerator memory, power, or production throughput.",full,train,heterogeneous,pb12-09-heterogeneous-train,pb12-09-heterogeneous-train/seed-0021,21,one-round-fidelity-model,16,7,0.4375,3.6761051711617236,5.112380429127092,40,16,16,0,0,0,1,0,a1aa2ceb3e9d8bdb56878dcc3eba64c1d3c5f5d56da2faf4b6aa30d1849ef72c
1,cpu-simulation-model,SIMULATION MODEL OUTPUT — NOT A GPU MEASUREMENT.,"All values are deterministic CPU simulation/model outputs. They do not measure GPU kernels, CUDA graphs, accelerator memory, power, or production throughput.",full,train,heterogeneous,pb12-09-heterogeneous-train,pb12-09-heterogeneous-train/seed-0022,22,one-round-fidelity-model,16,11,0.6875,2.919336219711026,3.7474557145448126,40,16,16,0,0,0,0,0,d82cb8a36ab8393af91a670d937dddf49064faf393fab865531fc54958901147
1,cpu-simulation-model,SIMULATION MODEL OUTPUT — NOT A GPU MEASUREMENT.,"All values are deterministic CPU simulation/model outputs. They do not measure GPU kernels, CUDA graphs, accelerator memory, power, or production throughput.",full,train,heterogeneous,pb12-09-heterogeneous-train,pb12-09-heterogeneous-train/seed-0023,23,one-round-fidelity-model,16,11,0.6875,2.773229258799119,3.9310350746653686,40,16,16,0,0,0,0,0,2994372b7bcb29910cfea6cb50c84dd7d0e7489aad5be1c2013f821933c0d788
1,cpu-simulation-model,SIMULATION MODEL OUTPUT — NOT A GPU MEASUREMENT.,"All values are deterministic CPU simulation/model outputs. They do not measure GPU kernels, CUDA graphs, accelerator memory, power, or production throughput.",full,train,heterogeneous,pb12-09-heterogeneous-train,pb12-09-heterogeneous-train/seed-0024,24,one-round-fidelity-model,16,10,0.625,3.204758622574189,4.570112446122465,40,16,16,0,0,0,0,0,754c186c1ce4f6f0816ef68e44035d567ec8ea0b7dffa50169d32b50fb616819
1,cpu-simulation-model,SIMULATION MODEL OUTPUT — NOT A GPU MEASUREMENT.,"All values are deterministic CPU simulation/model outputs. They do not measure GPU kernels, CUDA graphs, accelerator memory, power, or production throughput.",full,train,heterogeneous,pb12-09-heterogeneous-train,pb12-09-heterogeneous-train/seed-0025,25,one-round-fidelity-model,16,10,0.625,2.710584507055828,3.843307578889218,37,16,16,0,1,0,0,1,c21906218c3e2f22c61bca0159d02406c7ae710eb26467c5472095f609266678
1,cpu-simulation-model,SIMULATION MODEL OUTPUT — NOT A GPU MEASUREMENT.,"All values are deterministic CPU simulation/model outputs. They do not measure GPU kernels, CUDA graphs, accelerator memory, power, or production throughput.",full,train,heterogeneous,pb12-09-heterogeneous-train,pb12-09-heterogeneous-train/seed-0026,26,one-round-fidelity-model,16,11,0.6875,2.3493103515934286,2.9156136234026877,40,16,16,0,1,0,0,0,8ab6cd5256ef525e0ea6338b63548309b20ac864622b5ce9d2b1654352697d17
1,cpu-simulation-model,SIMULATION MODEL OUTPUT — NOT A GPU MEASUREMENT.,"All values are deterministic CPU simulation/model outputs. They do not measure GPU kernels, CUDA graphs, accelerator memory, power, or production throughput.",full,train,heterogeneous,pb12-09-heterogeneous-train,pb12-09-heterogeneous-train/seed-0027,27,one-round-fidelity-model,16,11,0.6875,2.4728016554088037,3.130023690201214,40,16,16,0,0,0,1,0,d59c183edb480f547c187caa5a70bfb372cab3d2fa81f88e55688efb24fac89d
1,cpu-simulation-model,SIMULATION MODEL OUTPUT — NOT A GPU MEASUREMENT.,"All values are deterministic CPU simulation/model outputs. They do not measure GPU kernels, CUDA graphs, accelerator memory, power, or production throughput.",full,train,heterogeneous,pb12-09-heterogeneous-train,pb12-09-heterogeneous-train/seed-0028,28,one-round-fidelity-model,16,10,0.625,2.7127525076072674,4.016187151163797,40,16,16,0,0,1,1,0,b3ba59efbc100223d98507eeff83556b0ab6564e1f3f572452f56441140c5ae9
1,cpu-simulation-model,SIMULATION MODEL OUTPUT — NOT A GPU MEASUREMENT.,"All values are deterministic CPU simulation/model outputs. They do not measure GPU kernels, CUDA graphs, accelerator memory, power, or production throughput.",full,train,heterogeneous,pb12-09-heterogeneous-train,pb12-09-heterogeneous-train/seed-0029,29,one-round-fidelity-model,16,14,0.875,2.2570614571923278,2.9835745507487683,40,16,16,0,0,0,0,0,470235264f1a74f2338e0d8e077460bb5fd9505197b73392160b11f774a8be27
1,cpu-simulation-model,SIMULATION MODEL OUTPUT — NOT A GPU MEASUREMENT.,"All values are deterministic CPU simulation/model outputs. They do not measure GPU kernels, CUDA graphs, accelerator memory, power, or production throughput.",full,validation,heterogeneous,pb12-10-heterogeneous-validation,pb12-10-heterogeneous-validation/seed-0000,0,one-round-fidelity-model,16,16,1.0,2.3760548842428233,2.9157385776824913,0,96,96,0,0,0,0,0,6a6234ebc03bd15ac604f2f6069d3c2132886dd6fd8d1bcf2f8d8f6fe256a966
1,cpu-simulation-model,SIMULATION MODEL OUTPUT — NOT A GPU MEASUREMENT.,"All values are deterministic CPU simulation/model outputs. They do not measure GPU kernels, CUDA graphs, accelerator memory, power, or production throughput.",full,validation,heterogeneous,pb12-10-heterogeneous-validation,pb12-10-heterogeneous-validation/seed-0001,1,one-round-fidelity-model,16,16,1.0,1.648544781828407,2.114809363313231,0,96,96,0,0,0,0,0,316d62279ef4a0c4471f5a42aace4852c0ded624d4e923cf47dfed2ad10a0ee3
1,cpu-simulation-model,SIMULATION MODEL OUTPUT — NOT A GPU MEASUREMENT.,"All values are deterministic CPU simulation/model outputs. They do not measure GPU kernels, CUDA graphs, accelerator memory, power, or production throughput.",full,validation,heterogeneous,pb12-10-heterogeneous-validation,pb12-10-heterogeneous-validation/seed-0002,2,one-round-fidelity-model,16,16,1.0,2.132724736977164,3.1989877899000323,0,96,96,0,0,0,0,0,793b770a0c54870e32b472ab87e28d6bfc44f9e9b7b864b91f46d3d059c11b8a
1,cpu-simulation-model,SIMULATION MODEL OUTPUT — NOT A GPU MEASUREMENT.,"All values are deterministic CPU simulation/model outputs. They do not measure GPU kernels, CUDA graphs, accelerator memory, power, or production throughput.",full,validation,heterogeneous,pb12-10-heterogeneous-validation,pb12-10-heterogeneous-validation/seed-0003,3,one-round-fidelity-model,16,16,1.0,1.8389681955254986,2.538023049115944,0,96,96,0,0,0,0,0,cc78f68e194511ac797ccd3da325354d07afd1a9b1fc54972743498acb961727
1,cpu-simulation-model,SIMULATION MODEL OUTPUT — NOT A GPU MEASUREMENT.,"All values are deterministic CPU simulation/model outputs. They do not measure GPU kernels, CUDA graphs, accelerator memory, power, or production throughput.",full,validation,heterogeneous,pb12-10-heterogeneous-validation,pb12-10-heterogeneous-validation/seed-0004,4,one-round-fidelity-model,16,16,1.0,2.4259820524289357,3.5266656177989453,0,96,96,0,0,0,0,0,1d7f7dcae5fedd8aee170e7845a6cef73b0e28cecba8292f07ec831f625fbc8c
1,cpu-simulation-model,SIMULATION MODEL OUTPUT — NOT A GPU MEASUREMENT.,"All values are deterministic CPU simulation/model outputs. They do not measure GPU kernels, CUDA graphs, accelerator memory, power, or production throughput.",full,validation,heterogeneous,pb12-10-heterogeneous-validation,pb12-10-heterogeneous-validation/seed-0005,5,one-round-fidelity-model,16,16,1.0,2.570921635638137,3.757042166344854,0,96,96,0,0,0,0,0,6d17d6acdcdb504e3db2f911434b18a2ee10ea81295809ec3ff29bd55b13d0d6
1,cpu-simulation-model,SIMULATION MODEL OUTPUT — NOT A GPU MEASUREMENT.,"All values are deterministic CPU simulation/model outputs. They do not measure GPU kernels, CUDA graphs, accelerator memory, power, or production throughput.",full,validation,heterogeneous,pb12-10-heterogeneous-validation,pb12-10-heterogeneous-validation/seed-0006,6,one-round-fidelity-model,16,16,1.0,2.4665724128652347,4.00275617221019,0,96,96,0,0,0,0,0,e80bfa37004f4ee4839b1a2e748654e8c6d6b8ac90068750394bd20fcbd5eeb7
1,cpu-simulation-model,SIMULATION MODEL OUTPUT — NOT A GPU MEASUREMENT.,"All values are deterministic CPU simulation/model outputs. They do not measure GPU kernels, CUDA graphs, accelerator memory, power, or production throughput.",full,validation,heterogeneous,pb12-10-heterogeneous-validation,pb12-10-heterogeneous-validation/seed-0007,7,one-round-fidelity-model,16,16,1.0,1.694233914853933,2.4476279194850257,0,96,96,0,0,0,0,0,b070cf83f332a1648407fdd7b2f70b947372c2411575c49959a90d2bd91f783f
1,cpu-simulation-model,SIMULATION MODEL OUTPUT — NOT A GPU MEASUREMENT.,"All values are deterministic CPU simulation/model outputs. They do not measure GPU kernels, CUDA graphs, accelerator memory, power, or production throughput.",full,validation,heterogeneous,pb12-10-heterogeneous-validation,pb12-10-heterogeneous-validation/seed-0008,8,one-round-fidelity-model,16,16,1.0,1.879800610452314,2.6572810006899914,0,96,96,0,0,0,0,0,f40010ea0c6d4b2310a4d86697db0da13827b1fb5d22b540eb30c8b4972114a1
1,cpu-simulation-model,SIMULATION MODEL OUTPUT — NOT A GPU MEASUREMENT.,"All values are deterministic CPU simulation/model outputs. They do not measure GPU kernels, CUDA graphs, accelerator memory, power, or production throughput.",full,validation,heterogeneous,pb12-10-heterogeneous-validation,pb12-10-heterogeneous-validation/seed-0009,9,one-round-fidelity-model,16,16,1.0,1.6122359811628122,1.8674802509809212,0,96,96,0,0,0,0,0,e02074e62fc7ae66813438edf78180ef128c57abf87b2a1f97bac808127e6518
1,cpu-simulation-model,SIMULATION MODEL OUTPUT — NOT A GPU MEASUREMENT.,"All values are deterministic CPU simulation/model outputs. They do not measure GPU kernels, CUDA graphs, accelerator memory, power, or production throughput.",full,validation,heterogeneous,pb12-10-heterogeneous-validation,pb12-10-heterogeneous-validation/seed-0010,10,one-round-fidelity-model,16,16,1.0,1.6767090295575424,2.1452803177313617,0,96,96,0,0,0,0,0,05adf824e6fd572011781464d593eb940e6b22d67ddf15384d1b9cead92d02bf
1,cpu-simulation-model,SIMULATION MODEL OUTPUT — NOT A GPU MEASUREMENT.,"All values are deterministic CPU simulation/model outputs. They do not measure GPU kernels, CUDA graphs, accelerator memory, power, or production throughput.",full,validation,heterogeneous,pb12-10-heterogeneous-validation,pb12-10-heterogeneous-validation/seed-0011,11,one-round-fidelity-model,16,16,1.0,1.9189182300965015,2.645242995812872,0,96,96,0,0,0,0,0,69fec464ade25fe279fe4ee5f688f1fafad1ea3f3b0331eed8ef2184382d798b
1,cpu-simulation-model,SIMULATION MODEL OUTPUT — NOT A GPU MEASUREMENT.,"All values are deterministic CPU simulation/model outputs. They do not measure GPU kernels, CUDA graphs, accelerator memory, power, or production throughput.",full,validation,heterogeneous,pb12-10-heterogeneous-validation,pb12-10-heterogeneous-validation/seed-0012,12,one-round-fidelity-model,16,16,1.0,1.9853154653939702,2.972037907811453,0,96,96,0,0,0,0,0,9b9fc16034ed3593f55be0a1010a1248c872c5716512322a3eee79fd02a8db42
1,cpu-simulation-model,SIMULATION MODEL OUTPUT — NOT A GPU MEASUREMENT.,"All values are deterministic CPU simulation/model outputs. They do not measure GPU kernels, CUDA graphs, accelerator memory, power, or production throughput.",full,validation,heterogeneous,pb12-10-heterogeneous-validation,pb12-10-heterogeneous-validation/seed-0013,13,one-round-fidelity-model,16,16,1.0,2.3588329175420566,3.3973184750107857,0,96,96,0,0,0,0,0,8787cde04f4bd0d9e97953ee62c7123b209664a2761848c67ff76e2c70a3d955
1,cpu-simulation-model,SIMULATION MODEL OUTPUT — NOT A GPU MEASUREMENT.,"All values are deterministic CPU simulation/model outputs. They do not measure GPU kernels, CUDA graphs, accelerator memory, power, or production throughput.",full,validation,heterogeneous,pb12-10-heterogeneous-validation,pb12-10-heterogeneous-validation/seed-0014,14,one-round-fidelity-model,16,16,1.0,2.225759432189573,3.610066860035121,0,96,96,0,0,0,0,0,6501f95f06c8641927687370a0fd8b073dca0d78abef8d875c95a2620a2db0f1
1,cpu-simulation-model,SIMULATION MODEL OUTPUT — NOT A GPU MEASUREMENT.,"All values are deterministic CPU simulation/model outputs. They do not measure GPU kernels, CUDA graphs, accelerator memory, power, or production throughput.",full,validation,heterogeneous,pb12-10-heterogeneous-validation,pb12-10-heterogeneous-validation/seed-0015,15,one-round-fidelity-model,16,16,1.0,2.160907857535617,3.1113805532929923,0,96,96,0,0,0,0,0,1885c9e2724c5dbca271aa6f5b5a8d1a43da61ccd5e1d371ca8c70afbea8799f
1,cpu-simulation-model,SIMULATION MODEL OUTPUT — NOT A GPU MEASUREMENT.,"All values are deterministic CPU simulation/model outputs. They do not measure GPU kernels, CUDA graphs, accelerator memory, power, or production throughput.",full,validation,heterogeneous,pb12-10-heterogeneous-validation,pb12-10-heterogeneous-validation/seed-0016,16,one-round-fidelity-model,16,16,1.0,2.450103067935442,4.154901091715973,0,96,96,0,0,0,0,0,e7904c6f77587d9f1cc85fb981b8a0ac42ad763834b547b3bbf42e66e28553ea
1,cpu-simulation-model,SIMULATION MODEL OUTPUT — NOT A GPU MEASUREMENT.,"All values are deterministic CPU simulation/model outputs. They do not measure GPU kernels, CUDA graphs, accelerator memory, power, or production throughput.",full,validation,heterogeneous,pb12-10-heterogeneous-validation,pb12-10-heterogeneous-validation/seed-0017,17,one-round-fidelity-model,16,16,1.0,2.0634432017696924,2.8235255234159036,0,96,96,0,0,0,0,0,2d0395270d305992558ccf0b24c0e897448c5912c1874888ea6dfabb699fe5ad
1,cpu-simulation-model,SIMULATION MODEL OUTPUT — NOT A GPU MEASUREMENT.,"All values are deterministic CPU simulation/model outputs. They do not measure GPU kernels, CUDA graphs, accelerator memory, power, or production throughput.",full,validation,heterogeneous,pb12-10-heterogeneous-validation,pb12-10-heterogeneous-validation/seed-0018,18,one-round-fidelity-model,16,16,1.0,2.295452843321705,3.252458297575143,0,96,96,0,0,0,0,0,14c1925c916181975ce510e0f10134836bbb1c86954a5af750ae044747b2d65e
1,cpu-simulation-model,SIMULATION MODEL OUTPUT — NOT A GPU MEASUREMENT.,"All values are deterministic CPU simulation/model outputs. They do not measure GPU kernels, CUDA graphs, accelerator memory, power, or production throughput.",full,validation,heterogeneous,pb12-10-heterogeneous-validation,pb12-10-heterogeneous-validation/seed-0019,19,one-round-fidelity-model,16,16,1.0,2.392235106299726,3.864650241169438,0,96,96,0,0,0,0,0,3472617946096b867227b609f3fa19f207109671a6e7bd796cd0b96564d047d4
1,cpu-simulation-model,SIMULATION MODEL OUTPUT — NOT A GPU MEASUREMENT.,"All values are deterministic CPU simulation/model outputs. They do not measure GPU kernels, CUDA graphs, accelerator memory, power, or production throughput.",full,validation,heterogeneous,pb12-10-heterogeneous-validation,pb12-10-heterogeneous-validation/seed-0020,20,one-round-fidelity-model,16,16,1.0,1.8118169551764585,2.5327738708207086,0,96,96,0,0,0,0,0,d15ec348148adad60ece9a35bc2b41378d5f6d0ba15cd43b57959f9db9de8b0f
1,cpu-simulation-model,SIMULATION MODEL OUTPUT — NOT A GPU MEASUREMENT.,"All values are deterministic CPU simulation/model outputs. They do not measure GPU kernels, CUDA graphs, accelerator memory, power, or production throughput.",full,validation,heterogeneous,pb12-10-heterogeneous-validation,pb12-10-heterogeneous-validation/seed-0021,21,one-round-fidelity-model,16,16,1.0,2.0001785084739776,3.271512516129896,0,96,96,0,0,0,0,0,8f7b17311127659d387eaeca80b49fbbae4f47cce651f1ee744991cc5a2ae169
1,cpu-simulation-model,SIMULATION MODEL OUTPUT — NOT A GPU MEASUREMENT.,"All values are deterministic CPU simulation/model outputs. They do not measure GPU kernels, CUDA graphs, accelerator memory, power, or production throughput.",full,validation,heterogeneous,pb12-10-heterogeneous-validation,pb12-10-heterogeneous-validation/seed-0022,22,one-round-fidelity-model,16,16,1.0,1.89627991601912,2.503243938184519,0,96,96,0,0,0,0,0,dd3c8e72e614670edc24796504728fd954ffb85b9d4e7e4398c264fe8108d349
1,cpu-simulation-model,SIMULATION MODEL OUTPUT — NOT A GPU MEASUREMENT.,"All values are deterministic CPU simulation/model outputs. They do not measure GPU kernels, CUDA graphs, accelerator memory, power, or production throughput.",full,validation,heterogeneous,pb12-10-heterogeneous-validation,pb12-10-heterogeneous-validation/seed-0023,23,one-round-fidelity-model,16,16,1.0,2.3138510146713607,3.660389664514728,0,96,96,0,0,0,0,0,f1063e7c4b0bd1c3ef13d13807ad27d0a87e6bbff43728063a0c6a022a368bea
1,cpu-simulation-model,SIMULATION MODEL OUTPUT — NOT A GPU MEASUREMENT.,"All values are deterministic CPU simulation/model outputs. They do not measure GPU kernels, CUDA graphs, accelerator memory, power, or production throughput.",full,validation,heterogeneous,pb12-10-heterogeneous-validation,pb12-10-heterogeneous-validation/seed-0024,24,one-round-fidelity-model,16,16,1.0,2.458549782245798,3.840732831092722,0,96,96,0,0,0,0,0,69e9118df1b1f5856b8a5a68c36f3134e078ee3baa70d94f22312b821886367c
1,cpu-simulation-model,SIMULATION MODEL OUTPUT — NOT A GPU MEASUREMENT.,"All values are deterministic CPU simulation/model outputs. They do not measure GPU kernels, CUDA graphs, accelerator memory, power, or production throughput.",full,validation,heterogeneous,pb12-10-heterogeneous-validation,pb12-10-heterogeneous-validation/seed-0025,25,one-round-fidelity-model,16,16,1.0,2.280137453475873,3.6466488794488265,0,96,96,0,0,0,0,0,8f5e06bdd13159f6e5c057643a40ab80a6321b1c952f99019ec00d06ad698721
1,cpu-simulation-model,SIMULATION MODEL OUTPUT — NOT A GPU MEASUREMENT.,"All values are deterministic CPU simulation/model outputs. They do not measure GPU kernels, CUDA graphs, accelerator memory, power, or production throughput.",full,validation,heterogeneous,pb12-10-heterogeneous-validation,pb12-10-heterogeneous-validation/seed-0026,26,one-round-fidelity-model,16,16,1.0,2.1453581184945785,3.089071010734551,0,96,96,0,0,0,0,0,1a40ac4c15420120b07e9e25442a4a63a53af0b804a81c2032a200556710fce5
1,cpu-simulation-model,SIMULATION MODEL OUTPUT — NOT A GPU MEASUREMENT.,"All values are deterministic CPU simulation/model outputs. They do not measure GPU kernels, CUDA graphs, accelerator memory, power, or production throughput.",full,validation,heterogeneous,pb12-10-heterogeneous-validation,pb12-10-heterogeneous-validation/seed-0027,27,one-round-fidelity-model,16,16,1.0,2.028574104153441,3.0205387279718217,0,96,96,0,0,0,0,0,1a8b772723241b52197be84e9421f0475b0f026cece75b9b947cd1fa7c3152c2
1,cpu-simulation-model,SIMULATION MODEL OUTPUT — NOT A GPU MEASUREMENT.,"All values are deterministic CPU simulation/model outputs. They do not measure GPU kernels, CUDA graphs, accelerator memory, power, or production throughput.",full,validation,heterogeneous,pb12-10-heterogeneous-validation,pb12-10-heterogeneous-validation/seed-0028,28,one-round-fidelity-model,16,16,1.0,1.9078664161804788,3.0927318454122226,0,96,96,0,0,0,0,0,55fe557ead49f53fbb9aa9e6739c551bd71ab6c1c5e4109e8f20f4c7e980b2fb
1,cpu-simulation-model,SIMULATION MODEL OUTPUT — NOT A GPU MEASUREMENT.,"All values are deterministic CPU simulation/model outputs. They do not measure GPU kernels, CUDA graphs, accelerator memory, power, or production throughput.",full,validation,heterogeneous,pb12-10-heterogeneous-validation,pb12-10-heterogeneous-validation/seed-0029,29,one-round-fidelity-model,16,16,1.0,1.8356893403565444,2.6617562913955375,0,96,96,0,0,0,0,0,02ad0c7789d29787821d4470678cd7678fdb604e1caf1737c6d96ba24c8be1c8
1,cpu-simulation-model,SIMULATION MODEL OUTPUT — NOT A GPU MEASUREMENT.,"All values are deterministic CPU simulation/model outputs. They do not measure GPU kernels, CUDA graphs, accelerator memory, power, or production throughput.",full,train,trace-replay,pb12-11-trace-replay-train,pb12-11-trace-replay-train/seed-0000,0,one-round-fidelity-model,2,2,1.0,1.81636,2.002012,0,4,4,0,0,0,0,0,bb582131d8015594ba53646a27eec176ddeb914dee464a7b316da63a9c9e8ea3
1,cpu-simulation-model,SIMULATION MODEL OUTPUT — NOT A GPU MEASUREMENT.,"All values are deterministic CPU simulation/model outputs. They do not measure GPU kernels, CUDA graphs, accelerator memory, power, or production throughput.",full,train,trace-replay,pb12-11-trace-replay-train,pb12-11-trace-replay-train/seed-0001,1,one-round-fidelity-model,2,2,1.0,1.81636,2.002012,0,4,4,0,0,0,0,0,7dab60177cb288c0e337bab29a0f7164e92c1b06fd03c54142a0dbc032570e11
1,cpu-simulation-model,SIMULATION MODEL OUTPUT — NOT A GPU MEASUREMENT.,"All values are deterministic CPU simulation/model outputs. They do not measure GPU kernels, CUDA graphs, accelerator memory, power, or production throughput.",full,train,trace-replay,pb12-11-trace-replay-train,pb12-11-trace-replay-train/seed-0002,2,one-round-fidelity-model,2,2,1.0,1.81636,2.002012,0,4,4,0,0,0,0,0,ee4d799d681d7ab4a8360c10dcc32197a3320b0529b27b112a468058d73d78c7
1,cpu-simulation-model,SIMULATION MODEL OUTPUT — NOT A GPU MEASUREMENT.,"All values are deterministic CPU simulation/model outputs. They do not measure GPU kernels, CUDA graphs, accelerator memory, power, or production throughput.",full,train,trace-replay,pb12-11-trace-replay-train,pb12-11-trace-replay-train/seed-0003,3,one-round-fidelity-model,2,1,0.5,1.81636,2.002012,0,4,4,0,0,0,0,0,13de3982be3a7be4567a11b2be7ce180d58aaf1858c68f5549669885b233d7f2
1,cpu-simulation-model,SIMULATION MODEL OUTPUT — NOT A GPU MEASUREMENT.,"All values are deterministic CPU simulation/model outputs. They do not measure GPU kernels, CUDA graphs, accelerator memory, power, or production throughput.",full,train,trace-replay,pb12-11-trace-replay-train,pb12-11-trace-replay-train/seed-0004,4,one-round-fidelity-model,2,1,0.5,1.81636,2.002012,0,4,4,0,0,0,0,0,a9015fb9193ca4cc62730ea1ab5e52be9e7a96d579abc797e9752316fa7af08f
1,cpu-simulation-model,SIMULATION MODEL OUTPUT — NOT A GPU MEASUREMENT.,"All values are deterministic CPU simulation/model outputs. They do not measure GPU kernels, CUDA graphs, accelerator memory, power, or production throughput.",full,train,trace-replay,pb12-11-trace-replay-train,pb12-11-trace-replay-train/seed-0005,5,one-round-fidelity-model,2,2,1.0,1.81636,2.002012,0,4,4,0,0,0,0,0,0222cd1bc4fa9e3b83fb3fecc78b22afa5808498c0bc946b299424b1762f787e
1,cpu-simulation-model,SIMULATION MODEL OUTPUT — NOT A GPU MEASUREMENT.,"All values are deterministic CPU simulation/model outputs. They do not measure GPU kernels, CUDA graphs, accelerator memory, power, or production throughput.",full,train,trace-replay,pb12-11-trace-replay-train,pb12-11-trace-replay-train/seed-0006,6,one-round-fidelity-model,2,2,1.0,1.81636,2.002012,0,4,4,0,0,0,0,0,a3466b645f13661dc9aafc5edd902b11e0e3439c5cc5d182da6f1f98ca644318
1,cpu-simulation-model,SIMULATION MODEL OUTPUT — NOT A GPU MEASUREMENT.,"All values are deterministic CPU simulation/model outputs. They do not measure GPU kernels, CUDA graphs, accelerator memory, power, or production throughput.",full,train,trace-replay,pb12-11-trace-replay-train,pb12-11-trace-replay-train/seed-0007,7,one-round-fidelity-model,2,2,1.0,1.81636,2.002012,0,4,4,0,0,0,0,0,0b3e0389a3faf7897f5f1258b09373ac4eccc0b92e2cc2d9318b28f7c400071f
1,cpu-simulation-model,SIMULATION MODEL OUTPUT — NOT A GPU MEASUREMENT.,"All values are deterministic CPU simulation/model outputs. They do not measure GPU kernels, CUDA graphs, accelerator memory, power, or production throughput.",full,train,trace-replay,pb12-11-trace-replay-train,pb12-11-trace-replay-train/seed-0008,8,one-round-fidelity-model,2,1,0.5,1.81636,2.002012,0,4,4,0,0,0,0,0,f32d4113fca05bf68e596ace83ca7978aedeb50a12d72602ca4896106f934f26
1,cpu-simulation-model,SIMULATION MODEL OUTPUT — NOT A GPU MEASUREMENT.,"All values are deterministic CPU simulation/model outputs. They do not measure GPU kernels, CUDA graphs, accelerator memory, power, or production throughput.",full,train,trace-replay,pb12-11-trace-replay-train,pb12-11-trace-replay-train/seed-0009,9,one-round-fidelity-model,2,1,0.5,1.81636,2.002012,0,4,4,0,0,0,0,0,c683a0fa7c4b353e792c6e0c28a44690144af98d790cfe578bc9b37924738deb
1,cpu-simulation-model,SIMULATION MODEL OUTPUT — NOT A GPU MEASUREMENT.,"All values are deterministic CPU simulation/model outputs. They do not measure GPU kernels, CUDA graphs, accelerator memory, power, or production throughput.",full,train,trace-replay,pb12-11-trace-replay-train,pb12-11-trace-replay-train/seed-0010,10,one-round-fidelity-model,2,0,0.0,1.81636,2.002012,0,4,4,0,0,0,0,0,d41f8b1f4ae212af765e3817308920f741b2924ba29927eac5ef91c670e53821
1,cpu-simulation-model,SIMULATION MODEL OUTPUT — NOT A GPU MEASUREMENT.,"All values are deterministic CPU simulation/model outputs. They do not measure GPU kernels, CUDA graphs, accelerator memory, power, or production throughput.",full,train,trace-replay,pb12-11-trace-replay-train,pb12-11-trace-replay-train/seed-0011,11,one-round-fidelity-model,2,0,0.0,1.81636,2.002012,0,4,4,0,0,0,0,0,b61376165e22511ab03e36db24b61a72be44bcc37726ade53502060feed6b5ba
1,cpu-simulation-model,SIMULATION MODEL OUTPUT — NOT A GPU MEASUREMENT.,"All values are deterministic CPU simulation/model outputs. They do not measure GPU kernels, CUDA graphs, accelerator memory, power, or production throughput.",full,train,trace-replay,pb12-11-trace-replay-train,pb12-11-trace-replay-train/seed-0012,12,one-round-fidelity-model,2,1,0.5,1.81636,2.002012,0,4,4,0,0,0,0,0,86945b5ff0371cb37519869ce0504e4e44482123eaee2b2d1b07034d376f55bd
1,cpu-simulation-model,SIMULATION MODEL OUTPUT — NOT A GPU MEASUREMENT.,"All values are deterministic CPU simulation/model outputs. They do not measure GPU kernels, CUDA graphs, accelerator memory, power, or production throughput.",full,train,trace-replay,pb12-11-trace-replay-train,pb12-11-trace-replay-train/seed-0013,13,one-round-fidelity-model,2,1,0.5,1.81636,2.002012,0,4,4,0,0,0,0,0,63085bc0259133fd82f622c62fd482b4e5ccf640685b094bd665bd31cbf690bd
1,cpu-simulation-model,SIMULATION MODEL OUTPUT — NOT A GPU MEASUREMENT.,"All values are deterministic CPU simulation/model outputs. They do not measure GPU kernels, CUDA graphs, accelerator memory, power, or production throughput.",full,train,trace-replay,pb12-11-trace-replay-train,pb12-11-trace-replay-train/seed-0014,14,one-round-fidelity-model,2,1,0.5,1.81636,2.002012,0,4,4,0,0,0,0,0,2360c300353eca3799a5cb2824c0ae228c4c9675e81bb4027f2b1ce11126795a
1,cpu-simulation-model,SIMULATION MODEL OUTPUT — NOT A GPU MEASUREMENT.,"All values are deterministic CPU simulation/model outputs. They do not measure GPU kernels, CUDA graphs, accelerator memory, power, or production throughput.",full,train,trace-replay,pb12-11-trace-replay-train,pb12-11-trace-replay-train/seed-0015,15,one-round-fidelity-model,2,1,0.5,1.81636,2.002012,0,4,4,0,0,0,0,0,d55a2e393c4a908e431a1e6efd8d33f344e87c1204ff3bf031d3e4375c92dc0c
1,cpu-simulation-model,SIMULATION MODEL OUTPUT — NOT A GPU MEASUREMENT.,"All values are deterministic CPU simulation/model outputs. They do not measure GPU kernels, CUDA graphs, accelerator memory, power, or production throughput.",full,train,trace-replay,pb12-11-trace-replay-train,pb12-11-trace-replay-train/seed-0016,16,one-round-fidelity-model,2,0,0.0,1.81636,2.002012,0,4,4,0,0,0,0,0,993b8272a642115f04d2015de60d83be9b0cfe11663dba6a22645de9a186423b
1,cpu-simulation-model,SIMULATION MODEL OUTPUT — NOT A GPU MEASUREMENT.,"All values are deterministic CPU simulation/model outputs. They do not measure GPU kernels, CUDA graphs, accelerator memory, power, or production throughput.",full,train,trace-replay,pb12-11-trace-replay-train,pb12-11-trace-replay-train/seed-0017,17,one-round-fidelity-model,2,0,0.0,1.81636,2.002012,0,4,4,0,0,0,0,0,08ace2542e5c483d2af745c27759da96dc47644f8c4c0a92ad55fbd522822871
1,cpu-simulation-model,SIMULATION MODEL OUTPUT — NOT A GPU MEASUREMENT.,"All values are deterministic CPU simulation/model outputs. They do not measure GPU kernels, CUDA graphs, accelerator memory, power, or production throughput.",full,train,trace-replay,pb12-11-trace-replay-train,pb12-11-trace-replay-train/seed-0018,18,one-round-fidelity-model,2,1,0.5,1.81636,2.002012,0,4,4,0,0,0,0,0,c2ded48b9d4d5743fc6451f257535aa001fef0cf008efd6d13a85bfbc71a2ea3
1,cpu-simulation-model,SIMULATION MODEL OUTPUT — NOT A GPU MEASUREMENT.,"All values are deterministic CPU simulation/model outputs. They do not measure GPU kernels, CUDA graphs, accelerator memory, power, or production throughput.",full,train,trace-replay,pb12-11-trace-replay-train,pb12-11-trace-replay-train/seed-0019,19,one-round-fidelity-model,2,2,1.0,1.81636,2.002012,0,4,4,0,0,0,0,0,43773795f43c98e0c9375d62c24e9c0acb435b9327fcf8126354176a0cf5aec9
1,cpu-simulation-model,SIMULATION MODEL OUTPUT — NOT A GPU MEASUREMENT.,"All values are deterministic CPU simulation/model outputs. They do not measure GPU kernels, CUDA graphs, accelerator memory, power, or production throughput.",full,train,trace-replay,pb12-11-trace-replay-train,pb12-11-trace-replay-train/seed-0020,20,one-round-fidelity-model,2,0,0.0,1.81636,2.002012,0,4,4,0,0,0,0,0,a43bc94febd111919fd7bf6153cf287eccb8ba5edf25a41c6ed42f89921257df
1,cpu-simulation-model,SIMULATION MODEL OUTPUT — NOT A GPU MEASUREMENT.,"All values are deterministic CPU simulation/model outputs. They do not measure GPU kernels, CUDA graphs, accelerator memory, power, or production throughput.",full,train,trace-replay,pb12-11-trace-replay-train,pb12-11-trace-replay-train/seed-0021,21,one-round-fidelity-model,2,0,0.0,1.81636,2.002012,0,4,4,0,0,0,0,0,2cf428ed058a333925417baba2548ffccac88d7fa9a5d817470f6cb3f7d72ce0
1,cpu-simulation-model,SIMULATION MODEL OUTPUT — NOT A GPU MEASUREMENT.,"All values are deterministic CPU simulation/model outputs. They do not measure GPU kernels, CUDA graphs, accelerator memory, power, or production throughput.",full,train,trace-replay,pb12-11-trace-replay-train,pb12-11-trace-replay-train/seed-0022,22,one-round-fidelity-model,2,1,0.5,1.81636,2.002012,0,4,4,0,0,0,0,0,c7829141c96e7da163b46e6c9aadbad6f9d8e2e818f7baa8693fb1157faacf7e
1,cpu-simulation-model,SIMULATION MODEL OUTPUT — NOT A GPU MEASUREMENT.,"All values are deterministic CPU simulation/model outputs. They do not measure GPU kernels, CUDA graphs, accelerator memory, power, or production throughput.",full,train,trace-replay,pb12-11-trace-replay-train,pb12-11-trace-replay-train/seed-0023,23,one-round-fidelity-model,2,2,1.0,1.81636,2.002012,0,4,4,0,0,0,0,0,95d115a240ca42429e85a2648f21c68a5324957469dc44f31d7732d09f8ede5f
1,cpu-simulation-model,SIMULATION MODEL OUTPUT — NOT A GPU MEASUREMENT.,"All values are deterministic CPU simulation/model outputs. They do not measure GPU kernels, CUDA graphs, accelerator memory, power, or production throughput.",full,train,trace-replay,pb12-11-trace-replay-train,pb12-11-trace-replay-train/seed-0024,24,one-round-fidelity-model,2,2,1.0,1.81636,2.002012,0,4,4,0,0,0,0,0,679f889646a97207f3d8659dc7e3bb80c18e540cbaa9c548131c1ef41176340e
1,cpu-simulation-model,SIMULATION MODEL OUTPUT — NOT A GPU MEASUREMENT.,"All values are deterministic CPU simulation/model outputs. They do not measure GPU kernels, CUDA graphs, accelerator memory, power, or production throughput.",full,train,trace-replay,pb12-11-trace-replay-train,pb12-11-trace-replay-train/seed-0025,25,one-round-fidelity-model,2,2,1.0,1.81636,2.002012,0,4,4,0,0,0,0,0,96434f29554a421b5e2a3a2b6205262ce985c16100ffb4910ff92929d000ac92
1,cpu-simulation-model,SIMULATION MODEL OUTPUT — NOT A GPU MEASUREMENT.,"All values are deterministic CPU simulation/model outputs. They do not measure GPU kernels, CUDA graphs, accelerator memory, power, or production throughput.",full,train,trace-replay,pb12-11-trace-replay-train,pb12-11-trace-replay-train/seed-0026,26,one-round-fidelity-model,2,1,0.5,1.81636,2.002012,0,4,4,0,0,0,0,0,76d241a2024cc274b2337e0f02764ab8f10b6bf55e5d2e8ba8db42a0a61dcacb
1,cpu-simulation-model,SIMULATION MODEL OUTPUT — NOT A GPU MEASUREMENT.,"All values are deterministic CPU simulation/model outputs. They do not measure GPU kernels, CUDA graphs, accelerator memory, power, or production throughput.",full,train,trace-replay,pb12-11-trace-replay-train,pb12-11-trace-replay-train/seed-0027,27,one-round-fidelity-model,2,1,0.5,1.81636,2.002012,0,4,4,0,0,0,0,0,099e62e929e51d44cb1370111898cf9c07e03f9cd8535435d77661b4b1e41bf7
1,cpu-simulation-model,SIMULATION MODEL OUTPUT — NOT A GPU MEASUREMENT.,"All values are deterministic CPU simulation/model outputs. They do not measure GPU kernels, CUDA graphs, accelerator memory, power, or production throughput.",full,train,trace-replay,pb12-11-trace-replay-train,pb12-11-trace-replay-train/seed-0028,28,one-round-fidelity-model,2,1,0.5,1.81636,2.002012,0,4,4,0,0,0,0,0,4108e56f0d95af3cd287f50d1ebf29ffd96b4820fe38612a1edfaee410295739
1,cpu-simulation-model,SIMULATION MODEL OUTPUT — NOT A GPU MEASUREMENT.,"All values are deterministic CPU simulation/model outputs. They do not measure GPU kernels, CUDA graphs, accelerator memory, power, or production throughput.",full,train,trace-replay,pb12-11-trace-replay-train,pb12-11-trace-replay-train/seed-0029,29,one-round-fidelity-model,2,2,1.0,1.81636,2.002012,0,4,4,0,0,0,0,0,0c53f77107d1cc5a5e3b12a67f7e4434be60a50e942409f45531e479481dd2d7
1,cpu-simulation-model,SIMULATION MODEL OUTPUT — NOT A GPU MEASUREMENT.,"All values are deterministic CPU simulation/model outputs. They do not measure GPU kernels, CUDA graphs, accelerator memory, power, or production throughput.",full,validation,trace-replay,pb12-12-trace-replay-validation,pb12-12-trace-replay-validation/seed-0000,0,one-round-fidelity-model,2,1,0.5,2.03568,2.698656,0,2,2,0,0,0,0,0,0cb2e35b7902c052fe86c4b94e76046d32c6abb11228b4f05abcfc2cdc686533
1,cpu-simulation-model,SIMULATION MODEL OUTPUT — NOT A GPU MEASUREMENT.,"All values are deterministic CPU simulation/model outputs. They do not measure GPU kernels, CUDA graphs, accelerator memory, power, or production throughput.",full,validation,trace-replay,pb12-12-trace-replay-validation,pb12-12-trace-replay-validation/seed-0001,1,one-round-fidelity-model,2,0,0.0,2.03568,2.698656,0,2,2,0,0,0,0,0,b0cb67e63232c43d39f5e3859eaf308753d944e796f199fd1faccd018572edbd
1,cpu-simulation-model,SIMULATION MODEL OUTPUT — NOT A GPU MEASUREMENT.,"All values are deterministic CPU simulation/model outputs. They do not measure GPU kernels, CUDA graphs, accelerator memory, power, or production throughput.",full,validation,trace-replay,pb12-12-trace-replay-validation,pb12-12-trace-replay-validation/seed-0002,2,one-round-fidelity-model,2,0,0.0,2.03568,2.698656,0,2,2,0,0,0,0,0,edcc9aef09509dae79695d9f204e3a6a0d31ff386be891fea5820c0115a7b21e
1,cpu-simulation-model,SIMULATION MODEL OUTPUT — NOT A GPU MEASUREMENT.,"All values are deterministic CPU simulation/model outputs. They do not measure GPU kernels, CUDA graphs, accelerator memory, power, or production throughput.",full,validation,trace-replay,pb12-12-trace-replay-validation,pb12-12-trace-replay-validation/seed-0003,3,one-round-fidelity-model,2,1,0.5,2.03568,2.698656,0,2,2,0,0,0,0,0,6d5e16011a406a6525b27e89adbdd6a11c265eee53c260d1e4bda7fecdfab6b5
1,cpu-simulation-model,SIMULATION MODEL OUTPUT — NOT A GPU MEASUREMENT.,"All values are deterministic CPU simulation/model outputs. They do not measure GPU kernels, CUDA graphs, accelerator memory, power, or production throughput.",full,validation,trace-replay,pb12-12-trace-replay-validation,pb12-12-trace-replay-validation/seed-0004,4,one-round-fidelity-model,2,2,1.0,2.03568,2.698656,0,2,2,0,0,0,0,0,e19e7878835b84893dfeace95b8f74588c7cd017a34bf3f53b6566ec3cfe6905
1,cpu-simulation-model,SIMULATION MODEL OUTPUT — NOT A GPU MEASUREMENT.,"All values are deterministic CPU simulation/model outputs. They do not measure GPU kernels, CUDA graphs, accelerator memory, power, or production throughput.",full,validation,trace-replay,pb12-12-trace-replay-validation,pb12-12-trace-replay-validation/seed-0005,5,one-round-fidelity-model,2,2,1.0,2.03568,2.698656,0,2,2,0,0,0,0,0,085347f1e9057f40ced17d14e71592a34251dcfa135efb90bb5e310528c72f90
1,cpu-simulation-model,SIMULATION MODEL OUTPUT — NOT A GPU MEASUREMENT.,"All values are deterministic CPU simulation/model outputs. They do not measure GPU kernels, CUDA graphs, accelerator memory, power, or production throughput.",full,validation,trace-replay,pb12-12-trace-replay-validation,pb12-12-trace-replay-validation/seed-0006,6,one-round-fidelity-model,2,1,0.5,2.03568,2.698656,0,2,2,0,0,0,0,0,71785e45a611d80947896bf6b094a04d08f807de2debb6054b5aef9e422e83db
1,cpu-simulation-model,SIMULATION MODEL OUTPUT — NOT A GPU MEASUREMENT.,"All values are deterministic CPU simulation/model outputs. They do not measure GPU kernels, CUDA graphs, accelerator memory, power, or production throughput.",full,validation,trace-replay,pb12-12-trace-replay-validation,pb12-12-trace-replay-validation/seed-0007,7,one-round-fidelity-model,2,1,0.5,2.03568,2.698656,0,2,2,0,0,0,0,0,c42426929ff836467f1600e6178cc928a4f473d4f2011c0d7fc69438ec1b23bd
1,cpu-simulation-model,SIMULATION MODEL OUTPUT — NOT A GPU MEASUREMENT.,"All values are deterministic CPU simulation/model outputs. They do not measure GPU kernels, CUDA graphs, accelerator memory, power, or production throughput.",full,validation,trace-replay,pb12-12-trace-replay-validation,pb12-12-trace-replay-validation/seed-0008,8,one-round-fidelity-model,2,2,1.0,2.03568,2.698656,0,2,2,0,0,0,0,0,60e21fc3754b9e07934403bd0ff97e48f17dce3cc6cd6ceed6f6901bf4c0dbbc
1,cpu-simulation-model,SIMULATION MODEL OUTPUT — NOT A GPU MEASUREMENT.,"All values are deterministic CPU simulation/model outputs. They do not measure GPU kernels, CUDA graphs, accelerator memory, power, or production throughput.",full,validation,trace-replay,pb12-12-trace-replay-validation,pb12-12-trace-replay-validation/seed-0009,9,one-round-fidelity-model,2,2,1.0,2.03568,2.698656,0,2,2,0,0,0,0,0,0ca9ab08737bcc70e57807b00b5d444cce4812592c37afe726e8da073d8e6a33
1,cpu-simulation-model,SIMULATION MODEL OUTPUT — NOT A GPU MEASUREMENT.,"All values are deterministic CPU simulation/model outputs. They do not measure GPU kernels, CUDA graphs, accelerator memory, power, or production throughput.",full,validation,trace-replay,pb12-12-trace-replay-validation,pb12-12-trace-replay-validation/seed-0010,10,one-round-fidelity-model,2,2,1.0,2.03568,2.698656,0,2,2,0,0,0,0,0,eb7569fec8fef2c25c41d40928af966ec83811fc11ff0eceef5b096a3343103c
1,cpu-simulation-model,SIMULATION MODEL OUTPUT — NOT A GPU MEASUREMENT.,"All values are deterministic CPU simulation/model outputs. They do not measure GPU kernels, CUDA graphs, accelerator memory, power, or production throughput.",full,validation,trace-replay,pb12-12-trace-replay-validation,pb12-12-trace-replay-validation/seed-0011,11,one-round-fidelity-model,2,2,1.0,2.03568,2.698656,0,2,2,0,0,0,0,0,28a1cc9729d860afe3010fc0b9fc749af09f6966bd4b971b2efaf78092bb5a37
1,cpu-simulation-model,SIMULATION MODEL OUTPUT — NOT A GPU MEASUREMENT.,"All values are deterministic CPU simulation/model outputs. They do not measure GPU kernels, CUDA graphs, accelerator memory, power, or production throughput.",full,validation,trace-replay,pb12-12-trace-replay-validation,pb12-12-trace-replay-validation/seed-0012,12,one-round-fidelity-model,2,0,0.0,2.03568,2.698656,0,2,2,0,0,0,0,0,57d91dd3d966e463f6a0302f4bb3cdb4c754842df1c5b326e9bee6f203406458
1,cpu-simulation-model,SIMULATION MODEL OUTPUT — NOT A GPU MEASUREMENT.,"All values are deterministic CPU simulation/model outputs. They do not measure GPU kernels, CUDA graphs, accelerator memory, power, or production throughput.",full,validation,trace-replay,pb12-12-trace-replay-validation,pb12-12-trace-replay-validation/seed-0013,13,one-round-fidelity-model,2,1,0.5,2.03568,2.698656,0,2,2,0,0,0,0,0,3cc77361d805c190c69fc9808cd7e711b7075659b90547641bd1847e818e18e4
1,cpu-simulation-model,SIMULATION MODEL OUTPUT — NOT A GPU MEASUREMENT.,"All values are deterministic CPU simulation/model outputs. They do not measure GPU kernels, CUDA graphs, accelerator memory, power, or production throughput.",full,validation,trace-replay,pb12-12-trace-replay-validation,pb12-12-trace-replay-validation/seed-0014,14,one-round-fidelity-model,2,2,1.0,2.03568,2.698656,0,2,2,0,0,0,0,0,97ee2b515742a9903e96a115867e8f9b1bfbd382eaaf00e476e8d4c314e4d125
1,cpu-simulation-model,SIMULATION MODEL OUTPUT — NOT A GPU MEASUREMENT.,"All values are deterministic CPU simulation/model outputs. They do not measure GPU kernels, CUDA graphs, accelerator memory, power, or production throughput.",full,validation,trace-replay,pb12-12-trace-replay-validation,pb12-12-trace-replay-validation/seed-0015,15,one-round-fidelity-model,2,1,0.5,2.03568,2.698656,0,2,2,0,0,0,0,0,594f827275bd3bf9e512b88359ac4a68c0a69168032e24e8a8392a32e0304c20
1,cpu-simulation-model,SIMULATION MODEL OUTPUT — NOT A GPU MEASUREMENT.,"All values are deterministic CPU simulation/model outputs. They do not measure GPU kernels, CUDA graphs, accelerator memory, power, or production throughput.",full,validation,trace-replay,pb12-12-trace-replay-validation,pb12-12-trace-replay-validation/seed-0016,16,one-round-fidelity-model,2,1,0.5,2.03568,2.698656,0,2,2,0,0,0,0,0,2619017aae84694e35fde5fcbabe40658da3553fc010445d972b9f5c53827434
1,cpu-simulation-model,SIMULATION MODEL OUTPUT — NOT A GPU MEASUREMENT.,"All values are deterministic CPU simulation/model outputs. They do not measure GPU kernels, CUDA graphs, accelerator memory, power, or production throughput.",full,validation,trace-replay,pb12-12-trace-replay-validation,pb12-12-trace-replay-validation/seed-0017,17,one-round-fidelity-model,2,2,1.0,2.03568,2.698656,0,2,2,0,0,0,0,0,4619349866a73d74313ff0fd92f22f7c96a5c6d4650f26e238850ae94a99c8fd
1,cpu-simulation-model,SIMULATION MODEL OUTPUT — NOT A GPU MEASUREMENT.,"All values are deterministic CPU simulation/model outputs. They do not measure GPU kernels, CUDA graphs, accelerator memory, power, or production throughput.",full,validation,trace-replay,pb12-12-trace-replay-validation,pb12-12-trace-replay-validation/seed-0018,18,one-round-fidelity-model,2,2,1.0,2.03568,2.698656,0,2,2,0,0,0,0,0,bc1aedbe03b3f6cdd4b6bb35aa25653ea0216d86744a4484f78a8e8a0d43f3ff
1,cpu-simulation-model,SIMULATION MODEL OUTPUT — NOT A GPU MEASUREMENT.,"All values are deterministic CPU simulation/model outputs. They do not measure GPU kernels, CUDA graphs, accelerator memory, power, or production throughput.",full,validation,trace-replay,pb12-12-trace-replay-validation,pb12-12-trace-replay-validation/seed-0019,19,one-round-fidelity-model,2,2,1.0,2.03568,2.698656,0,2,2,0,0,0,0,0,f42bdd1d2c2047e998f202d8b36ba04e6cca21149322fa582f983fbc9630d237
1,cpu-simulation-model,SIMULATION MODEL OUTPUT — NOT A GPU MEASUREMENT.,"All values are deterministic CPU simulation/model outputs. They do not measure GPU kernels, CUDA graphs, accelerator memory, power, or production throughput.",full,validation,trace-replay,pb12-12-trace-replay-validation,pb12-12-trace-replay-validation/seed-0020,20,one-round-fidelity-model,2,1,0.5,2.03568,2.698656,0,2,2,0,0,0,0,0,ce242500b3dccfbd4a459a265d8ec92b669b514794d04a4e8b74925b7a8649cd
1,cpu-simulation-model,SIMULATION MODEL OUTPUT — NOT A GPU MEASUREMENT.,"All values are deterministic CPU simulation/model outputs. They do not measure GPU kernels, CUDA graphs, accelerator memory, power, or production throughput.",full,validation,trace-replay,pb12-12-trace-replay-validation,pb12-12-trace-replay-validation/seed-0021,21,one-round-fidelity-model,2,1,0.5,2.03568,2.698656,0,2,2,0,0,0,0,0,0d888dae9d55661e4385fdcd8f68dcc4aa25c6e4d2c4918a9af80f0f732a1f91
1,cpu-simulation-model,SIMULATION MODEL OUTPUT — NOT A GPU MEASUREMENT.,"All values are deterministic CPU simulation/model outputs. They do not measure GPU kernels, CUDA graphs, accelerator memory, power, or production throughput.",full,validation,trace-replay,pb12-12-trace-replay-validation,pb12-12-trace-replay-validation/seed-0022,22,one-round-fidelity-model,2,1,0.5,2.03568,2.698656,0,2,2,0,0,0,0,0,eb461b4d8b6b9ea5bd260bdeabcc8a0786bdc528590808d50825e2633fdf7778
1,cpu-simulation-model,SIMULATION MODEL OUTPUT — NOT A GPU MEASUREMENT.,"All values are deterministic CPU simulation/model outputs. They do not measure GPU kernels, CUDA graphs, accelerator memory, power, or production throughput.",full,validation,trace-replay,pb12-12-trace-replay-validation,pb12-12-trace-replay-validation/seed-0023,23,one-round-fidelity-model,2,1,0.5,2.03568,2.698656,0,2,2,0,0,0,0,0,122492f9cc4d0a866b0ec20846444530336400b659134e51b66aace933543feb
1,cpu-simulation-model,SIMULATION MODEL OUTPUT — NOT A GPU MEASUREMENT.,"All values are deterministic CPU simulation/model outputs. They do not measure GPU kernels, CUDA graphs, accelerator memory, power, or production throughput.",full,validation,trace-replay,pb12-12-trace-replay-validation,pb12-12-trace-replay-validation/seed-0024,24,one-round-fidelity-model,2,1,0.5,2.03568,2.698656,0,2,2,0,0,0,0,0,587f527cf920bc998bd74214f4f6434db975237c875440ff49733fce966b503f
1,cpu-simulation-model,SIMULATION MODEL OUTPUT — NOT A GPU MEASUREMENT.,"All values are deterministic CPU simulation/model outputs. They do not measure GPU kernels, CUDA graphs, accelerator memory, power, or production throughput.",full,validation,trace-replay,pb12-12-trace-replay-validation,pb12-12-trace-replay-validation/seed-0025,25,one-round-fidelity-model,2,1,0.5,2.03568,2.698656,0,2,2,0,0,0,0,0,a1b9b53f1cc93881a59162f81afc6c360b668eff6b2947b9ffee870126470ec5
1,cpu-simulation-model,SIMULATION MODEL OUTPUT — NOT A GPU MEASUREMENT.,"All values are deterministic CPU simulation/model outputs. They do not measure GPU kernels, CUDA graphs, accelerator memory, power, or production throughput.",full,validation,trace-replay,pb12-12-trace-replay-validation,pb12-12-trace-replay-validation/seed-0026,26,one-round-fidelity-model,2,2,1.0,2.03568,2.698656,0,2,2,0,0,0,0,0,87aec7739e6b6875dcc57382e0e8315c96beb835c5f6f809a1db68d780d9317d
1,cpu-simulation-model,SIMULATION MODEL OUTPUT — NOT A GPU MEASUREMENT.,"All values are deterministic CPU simulation/model outputs. They do not measure GPU kernels, CUDA graphs, accelerator memory, power, or production throughput.",full,validation,trace-replay,pb12-12-trace-replay-validation,pb12-12-trace-replay-validation/seed-0027,27,one-round-fidelity-model,2,1,0.5,2.03568,2.698656,0,2,2,0,0,0,0,0,af9c4b146d5aeb194fc04bdb1891bc13833bc924347555ce1013050ce70bd381
1,cpu-simulation-model,SIMULATION MODEL OUTPUT — NOT A GPU MEASUREMENT.,"All values are deterministic CPU simulation/model outputs. They do not measure GPU kernels, CUDA graphs, accelerator memory, power, or production throughput.",full,validation,trace-replay,pb12-12-trace-replay-validation,pb12-12-trace-replay-validation/seed-0028,28,one-round-fidelity-model,2,0,0.0,2.03568,2.698656,0,2,2,0,0,0,0,0,5f0833c47c0f9dd15c491803b8db5b33e1a84ee9144200c961c61087f18d5262
1,cpu-simulation-model,SIMULATION MODEL OUTPUT — NOT A GPU MEASUREMENT.,"All values are deterministic CPU simulation/model outputs. They do not measure GPU kernels, CUDA graphs, accelerator memory, power, or production throughput.",full,validation,trace-replay,pb12-12-trace-replay-validation,pb12-12-trace-replay-validation/seed-0029,29,one-round-fidelity-model,2,1,0.5,2.03568,2.698656,0,2,2,0,0,0,0,0,a6597402002a49d1d9ea700f7dce10ab8abfdd056fbaa3d63d350ead018c8aab
